{
  "pools": [
    {
      "rolls": {
        "min": 1,
        "max": 3
      },
      "entries": [
        {
          "type": "minecraft:loot_table",
          "weight": 4,
          "name": "divine_dimension:items/food/xp_shard_magic"
        },
        {
          "type": "minecraft:loot_table",
          "weight": 2,
          "name": "divine_dimension:items/food/xp_shard_power"
        },
        {
          "type": "minecraft:loot_table",
          "weight": 4,
          "name": "divine_dimension:items/food/xp_shard_speed"
        },
        {
          "type": "minecraft:loot_table",
          "weight": 12,
          "name": "divine_dimension:items/food/xp_shard_strength"
        },
        {
          "type": "minecraft:loot_table",
          "weight": 4,
          "name": "minecraft:empty"
        }
      ]
    }
  ]
}
