{
    "name": "Map Chest",
    "rarity": 1,
    "loot": [
        {
            "type": "paper",
            "maxAmount": 10,
            "minAmount": 1,
            "rarity": 1,
            "slotTypes": "STORAGE"
        },
        {
            "type": "feather",
            "maxAmount": 5,
            "minAmount": 1,
            "rarity": 2,
            "slotTypes": "STORAGE"
        },
        {
            "type": "book",
            "maxAmount": 5,
            "minAmount": 1,
            "rarity": 3,
            "slottypes": "STORAGE"
        },
        {
            "type": "clock",
            "maxamount": 1,
            "rarity": 12,
            "slottypes": "STORAGE"
        },
        {
            "type": "compass",
            "maxamount": 1,
            "rarity": 12,
            "slottypes": "STORAGE"
        },
        {
            "type": "map",
            "maxamount": 1,
            "rarity": 12,
            "slottypes": "STORAGE"
        }
    ]
}
