{
    "name": "Supply Chest",
    "rarity": 1,
    "loot": [
        {
            "type": "suspicious_stew",
            "maxAmount": 1,
            "rarity": 2,
            "slotTypes": "STORAGE"
        },
        {
            "type": "paper",
            "maxAmount": 12,
            "minAmount": 1,
            "rarity": 2,
            "slotTypes": "STORAGE"
        },
        {
            "type": "wheat",
            "maxAmount": 21,
            "minAmount": 8,
            "rarity": 2,
            "slottypes": "STORAGE"
        },
        {
            "type": "carrot",
            "maxamount": 8,
            "minAmount": 4,
            "rarity": 2,
            "slottypes": "STORAGE"
        },
        {
            "type": "poisonous_potato",
            "maxamount": 6,
            "minAmount": 2,
            "rarity": 2,
            "slottypes": "STORAGE"
        },
        {
            "type": "potato",
            "maxamount": 6,
            "minAmount": 2,
            "rarity": 2,
            "slottypes": "STORAGE"
        },
        {
            "type": "moss_block",
            "maxamount": 4,
            "minAmount": 1,
            "rarity": 3,
            "slottypes": "STORAGE"
        },
        {
            "type": "coal",
            "maxamount": 8,
            "minAmount": 2,
            "rarity": 3,
            "slottypes": "STORAGE"
        },
        {
            "type": "rotten_flesh",
            "maxamount": 24,
            "minAmount": 5,
            "rarity": 3,
            "slottypes": "STORAGE"
        },
        {
            "type": "gunpowder",
            "maxamount": 5,
            "minAmount": 1,
            "rarity": 5,
            "slottypes": "STORAGE"
        },
        {
            "type": "leather_helmet",
            "maxamount": 1,
            "rarity": 5,
            "slottypes": "STORAGE"
        },
        {
            "type": "leather_chestplate",
            "maxamount": 1,
            "rarity": 5,
            "slottypes": "STORAGE"
        },
        {
            "type": "leather_leggings",
            "maxamount": 1,
            "rarity": 5,
            "slottypes": "STORAGE"
        },
        {
            "type": "leather_boots",
            "maxamount": 1,
            "rarity": 5,
            "slottypes": "STORAGE"
        },
        {
            "type": "bamboo",
            "maxamount": 3,
            "minAmount": 1,
            "rarity": 5,
            "slottypes": "STORAGE"
        },
        {
            "type": "pumpkin",
            "maxamount": 3,
            "minAmount": 1,
            "rarity": 6,
            "slottypes": "STORAGE"
        },
        {
            "type": "tnt",
            "maxamount": 2,
            "minAmount": 1,
            "rarity": 13,
            "slottypes": "STORAGE"
        }
    ]
}
