{
    "connectors": [{
        "targetName": "*",
        "innerConnector": false,
        "entityCount": 1,
        "rotateConnector": false,
        "name": "",
        "position": {
            "x": -10,
            "y": -6,
            "z": 0
        },
        "direction": "WEST_NEGATIVE_X"
    }],
    "placementOptions": {
        "overStilt": 0,
        "chance": 1,
        "meld": false,
        "density": 1,
        "boreExtendMinY": 0,
        "edit": [
            {
                "chance": 0.3,
                "find": [{
                    "debug": false,
                    "data": {},
                    "weight": 1,
                    "block": "minecraft:cobweb",
                    "key": "minecraft"
                }],
                "replace": {
                    "style": {
                        "multiplier": 1,
                        "style": "STATIC",
                        "zoom": 1,
                        "maxFractureAccuracy": false,
                        "exponent": 1
                    },
                    "zoom": 5,
                    "palette": [{
                        "debug": false,
                        "data": {},
                        "weight": 1,
                        "block": "minecraft:void_air",
                        "key": "minecraft"
                    }]
                },
                "exact": false
            },
            {
                "chance": 0.2,
                "find": [{
                    "debug": false,
                    "data": {},
                    "weight": 1,
                    "block": "minecraft:bookshelf",
                    "key": "minecraft"
                }],
                "replace": {
                    "style": {
                        "multiplier": 1,
                        "style": "STATIC",
                        "zoom": 1,
                        "maxFractureAccuracy": false,
                        "exponent": 1
                    },
                    "zoom": 5,
                    "palette": [{
                        "debug": false,
                        "data": {},
                        "weight": 1,
                        "block": "minecraft:oak_planks",
                        "key": "minecraft"
                    }]
                },
                "exact": false
            },
            {
                "chance": 0.7,
                "find": [{
                    "debug": false,
                    "data": {},
                    "weight": 1,
                    "block": "minecraft:chest",
                    "key": "minecraft"
                }],
                "replace": {
                    "style": {
                        "multiplier": 1,
                        "style": "STATIC",
                        "zoom": 1,
                        "maxFractureAccuracy": false,
                        "exponent": 1
                    },
                    "zoom": 5,
                    "palette": [{
                        "debug": false,
                        "data": {},
                        "weight": 1,
                        "block": "minecraft:void_air",
                        "key": "minecraft"
                    }]
                },
                "exact": false
            },
            {
                "chance": 0.3,
                "find": [{
                    "debug": false,
                    "data": {},
                    "weight": 1,
                    "block": "minecraft:stone_bricks",
                    "key": "minecraft"
                }],
                "replace": {
                    "style": {
                        "multiplier": 1,
                        "style": "STATIC",
                        "zoom": 1,
                        "maxFractureAccuracy": false,
                        "exponent": 1
                    },
                    "zoom": 5,
                    "palette": [
                        {
                            "debug": false,
                            "data": {},
                            "weight": 1,
                            "block": "minecraft:mossy_stone_bricks",
                            "key": "minecraft"
                        },
                        {
                            "debug": false,
                            "data": {},
                            "weight": 1,
                            "block": "minecraft:cracked_stone_bricks",
                            "key": "minecraft"
                        }
                    ]
                },
                "exact": false
            },
            {
                "chance": 0.6,
                "find": [{"block": "minecraft:lectern"}],
                "replace": {"palette": [{
                    "block": "minecraft:lectern",
                    "data": {"has_book": "true"}
                }]}
            }
        ],
        "bottom": false,
        "translateCenter": false,
        "rotation": {
            "yAxis": {
                "min": 0,
                "max": 270,
                "interval": 90,
                "enabled": true
            },
            "xAxis": {
                "min": 0,
                "max": 0,
                "interval": 0,
                "enabled": false
            },
            "zAxis": {
                "min": 0,
                "max": 0,
                "interval": 0,
                "enabled": false
            },
            "enabled": true
        },
        "boreExtendMaxY": 0,
        "smartBore": false,
        "waterloggable": false,
        "bore": false,
        "translate": {
            "yRandom": 0,
            "x": 0,
            "y": 0,
            "z": 0
        },
        "mode": "FAST_MAX_HEIGHT",
        "carvingSupport": "SURFACE_ONLY",
        "snow": 0,
        "underwater": false,
        "onwater": false,
        "clamp": {
            "minimumHeight": 0,
            "maximumHeight": 255
        },
        "warp": {
            "multiplier": 1,
            "style": "FLAT",
            "zoom": 1,
            "maxFractureAccuracy": false,
            "exponent": 1
        }
    },
    "object": "jigsaw/stronghold/rooms/library-large"
}
