{"textures":{"0":"modelengine:entity/monkey"},"elements":[{"from":[7.0,1.0,7.0],"to":[9.0,10.0,10.0],"faces":{"east":{"uv":[0.0,4.75,0.75,7.0],"tintindex":0,"rotation":0,"texture":"#0"},"south":{"uv":[2.0,4.75,2.5,7.0],"tintindex":0,"rotation":0,"texture":"#0"},"north":{"uv":[0.75,4.75,1.25,7.0],"tintindex":0,"rotation":0,"texture":"#0"},"west":{"uv":[1.25,4.75,2.0,7.0],"tintindex":0,"rotation":0,"texture":"#0"},"up":{"uv":[1.25,4.75,0.75,4.0],"tintindex":0,"rotation":0,"texture":"#0"},"down":{"uv":[1.75,4.0,1.25,4.75],"tintindex":0,"rotation":0,"texture":"#0"}}}],"display":{"gui":{"rotation":[30,225,0]}}}