{"textures":{"0":"modelengine:entity/monkey"},"elements":[{"from":[5.0,6.0,3.0],"to":[11.0,11.0,14.0],"faces":{"east":{"uv":[0.0,2.75,2.75,4.0],"tintindex":0,"rotation":0,"texture":"#0"},"south":{"uv":[7.0,2.75,8.5,4.0],"tintindex":0,"rotation":0,"texture":"#0"},"north":{"uv":[2.75,2.75,4.25,4.0],"tintindex":0,"rotation":0,"texture":"#0"},"west":{"uv":[4.25,2.75,7.0,4.0],"tintindex":0,"rotation":0,"texture":"#0"},"up":{"uv":[4.25,2.75,2.75,0.0],"tintindex":0,"rotation":0,"texture":"#0"},"down":{"uv":[5.75,0.0,4.25,2.75],"tintindex":0,"rotation":0,"texture":"#0"}}}],"display":{"gui":{"rotation":[30,225,0]}}}