{"textures":{"0":"modelengine:entity/monkey"},"elements":[{"from":[6.0,6.0,1.0],"to":[10.0,9.0,2.0],"faces":{"east":{"uv":[3.75,15.25,4.0,16.0],"tintindex":0,"rotation":0,"texture":"#0"},"south":{"uv":[5.25,15.25,6.25,16.0],"tintindex":0,"rotation":0,"texture":"#0"},"north":{"uv":[4.0,15.25,5.0,16.0],"tintindex":0,"rotation":0,"texture":"#0"},"west":{"uv":[5.0,15.25,5.25,16.0],"tintindex":0,"rotation":0,"texture":"#0"},"up":{"uv":[5.0,15.25,4.0,15.0],"tintindex":0,"rotation":0,"texture":"#0"},"down":{"uv":[6.0,15.0,5.0,15.25],"tintindex":0,"rotation":0,"texture":"#0"}}},{"from":[5.0,6.0,3.0],"to":[11.0,13.0,8.0],"faces":{"east":{"uv":[0.0,10.25,1.25,12.0],"tintindex":0,"rotation":0,"texture":"#0"},"south":{"uv":[4.0,10.25,5.5,12.0],"tintindex":0,"rotation":0,"texture":"#0"},"north":{"uv":[1.25,10.25,2.75,12.0],"tintindex":0,"rotation":0,"texture":"#0"},"west":{"uv":[2.75,10.25,4.0,12.0],"tintindex":0,"rotation":0,"texture":"#0"},"up":{"uv":[2.75,10.25,1.25,9.0],"tintindex":0,"rotation":0,"texture":"#0"},"down":{"uv":[4.25,9.0,2.75,10.25],"tintindex":0,"rotation":0,"texture":"#0"}}},{"from":[6.0,6.0,2.0],"to":[10.0,9.0,3.0],"faces":{"east":{"uv":[7.25,15.25,7.5,16.0],"tintindex":0,"rotation":0,"texture":"#0"},"south":{"uv":[8.75,15.25,9.75,16.0],"tintindex":0,"rotation":0,"texture":"#0"},"north":{"uv":[7.5,15.25,8.5,16.0],"tintindex":0,"rotation":0,"texture":"#0"},"west":{"uv":[8.5,15.25,8.75,16.0],"tintindex":0,"rotation":0,"texture":"#0"},"up":{"uv":[8.5,15.25,7.5,15.0],"tintindex":0,"rotation":0,"texture":"#0"},"down":{"uv":[9.5,15.0,8.5,15.25],"tintindex":0,"rotation":0,"texture":"#0"}}},{"from":[3.0,7.0,6.0],"to":[5.0,10.0,6.0],"faces":{"south":{"uv":[7.25,12.5,7.75,13.25],"tintindex":0,"rotation":0,"texture":"#0"},"north":{"uv":[6.75,12.5,7.25,13.25],"tintindex":0,"rotation":0,"texture":"#0"}}},{"from":[11.0,7.0,6.0],"to":[13.0,10.0,6.0],"faces":{"south":{"uv":[4.0,12.75,4.5,13.5],"tintindex":0,"rotation":0,"texture":"#0"},"north":{"uv":[3.5,12.75,4.0,13.5],"tintindex":0,"rotation":0,"texture":"#0"}}}],"display":{"gui":{"rotation":[30,225,0]}}}