{"textures":{"0":"modelengine:entity/monkey"},"elements":[{"from":[7.0,2.0,8.0],"to":[9.0,9.0,11.0],"faces":{"east":{"uv":[5.75,0.75,6.5,2.5],"tintindex":0,"rotation":0,"texture":"#0"},"south":{"uv":[7.75,0.75,8.25,2.5],"tintindex":0,"rotation":0,"texture":"#0"},"north":{"uv":[6.5,0.75,7.0,2.5],"tintindex":0,"rotation":0,"texture":"#0"},"west":{"uv":[7.0,0.75,7.75,2.5],"tintindex":0,"rotation":0,"texture":"#0"},"up":{"uv":[7.0,0.75,6.5,0.0],"tintindex":0,"rotation":0,"texture":"#0"},"down":{"uv":[7.5,0.0,7.0,0.75],"tintindex":0,"rotation":0,"texture":"#0"}}}],"display":{"gui":{"rotation":[30,225,0]}}}