{"elements":[{"from":[7.428571,4.5714283,8.0],"to":[8.571428,8.571428,9.714286],"rotation":{"angle":0.0,"axis":"y","origin":[6.285714,4.5714283,5.714286]},"faces":{"east":{"uv":[0.0,0.75,0.75,2.5],"rotation":0,"texture":"#0","tintindex":0},"south":{"uv":[2.0,0.75,2.5,2.5],"rotation":0,"texture":"#0","tintindex":0},"north":{"uv":[0.75,0.75,1.25,2.5],"rotation":0,"texture":"#0","tintindex":0},"west":{"uv":[1.25,0.75,2.0,2.5],"rotation":0,"texture":"#0","tintindex":0},"up":{"uv":[1.25,0.75,0.75,0.0],"rotation":0,"texture":"#0","tintindex":0},"down":{"uv":[1.75,0.0,1.25,0.75],"rotation":0,"texture":"#0","tintindex":0}}}],"textures":{"0":"modelengine:entity/monkey"},"display":{"head":{"translation":[0.0,-6.4,0.0],"scale":[4.0,4.0,4.0]}}}