{"textures":{"0":"modelengine:entity/monkey"},"elements":[{"from":[7.0,7.0,8.0],"to":[9.0,9.0,22.0],"faces":{"east":{"uv":[0.0,7.5,3.5,8.0],"tintindex":0,"rotation":0,"texture":"#0"},"south":{"uv":[7.5,7.5,8.0,8.0],"tintindex":0,"rotation":0,"texture":"#0"},"north":{"uv":[3.5,7.5,4.0,8.0],"tintindex":0,"rotation":0,"texture":"#0"},"west":{"uv":[4.0,7.5,7.5,8.0],"tintindex":0,"rotation":0,"texture":"#0"},"up":{"uv":[4.0,7.5,3.5,4.0],"tintindex":0,"rotation":0,"texture":"#0"},"down":{"uv":[4.5,4.0,4.0,7.5],"tintindex":0,"rotation":0,"texture":"#0"}}}],"display":{"gui":{"rotation":[30,225,0]}}}