{"elements":[{"from":[7.428571,7.428571,8.0],"to":[8.571428,8.571428,16.0],"rotation":{"angle":0.0,"axis":"y","origin":[8.0,3.4285712,4.5714283]},"faces":{"east":{"uv":[0.0,7.5,3.5,8.0],"rotation":0,"texture":"#0","tintindex":0},"south":{"uv":[7.5,7.5,8.0,8.0],"rotation":0,"texture":"#0","tintindex":0},"north":{"uv":[3.5,7.5,4.0,8.0],"rotation":0,"texture":"#0","tintindex":0},"west":{"uv":[4.0,7.5,7.5,8.0],"rotation":0,"texture":"#0","tintindex":0},"up":{"uv":[4.0,7.5,3.5,4.0],"rotation":0,"texture":"#0","tintindex":0},"down":{"uv":[4.5,4.0,4.0,7.5],"rotation":0,"texture":"#0","tintindex":0}}}],"textures":{"0":"modelengine:entity/monkey"},"display":{"head":{"translation":[0.0,-6.4,0.0],"scale":[4.0,4.0,4.0]}}}