{
    "object": "jigsaw/woodland-mansion/woodland-mansion",
    "placementOptions":{
        "boreExtendMaxY": 64,
        "carvingSupport": "SURFACE_ONLY",
        "smartBore": true,
        "rotation": {
            "enabled": true,
            "xAxis": {
                "enabled": false,
                "min": 0,
                "max": 0,
                "interval": 0
            },
            "yAxis": {
                "enabled": true,
                "min": 0,
                "max": 0,
                "interval": 90
            },
            "zAxis": {
                "enabled": false,
                "min": 0,
                "max": 0,
                "interval": 0
            }
        },
        "clamp":{
            "maximumHeight": 110,
            "minimumHeight": 64

        },
        "mode": "MIN_HEIGHT",
        "edit": [{
            "find": [{"block": "minecraft:glass"}],
            "replace":{
                "palette": [{"block": "minecraft:void_air"}]
            }
        }],
        "markers": [{
            "maximumMarkers": 8,
            "mark": [{"block": "minecraft:birch_planks"}],
            "marker": "woodland_mansion"
        }]

    }

    }
