{"cachedId":{"duck:left_leg":52,"mono:tail":63,"brute:left_leg":20,"boarbarian:left_leg_sub_0":4,"duck:left_wing":57,"qmob_creaking:leg_left":77,"orangutan:arm1":71,"orangutan:arm2":72,"qmob_creaking:head":74,"duck:bill":59,"qmob_creaking:eyes":79,"nwolf:jaw":42,"qmob_creaking:leg_right":75,"nwolf:right_back_leg":38,"orangutan:head":68,"brute:boarbarian_brute_right_ear":23,"orangutan:leg1":69,"boarbarian:boarbarian_body":10,"nwolf:body":39,"orangutan:leg2":70,"brute:boarbarian_brute_right_arm":34,"brute:body_sub_11":16,"capybara:head":49,"boarbarian:boarbarian_left_ear":7,"boarbarian:boarbarian_right_ear":6,"brute:boarbarian_brute":14,"duck:right_leg":53,"mono:leg2":64,"mono:leg1":62,"boarbarian:right_arm_sub_0":12,"rinoceronte:body":85,"boarbarian:right_leg":3,"mono:body":60,"brute:left_arm2":21,"duck:head":58,"brute:boarbarian_chieftain_left_leg":30,"capybara:leftear":50,"capybara:rightear":51,"rinoceronte:bone2":87,"capybara:leftarm":47,"brute:boarbarian_warped_left_leg":31,"duck:right_wing":56,"brute:right_leg":18,"brute:right_arm_sub_0":22,"boarbarian:left_leg":5,"brute:boarbarian_brute_left_leg":32,"nwolf:left_leg":35,"brute:right_leg2":17,"brute:boarbarian_brute_left_arm":33,"rinoceronte:arm2":84,"brute:boarbarian_brute_left_ear":24,"brute:boarbarian_crimson_right_leg":26,"nwolf:ears":43,"nwolf:head":40,"boarbarian:left_arm2":9,"brute:left_leg_sub_0":19,"brute:boarbarian_brute_right_leg":27,"rinoceronte:arm1":82,"nwolf:left_back_leg":37,"boarbarian:right_arm":11,"capybara:rightarm":45,"boarbarian:boarbarian_head":1,"nwolf:right_leg":36,"duck:bowtie":55,"brute:boarbarian_chieftain_right_leg":28,"capybara:body":48,"rinoceronte:leg2":86,"rinoceronte:leg1":83,"nwolf:tail":41,"orangutan:body":67,"rinoceronte:head":81,"duck:body":54,"qmob_creaking:arm_right":76,"capybara:leftleg":46,"capybara:rightleg":44,"qmob_creaking:torso":73,"mono:head":61,"boarbarian:right_leg2":2,"boarbarian:left_arm":8,"boarbarian:boarbarian_spikes":13,"mono:arm1":65,"brute:boarbarian_crimson_left_leg":29,"mono:arm2":66,"brute:boarbarian_warped_right_leg":25,"qmob_creaking:arm_left":78,"qmob_creakingheart:main":80,"rinoceronte:bone":88,"brute:boarbarian_brute_head":15,"canguro:body":89,"canguro:rightleg":90,"canguro:leftleg":91,"canguro:head":92,"canguro:pouch":93,"canguro:tail":94,"canguro:rightarm":95,"canguro:leftarm":96,"canguro:rightshin":97,"canguro:leftshin":98,"canguro:leftear":99,"canguro:rightear":100,"canguro:tail2":101,"canguro:glove_right":102,"canguro:glove_left":103,"canguro:rightfoot":104,"canguro:leftfoot":105,"elefante:leg0":106,"elefante:leg1":107,"elefante:body":108,"elefante:head":109,"elefante:tail":110,"elefante:leg2":111,"elefante:leg3":112,"elefante:earright":113,"elefante:earleft":114,"elefante:trunk":115,"elefante:tusk":116,"oso:body":117,"oso:head":118,"oso:leg0":119,"oso:leg1":120,"oso:leg2":121,"oso:leg3":122,"pinguino:body":123,"pinguino:head":124,"pinguino:right_arm":125,"pinguino:left_leg":126,"pinguino:right_leg":127,"pinguino:left_arm":128,"pinguino:left_gills":129,"pinguino:right_gills":130,"pinguino:right_gills2":131,"pinguino:right_gills3":132,"bison:leg0":133,"bison:leg1":134,"bison:body":135,"bison:head":136,"bison:tail":137,"bison:leg2":138,"bison:leg3":139,"bison:tusk":140},"unused":[],"nextId":141}