[
  {
      "condition": "minecraft:location_check",
      "predicate": {
          "block": {
              "block": "minecraft:barrel",
              "nbt": "{Items:[{Slot:3b,id:\"minecraft:jigsaw\",tag:{eth:{fungus_spores:1b}}},{Slot:2b,id:\"minecraft:honeycomb\"},{Slot:12b,id:\"minecraft:glass_bottle\"},{Slot:4b,id:\"minecraft:honeycomb\"}]}"
          }
      }
      
  },
  {
    "condition": "minecraft:inverted",
    "term": {
      "condition": "minecraft:location_check",
      "predicate": {
        "block": {
          "nbt": "{Items:[{Slot:11b}]}"
        }
      }
    }
  },
  {
    "condition": "minecraft:inverted",
    "term": {
      "condition": "minecraft:location_check",
      "predicate": {
        "block": {
          "nbt": "{Items:[{Slot:13b}]}"
        }
      }
    }
  },
  {
    "condition": "minecraft:inverted",
    "term": {
      "condition": "minecraft:location_check",
      "predicate": {
        "block": {
          "nbt": "{Items:[{Slot:20b}]}"
        }
      }
    }
  },
  {
    "condition": "minecraft:inverted",
    "term": {
      "condition": "minecraft:location_check",
      "predicate": {
        "block": {
          "nbt": "{Items:[{Slot:21b}]}"
        }
      }
    }
  },
  {
    "condition": "minecraft:inverted",
    "term": {
      "condition": "minecraft:location_check",
      "predicate": {
        "block": {
          "nbt": "{Items:[{Slot:22b}]}"
        }
      }
    }
  }
]