[
        {
            "condition": "minecraft:location_check",
            "predicate": {
                "block": {
                    "block": "minecraft:barrel",
                    "nbt": "{Items:[{Slot:3b,id:\"minecraft:jigsaw\",tag:{eth:{essence:1b}}},{Slot:4b,id:\"minecraft:iron_ingot\"},{Slot:11b,id:\"minecraft:jigsaw\",tag:{eth:{essence:1b}}},{Slot:12b,id:\"minecraft:iron_ingot\"},{Slot:13b,id:\"minecraft:jigsaw\",tag:{eth:{essence:1b}}},{Slot:20b,id:\"minecraft:iron_ingot\"},{Slot:21b,id:\"minecraft:jigsaw\",tag:{eth:{essence:1b}}}]}"
                }
            }
            
        },
        {
            "condition": "minecraft:inverted",
            "term": {
              "condition": "minecraft:location_check",
              "predicate": {
                "block": {
                  "nbt": "{Items:[{Slot:2b}]}"
                }
              }
            }
          },
          {
            "condition": "minecraft:inverted",
            "term": {
              "condition": "minecraft:location_check",
              "predicate": {
                "block": {
                  "nbt": "{Items:[{Slot:22b}]}"
                }
              }
            }
          }
]