[
    {
        "condition": "minecraft:inverted",
        "term": {
        "condition": "minecraft:location_check",
        "predicate": {
            "block": {
            "nbt": "{Items:[{Slot:4b}]}"
            }
        }
        }
    },
    {
        "condition": "minecraft:inverted",
        "term": {
        "condition": "minecraft:location_check",
        "predicate": {
            "block": {
            "nbt": "{Items:[{Slot:13b}]}"
            }
        }
    }   
    },
    {
        "condition": "minecraft:inverted",
        "term": {
        "condition": "minecraft:location_check",
        "predicate": {
            "block": {
            "nbt": "{Items:[{Slot:20b}]}"
            }
        }
        }
    },
    {
        "condition": "minecraft:inverted",
        "term": {
        "condition": "minecraft:location_check",
        "predicate": {
            "block": {
            "nbt": "{Items:[{Slot:22b}]}"
            }
        }
        }
    }
]