{
  "name": "seavil:flying/chain_1",
  "fallback": "minecraft:empty",
  "elements": [
    { 
      "weight": 1,
      "element": {
        "location": "seavil:flying/chains/cage_broken",
        "processors": "minecraft:empty",
        "projection": "rigid",
        "element_type": "minecraft:legacy_single_pool_element"
      }
    },
    { 
      "weight": 1,
      "element": {
        "location": "seavil:flying/chains/cage_empty",
        "processors": "minecraft:empty",
        "projection": "rigid",
        "element_type": "minecraft:legacy_single_pool_element"
      }
    },
    { 
      "weight": 1,
      "element": {
        "location": "seavil:flying/chains/cage_illager",
        "processors": "minecraft:empty",
        "projection": "rigid",
        "element_type": "minecraft:legacy_single_pool_element"
      }
    },
    { 
      "weight": 1,
      "element": {
        "location": "seavil:flying/chains/cage_monster",
        "processors": "minecraft:empty",
        "projection": "rigid",
        "element_type": "minecraft:legacy_single_pool_element"
      }
    },
    { 
      "weight": 1,
      "element": {
        "location": "seavil:flying/chains/cage_villager",
        "processors": "minecraft:empty",
        "projection": "rigid",
        "element_type": "minecraft:legacy_single_pool_element"
      }
    },
    { 
      "weight": 5,
      "element": {
        "location": "seavil:flying/chains/chain_5",
        "processors": "minecraft:empty",
        "projection": "rigid",
        "element_type": "minecraft:legacy_single_pool_element"
      }
    },
    { 
      "weight": 5,
      "element": {
        "location": "seavil:flying/chains/chain_10",
        "processors": "minecraft:empty",
        "projection": "rigid",
        "element_type": "minecraft:legacy_single_pool_element"
      }
    },
    { 
      "weight": 5,
      "element": {
        "location": "seavil:flying/chains/chain_15",
        "processors": "minecraft:empty",
        "projection": "rigid",
        "element_type": "minecraft:legacy_single_pool_element"
      }
    },
    { 
      "weight": 10,
      "element": {
        "location": "seavil:flying/chains/lantern",
        "processors": "minecraft:empty",
        "projection": "rigid",
        "element_type": "minecraft:legacy_single_pool_element"
      }
    },
    { 
      "weight": 5,
      "element": {
        "location": "seavil:flying/chains/null",
        "processors": "minecraft:empty",
        "projection": "rigid",
        "element_type": "minecraft:legacy_single_pool_element"
      }
    }
  ]
}