{
  "name": "seavil:flying/floater_pool_small",
  "fallback": "minecraft:empty",
  "elements": [
    {
      "weight": 1,
      "element": {
        "location": "seavil:flying/houses/07_floater_small_01",
        "processors": "seavil:flying_island",
        "projection": "rigid",
        "element_type": "minecraft:legacy_single_pool_element"
      }
    },
    {
      "weight": 1,
      "element": {
        "location": "seavil:flying/houses/07_floater_small_02",
        "processors": "seavil:flying_island",
        "projection": "rigid",
        "element_type": "minecraft:legacy_single_pool_element"
      }
    },
    {
      "weight": 1,
      "element": {
        "location": "seavil:flying/houses/07_floater_small_stone_01",
        "processors": "seavil:flying_island",
        "projection": "rigid",
        "element_type": "minecraft:legacy_single_pool_element"
      }
    },
    {
      "weight": 1,
      "element": {
        "location": "seavil:flying/houses/07_floater_small_stone_02",
        "processors": "seavil:flying_island",
        "projection": "rigid",
        "element_type": "minecraft:legacy_single_pool_element"
      }
    },
    {
      "weight": 1,
      "element": {
        "location": "seavil:flying/houses/07_floater_tiny_01",
        "processors": "seavil:flying_island",
        "projection": "rigid",
        "element_type": "minecraft:legacy_single_pool_element"
      }
    },
    {
      "weight": 1,
      "element": {
        "location": "seavil:flying/houses/07_floater_tiny_02",
        "processors": "seavil:flying_island",
        "projection": "rigid",
        "element_type": "minecraft:legacy_single_pool_element"
      }
    },
    {
      "weight": 1,
      "element": {
        "location": "seavil:flying/houses/07_floater_tiny_pair_01",
        "processors": "seavil:flying_island",
        "projection": "rigid",
        "element_type": "minecraft:legacy_single_pool_element"
      }
    },
    {
      "weight": 1,
      "element": {
        "location": "seavil:flying/houses/07_floater_tiny_stone_01",
        "processors": "seavil:flying_island",
        "projection": "rigid",
        "element_type": "minecraft:legacy_single_pool_element"
      }
    },
    {
      "weight": 8,
      "element": {
        "location": "seavil:flying/houses/07_floater_null",
        "processors": "seavil:flying_island",
        "projection": "rigid",
        "element_type": "minecraft:legacy_single_pool_element"
      }
    }
  ]
}
