{
  "name": "seavil:flying/house_pool_medium",
  "fallback": "minecraft:empty",
  "elements": [
    {
      "weight": 1,
      "element": {
        "location": "seavil:flying/houses/17_armorer",
        "processors": "seavil:flying_island",
        "projection": "rigid",
        "element_type": "minecraft:legacy_single_pool_element"
      }
    },
    {
      "weight": 1,
      "element": {
        "location": "seavil:flying/houses/17_house_big_beekeeper",
        "processors": "seavil:flying_island",
        "projection": "rigid",
        "element_type": "minecraft:legacy_single_pool_element"
      }
    },
    {
      "weight": 1,
      "element": {
        "location": "seavil:flying/houses/17_house_medium2",
        "processors": "seavil:flying_island",
        "projection": "rigid",
        "element_type": "minecraft:legacy_single_pool_element"
      }
    },
    {
      "weight": 1,
      "element": {
        "location": "seavil:flying/houses/17_house_medium2_sav",
        "processors": "seavil:flying_island",
        "projection": "rigid",
        "element_type": "minecraft:legacy_single_pool_element"
      }
    },
    {
      "weight": 1,
      "element": {
        "location": "seavil:flying/houses/17_house_small4_sav",
        "processors": "seavil:flying_island",
        "projection": "rigid",
        "element_type": "minecraft:legacy_single_pool_element"
      }
    },
    {
      "weight": 1,
      "element": {
        "location": "seavil:flying/houses/17_house_small5",
        "processors": "seavil:flying_island",
        "projection": "rigid",
        "element_type": "minecraft:legacy_single_pool_element"
      }
    },
    {
      "weight": 1,
      "element": {
        "location": "seavil:flying/houses/17_house_small8",
        "processors": "seavil:flying_island",
        "projection": "rigid",
        "element_type": "minecraft:legacy_single_pool_element"
      }
    },
    {
      "weight": 1,
      "element": {
        "location": "seavil:flying/houses/17_mason_sav",
        "processors": "seavil:flying_island",
        "projection": "rigid",
        "element_type": "minecraft:legacy_single_pool_element"
      }
    },
    {
      "weight": 1,
      "element": {
        "location": "seavil:flying/houses/17_tannery",
        "processors": "seavil:flying_island",
        "projection": "rigid",
        "element_type": "minecraft:legacy_single_pool_element"
      }
    },
    {
      "weight": 1,
      "element": {
        "location": "seavil:flying/houses/17_temple_short",
        "processors": "seavil:flying_island",
        "projection": "rigid",
        "element_type": "minecraft:legacy_single_pool_element"
      }
    },
    {
      "weight": 1,
      "element": {
        "location": "seavil:flying/houses/17_temple_tall",
        "processors": "seavil:flying_island",
        "projection": "rigid",
        "element_type": "minecraft:legacy_single_pool_element"
      }
    },
    {
      "weight": 1,
      "element": {
        "location": "seavil:flying/houses/17_toolsmith",
        "processors": "seavil:flying_island",
        "projection": "rigid",
        "element_type": "minecraft:legacy_single_pool_element"
      }
    },
    {
      "weight": 1,
      "element": {
        "location": "seavil:flying/houses/17_triplet",
        "processors": "seavil:flying_island",
        "projection": "rigid",
        "element_type": "minecraft:legacy_single_pool_element"
      }
    },
    {
      "weight": 1,
      "element": {
        "location": "seavil:flying/houses/17_weaponsmith",
        "processors": "seavil:flying_island",
        "projection": "rigid",
        "element_type": "minecraft:legacy_single_pool_element"
      }
    }
  ]
}
