{
  "name": "seavil:flying/pool_1",
  "fallback": "minecraft:empty",
  "elements": [
	{
      "weight": 1,
      "element": {
        "location": "seavil:flying/platforms/t1/11_spiral_stairs",
        "processors": "minecraft:empty",
        "projection": "rigid",
        "element_type": "minecraft:legacy_single_pool_element"
      }
    },
	{
      "weight": 1,
      "element": {
        "location": "seavil:flying/platforms/t1/11_spiral_stairs_illager",
        "processors": "minecraft:empty",
        "projection": "rigid",
        "element_type": "minecraft:legacy_single_pool_element"
      }
    }
  ]
}
