{"format_version":"1.8.0","animations":{"swim":{"loop":true,"animation_length":1,"bones":{"body":{"rotation":{"0.0":[83.3,0,0],"0.2":[78.3,0,0],"0.56":[93.01,0,0],"1.0":[83.3,0,0]},"position":{"0.0":[0,0,5],"1.0":[0,0,5]}},"right_arm":{"rotation":{"0.0":[79.50206,109.3546,-78.29908],"0.28":[74.708,117.44278,-88.66651],"0.6":[80.02529,97.05189,-76.02178],"1.0":[79.50206,109.3546,-78.29908]},"position":[0,-0.5,0]},"right_leg":{"rotation":{"0.0":[-10,0,0],"0.2":[73.44128,-18.09278,97.99934],"0.68":[45.94128,-18.09278,97.99934],"0.96":[-10,0,0]}},"left_arm":{"rotation":{"0.0":[79.65473,-104.76689,92.66399],"0.28":[77.03752,-129.27345,98.29012],"0.6":[79.84892,-99.84655,91.75378],"1.0":[79.65473,-104.76689,92.66399]},"position":[0,-0.5,0]},"left_leg":{"rotation":{"0.0":[-10,0,0],"0.2":[-22.5,0,0],"0.68":[90,10,-132.5],"0.96":[-10,0,0]}},"tail":{"rotation":{"0.0":[0,15,0],"0.52":[0,-15,0],"0.96":[0,13.36,0]}},"h_head":{"rotation":{"0.0":[-85,0,0],"0.28":[-98.9,0,0],"0.72":[-60.77,0,0],"0.96":[-85,0,0]},"position":[0,0,-0.4]},"top_gills":{"rotation":{"0.0":[-57,0,0],"0.2":[-68.7,0,0],"0.64":[-24.2,0,0],"0.96":[-54.37,0,0]}}}},"walk":{"loop":true,"animation_length":3.68,"bones":{"body":{"rotation":{"0.0":{"post":[0,0,0],"lerp_mode":"catmullrom"},"0.68":{"post":[0,-20.49965,10.92248],"lerp_mode":"catmullrom"},"2.0":{"post":[0,0,0],"lerp_mode":"catmullrom"},"3.0":{"post":[0,27.5,-12.5],"lerp_mode":"catmullrom"},"3.52":{"post":[0,0,0],"lerp_mode":"catmullrom"}},"position":{"0.0":{"post":[0,1,0],"lerp_mode":"catmullrom"},"0.2":{"post":[-0.81,1,0],"lerp_mode":"catmullrom"},"1.0":{"post":[1,1,0],"lerp_mode":"catmullrom"},"1.76":{"post":[0,0.38,0],"lerp_mode":"catmullrom"},"2.0":{"post":[1,0.2,0],"lerp_mode":"catmullrom"},"2.52":{"post":[1,0.8,0],"lerp_mode":"catmullrom"},"3.0":{"post":[-0.48,0.8,0],"lerp_mode":"catmullrom"},"3.52":{"post":[0,0.8,0],"lerp_mode":"catmullrom"}}},"right_arm":{"rotation":{"0.0":[44.97272,3.53497,-45.02728],"0.48":[-84.59842,27.60457,85.21026],"1.32":[-63.39128,5.58875,63.50045],"2.12":[187.50021,2.49525,-180.21824],"2.92":[265.65683,8.20466,-251.26915],"3.6":[44.97272,3.53497,-45.02728]},"position":{"0.0":[0,0,0],"0.96":[0,0,-0.9],"1.72":[0,0,0],"2.12":[0,0,0.7],"3.6":[0,0,0]}},"right_leg":{"rotation":{"0.0":[-2.5,0,0],"0.4":[-21.14,0,0],"1.68":[-7.5,0,0],"3.68":[-2.5,0,0]}},"left_arm":{"rotation":{"0.0":[2.5,0,0],"0.48":[10,0,0],"1.88":[31.23376,-6.655,26.91343],"2.56":[-90,-25.29467,-100],"3.12":[-90,-22.28316,-100],"3.6":[2.5,0,0]},"position":{"0.0":[0,-0.2,0],"2.56":[0,0.28,-0.81],"2.76":[0,-0.05,-0.62],"3.6":[0,-0.2,0]}},"left_leg":{"rotation":{"0.0":[-2.5,0,0],"1.68":[-7.5,0,0],"3.08":[-24,0,0],"3.68":[-2.5,0,0]}},"tail":{"rotation":{"0.0":{"post":[0,-10,0],"lerp_mode":"catmullrom"},"1.32":{"post":[0,10,0],"lerp_mode":"catmullrom"},"2.72":{"post":[0,-10,0],"lerp_mode":"catmullrom"}}},"h_head":{"rotation":{"0.0":{"post":[0,0,0],"lerp_mode":"catmullrom"},"2.08":{"post":[0,6.7,0],"lerp_mode":"catmullrom"},"3.68":{"post":[0,0,0],"lerp_mode":"catmullrom"}}},"left_gills":{"rotation":{"0.0":[0,0,0],"1.68":[0,0,5],"3.64":[0,0,0]},"position":{"0.0":[0,-0.2,0],"2.24":[0,0,0],"3.68":[0,-0.2,0]}},"right_gills":{"rotation":{"0.0":[0,0,0],"1.68":[0,0,-5],"3.64":[0,0,0]},"position":{"0.0":[0,-0.2,0],"2.24":[0,0,0],"3.68":[0,-0.2,0]}},"top_gills":{"rotation":{"0.0":{"post":[33,0,0],"lerp_mode":"catmullrom"},"1.08":{"post":[47.4,0,0],"lerp_mode":"catmullrom"},"1.44":{"post":[47.4,0,0],"lerp_mode":"catmullrom"},"2.72":{"post":[33,0,0],"lerp_mode":"catmullrom"}}}}},"death":{"animation_length":0.375,"override_previous_animation":true,"bones":{"body":{"rotation":{"0.0":[0,0,0],"0.375":[0,0,90]},"position":[0,0,0]}}},"idle":{"loop":true}}}