{
    "name": "Ancient City",
    "rarity": 1,
    "maxPicked": 10,
    "minPicked": 10,
    "loot": [
        {
            "type": "coal",
            "maxAmount": 15,
            "minAmount": 6,
            "rarity": 2,
            "slotTypes": "STORAGE"
        },
        {
            "type": "bone",
            "maxAmount": 15,
            "minAmount": 1,
            "rarity": 3,
            "slotTypes": "STORAGE"
        },
        {
            "type": "soul_torch",
            "maxAmount": 15,
            "minAmount": 1,
            "rarity": 3,
            "slottypes": "STORAGE"
        },
        {
            "type": "book",
            "maxamount": 10,
            "minAmount": 3,
            "rarity": 3,
            "slottypes": "STORAGE"
        },
        {
            "type": "potion",
            "maxamount": 3,
            "minAmount": 1,
            "rarity": 3,
            "slottypes": "STORAGE"
        },
        {
            "type": "enchanted_book",
            "maxamount": 1,
            "rarity": 3,
            "slottypes": "STORAGE",
            "enchantments": [
                {
                    "enchantment": "binding_curse",
                    "chance": 0.25,
                    "maxLevel": 1,
                    "minLevel": 1
                },
                {
                    "enchantment": "vanishing_curse",
                    "chance": 0.25,
                    "maxLevel": 1,
                    "minLevel": 1
                },
                {
                    "enchantment": "frost_walker",
                    "chance": 0.25,
                    "maxLevel": 2,
                    "minLevel": 1
                },
                {
                    "enchantment": "mending",
                    "chance": 0.25,
                    "maxLevel": 1,
                    "minLevel": 1
                }
            ]
        },
        {
            "type": "disc_fragment_5",
            "maxamount": 3,
            "minAmount": 1,
            "rarity": 3,
            "slottypes": "STORAGE"
        },
        {
            "type": "echo_shard",
            "maxamount": 3,
            "minAmount": 1,
            "rarity": 3,
            "slottypes": "STORAGE"
        },
        {
            "type": "amethyst_shard",
            "maxamount": 15,
            "minAmount": 1,
            "rarity": 4,
            "slottypes": "STORAGE"
        },
        {
            "type": "glow_berries",
            "maxamount": 15,
            "minAmount": 1,
            "rarity": 4,
            "slottypes": "STORAGE"
        },
        {
            "type": "sculk",
            "maxamount": 4,
            "minAmount": 1,
            "rarity": 4,
            "slottypes": "STORAGE"
        },
        {
            "type": "candle",
            "maxamount": 4,
            "minAmount": 1,
            "rarity": 4,
            "slottypes": "STORAGE"
        },
        {
            "type": "experience_bottle",
            "maxamount": 3,
            "minAmount": 1,
            "rarity": 4,
            "slottypes": "STORAGE"
        },
        {
            "type": "sculk_sensor",
            "maxamount": 3,
            "minAmount": 1,
            "rarity": 4,
            "slottypes": "STORAGE"
        },
        {
            "type": "enchanted_book",
            "maxamount": 1,
            "rarity": 4,
            "slottypes": "STORAGE",
            "enchantments": [{
                "enchantment": "swift_sneak",
                "minLevel": 1,
                "maxLevel": 3
            }]
        },
        {
            "type": "iron_leggings",
            "maxamount": 1,
            "rarity": 4,
            "slottypes": "STORAGE",
            "enchantments": [
                {
                    "enchantment": "blast_protection",
                    "chance": 0.1,
                    "maxLevel": 4,
                    "minLevel": 1
                },
                {
                    "enchantment": "binding_curse",
                    "chance": 0.1,
                    "maxLevel": 1,
                    "minLevel": 1
                },
                {
                    "enchantment": "vanishing_curse",
                    "chance": 0.1,
                    "maxLevel": 1,
                    "minLevel": 1
                },
                {
                    "enchantment": "fire_protection",
                    "chance": 0.1,
                    "maxLevel": 4,
                    "minLevel": 1
                },
                {
                    "enchantment": "mending",
                    "chance": 0.1,
                    "maxLevel": 2,
                    "minLevel": 1
                },
                {
                    "enchantment": "projectile_protection",
                    "chance": 0.1,
                    "maxLevel": 4,
                    "minLevel": 1
                },
                {
                    "enchantment": "protection",
                    "chance": 0.1,
                    "maxLevel": 4,
                    "minLevel": 1
                },
                {
                    "enchantment": "thorns",
                    "chance": 0.1,
                    "maxLevel": 3,
                    "minLevel": 1
                },
                {
                    "enchantment": "unbreaking",
                    "chance": 0.1,
                    "maxLevel": 3,
                    "minLevel": 1
                }
            ]
        },
        {
            "type": "sculk_catalyst",
            "maxamount": 2,
            "minAmount": 1,
            "rarity": 6,
            "slottypes": "STORAGE"
        },
        {
            "type": "compass",
            "maxamount": 1,
            "rarity": 6,
            "slottypes": "STORAGE"
        },
        {
            "type": "music_disc_13",
            "maxamount": 1,
            "rarity": 6,
            "slottypes": "STORAGE"
        },
        {
            "type": "music_disc_cat",
            "maxamount": 1,
            "rarity": 6,
            "slottypes": "STORAGE"
        },
        {
            "type": "lead",
            "maxamount": 1,
            "rarity": 6,
            "slottypes": "STORAGE"
        },
        {
            "type": "name_tag",
            "maxamount": 1,
            "rarity": 6,
            "slottypes": "STORAGE"
        },
        {
            "type": "saddle",
            "maxamount": 1,
            "rarity": 6,
            "slottypes": "STORAGE"
        },
        {
            "type": "diamond_hoe",
            "maxamount": 1,
            "rarity": 6,
            "slottypes": "STORAGE",
            "maxDurability": 1,
            "minDurability": 0.8,
            "enchantments": [
                {
                    "enchantment": "vanishing_curse",
                    "chance": 0.15,
                    "maxLevel": 1,
                    "minLevel": 1
                },
                {
                    "enchantment": "efficiency",
                    "chance": 0.15,
                    "maxLevel": 5,
                    "minLevel": 1
                },
                {
                    "enchantment": "fortune",
                    "chance": 0.15,
                    "maxLevel": 3,
                    "minLevel": 1
                },
                {
                    "enchantment": "mending",
                    "chance": 0.15,
                    "maxLevel": 1,
                    "minLevel": 1
                },
                {
                    "enchantment": "silk_touch",
                    "chance": 0.15,
                    "maxLevel": 1,
                    "minLevel": 1
                },
                {
                    "enchantment": "unbreaking",
                    "chance": 0.15,
                    "maxLevel": 3,
                    "minLevel": 1
                }
            ]
        },
        {
            "type": "diamond_horse_armor",
            "maxamount": 1,
            "rarity": 6,
            "slottypes": "STORAGE"
        },
        {
            "type": "diamond_leggings",
            "maxamount": 1,
            "rarity": 6,
            "slottypes": "STORAGE",
            "enchantments": [
                {
                    "enchantment": "blast_protection",
                    "chance": 0.1,
                    "maxLevel": 4,
                    "minLevel": 1
                },
                {
                    "enchantment": "binding_curse",
                    "chance": 0.1,
                    "maxLevel": 1,
                    "minLevel": 1
                },
                {
                    "enchantment": "vanishing_curse",
                    "chance": 0.1,
                    "maxLevel": 1,
                    "minLevel": 1
                },
                {
                    "enchantment": "fire_protection",
                    "chance": 0.1,
                    "maxLevel": 4,
                    "minLevel": 1
                },
                {
                    "enchantment": "mending",
                    "chance": 0.1,
                    "maxLevel": 2,
                    "minLevel": 1
                },
                {
                    "enchantment": "projectile_protection",
                    "chance": 0.1,
                    "maxLevel": 4,
                    "minLevel": 1
                },
                {
                    "enchantment": "protection",
                    "chance": 0.1,
                    "maxLevel": 4,
                    "minLevel": 1
                },
                {
                    "enchantment": "thorns",
                    "chance": 0.1,
                    "maxLevel": 3,
                    "minLevel": 1
                },
                {
                    "enchantment": "unbreaking",
                    "chance": 0.1,
                    "maxLevel": 3,
                    "minLevel": 1
                }
            ]
        },
        {
            "type": "enchanted_golden_apple",
            "maxamount": 2,
            "minamount": 1,
            "rarity": 12,
            "slottypes": "STORAGE"
        },
        {
            "type": "music_disc_otherside",
            "maxamount": 1,
            "rarity": 12,
            "slottypes": "STORAGE"
        }
    ]
}
