{
    "name": "Ocean Ruins",
    "rarity": 1,
    "loot": [
        {
            "type": "coal",
            "maxAmount": 4,
            "minAmount": 1,
            "rarity": 1,
            "slotTypes": "STORAGE"
        },
        {
            "type": "wheat",
            "maxAmount": 3,
            "minAmount": 2,
            "rarity": 1,
            "slotTypes": "STORAGE"
        },
        {
            "type": "gold_nugget",
            "maxAmount": 3,
            "minAmount": 1,
            "rarity": 1,
            "slottypes": "STORAGE"
        },
        {
            "type": "enchanted_book",
            "maxamount": 1,
            "rarity": 5,
            "slottypes": "STORAGE"
        },
        {
            "type": "fishing_rod",
            "maxamount": 1,
            "rarity": 5,
            "slottypes": "STORAGE"
        },
        {
            "type": "emerald",
            "maxamount": 1,
            "rarity": 6,
            "slottypes": "STORAGE"
        },
        {
            "type": "leather_chestplate",
            "maxamount": 1,
            "rarity": 23,
            "slottypes": "STORAGE"
        },
        {
            "type": "golden_apple",
            "maxamount": 1,
            "rarity": 23,
            "slottypes": "STORAGE"
        },
        {
            "type": "golden_helmet",
            "maxamount": 1,
            "rarity": 23,
            "slottypes": "STORAGE"
        }
    ]
}
