{
    "surface_builder": "minecraft:grass",
    "depth": 0.125,
    "scale": 0.05,
    "temperature": 0.8,
    "downfall": 0.4,
    "creature_spawn_probability": -1,
    "has_precipitation": false,
    "precipitation": "none",
    "category": "savanna",
    "effects": {
        "sky_color": -8804127,
        "fog_color": -4138783,
        "water_color": -13382759,
        "water_fog_color": -16448205,
        "grass_color": -1904837,
        "foliage_color": -2710253
    },
    "starts": [],
    "spawners": {},
    "spawn_costs": {},
    "carvers": {},
    "features": []
}
