{
    "surface_builder": "minecraft:grass",
    "depth": 0.125,
    "scale": 0.05,
    "temperature": 0.8,
    "downfall": 0.4,
    "creature_spawn_probability": -1,
    "has_precipitation": false,
    "precipitation": "none",
    "category": "jungle",
    "effects": {
        "sky_color": -8804127,
        "fog_color": -2262724,
        "water_color": -12618012,
        "water_fog_color": -16448205,
        "grass_color": -4342005,
        "foliage_color": -4342005
    },
    "starts": [],
    "spawners": {},
    "spawn_costs": {},
    "carvers": {},
    "features": []
}
