{
    "type": "minecraft:tree",
    "config": {
        "decorators": [],
        "dirt_provider": {
            "type": "minecraft:simple_state_provider",
            "state": {
                "Name": "minecraft:dirt"
            }
        },
        "foliage_placer": {
            "type": "minecraft:mega_pine_foliage_placer",
            "crown_height": {
                "type": "minecraft:uniform",
                "min_inclusive": 8,
                "max_inclusive": 10
            },
            "offset": {
                "type": "minecraft:uniform",
                "min_inclusive": 4,
                "max_inclusive": 6
            },
            "radius": 1
        },
        "foliage_provider": {
            "type": "minecraft:weighted_state_provider",
            "entries": [
                {
                    "data": {
                        "Name": "minecraft:oak_leaves",
                        "Properties": {
                            "distance": "7",
                            "persistent": "false",
                            "waterlogged": "false"
                        }
                    },
                    "weight": 12
                }
            ]
        },
        "force_dirt": true,
        "ignore_vines": true,
        "minimum_size": {
            "type": "minecraft:two_layers_feature_size",
            "limit": 1,
            "lower_size": 3,
            "upper_size": 2
        },
        "trunk_placer": {
            "type": "minecraft:straight_trunk_placer",
            "base_height": 7,
            "height_rand_a": 6,
            "height_rand_b": 4
        },
        "trunk_provider": {
            "type": "minecraft:simple_state_provider",
            "state": {
                "Name": "minecraft:oak_log",
                "Properties": {
                    "axis": "y"
                }
            }
        }
    }
}