{
    "object": "jigsaw/ruins/ruin3",
    "placementOptions":{
        "carvingSupport": "SURFACE_ONLY",
        "smartBore": true,
        "mode": "PAINT",
        "rotation": {
            "enabled": true,
            "xAxis": {
                "enabled": false,
                "min": 0,
                "max": 0,
                "interval": 0
            },
            "yAxis": {
                "enabled": true,
                "min": 0,
                "max": 0,
                "interval": 90
            },
            "zAxis": {
                "enabled": false,
                "min": 0,
                "max": 0,
                "interval": 0
            }
        }
    }

    }
