{
  "format_version": "1.8.0",
  "animations": {
    "animation.brute.walk": {
      "loop": true,
      "bones": {
        "body": {
          "rotation": [
            0,
            0,
            "2.0 * (math.abs(math.mod(query.modified_distance_moved + 6, 13.0) - 6.5) - 3.25)"
          ]
        },
        "leg0": {
          "rotation": [
            "(math.cos(query.modified_distance_moved * 38.17) * 40.0)",
            0,
            0
          ]
        },
        "leg1": {
          "rotation": [
            "(math.cos(query.modified_distance_moved * 38.17 + 180) * 40.0)",
            0,
            0
          ]
        },
        "h_boarbarian_brute_head": {
          "rotation": [
            0,
            0,
            "2.0 * (math.abs(math.mod(query.modified_distance_moved + 6, 13.0) - 6.5) - 3.25)"
          ]
        }
      }
    },
    "animation.brute.attack": {
      "loop": true,
      "animation_length": 27.3333,
      "bones": {
        "boarbarian_brute_right_arm": {
          "rotation": {
            "0.0": [
              0,
              0,
              0
            ],
            "0.25": [
              -122.5,
              0,
              0
            ]
          },
          "position": [
            0,
            0,
            0
          ]
        },
        "boarbarian_brute_left_arm": {
          "rotation": {
            "0.0": [
              0,
              0,
              0
            ],
            "0.25": [
              -115,
              0,
              0
            ]
          },
          "position": [
            0,
            0,
            0
          ]
        }
      }
    },
    "animation.brute.death": {
      "animation_length": 0.3333,
      "bones": {
        "BoarbarianBrute": {
          "rotation": {
            "0.0": [
              0,
              0,
              0
            ],
            "0.3333": [
              0,
              0,
              90
            ]
          },
          "position": {
            "0.0": [
              0,
              0,
              0
            ],
            "0.3333": [
              0,
              21,
              0
            ]
          }
        }
      },
      "loop": "hold_on_last_frame"
    },
    "animation.brute.look_at_target": {
      "loop": true,
      "bones": {
        "h_boarbarian_brute_head": {
          "relative_to": {
            "rotation": "entity"
          },
          "rotation": [
            "query.target_x_rotation - this",
            "query.target_y_rotation - this",
            0.0
          ]
        }
      }
    }
  }
}