{
  "format_version": "1.8.0",
  "animations": {
    "animation.capybara.walk": {
      "loop": true,
      "animation_length": 1.0833,
      "anim_time_update": "query.anim_time + query.delta_time * v.anim_speed_multiplier * Math.min(1, q.modified_move_speed / v.anim_speed_movement_max)",
      "bones": {
        "body": {
          "rotation": {
            "0.0": [
              2,
              0,
              0
            ],
            "0.0417": [
              2.29,
              -0.01,
              0.22
            ],
            "0.0833": [
              2.73,
              -0.03,
              0.54
            ],
            "0.125": [
              3.12,
              -0.05,
              0.84
            ],
            "0.1667": [
              3.25,
              -0.06,
              1
            ],
            "0.2083": [
              3.06,
              -0.05,
              0.98
            ],
            "0.25": [
              2.66,
              -0.04,
              0.86
            ],
            "0.2917": [
              2.18,
              -0.02,
              0.7
            ],
            "0.3333": [
              1.75,
              -0.01,
              0.53
            ],
            "0.375": [
              1.5,
              0,
              0.4
            ],
            "0.4167": [
              1.45,
              0,
              0.3
            ],
            "0.4583": [
              1.56,
              0,
              0.22
            ],
            "0.5": [
              1.77,
              0,
              0.14
            ],
            "0.5417": [
              2,
              0,
              0
            ],
            "0.5833": [
              2.33,
              0.01,
              -0.24
            ],
            "0.625": [
              2.77,
              0.03,
              -0.56
            ],
            "0.6667": [
              3.13,
              0.05,
              -0.85
            ],
            "0.7083": [
              3.25,
              0.06,
              -1
            ],
            "0.75": [
              3.06,
              0.05,
              -0.98
            ],
            "0.7917": [
              2.66,
              0.04,
              -0.86
            ],
            "0.8333": [
              2.18,
              0.02,
              -0.7
            ],
            "0.875": [
              1.75,
              0.01,
              -0.53
            ],
            "0.9167": [
              1.5,
              0,
              -0.4
            ],
            "0.9583": [
              1.48,
              0,
              -0.28
            ],
            "1.0": [
              1.64,
              0,
              -0.16
            ],
            "1.0417": [
              1.86,
              0,
              -0.07
            ],
            "1.0833": [
              2,
              0,
              0
            ]
          },
          "position": {
            "0.0": [
              0,
              0.1,
              -0.1
            ],
            "0.0417": [
              0,
              0.1,
              -0.17
            ],
            "0.0833": [
              0,
              0.1,
              -0.27
            ],
            "0.125": [
              0,
              0.1,
              -0.36
            ],
            "0.1667": [
              0,
              0.1,
              -0.4
            ],
            "0.2083": [
              0,
              0.1,
              -0.39
            ],
            "0.25": [
              0,
              0.1,
              -0.36
            ],
            "0.2917": [
              0,
              0.1,
              -0.32
            ],
            "0.3333": [
              0,
              0.1,
              -0.27
            ],
            "0.375": [
              0,
              0.1,
              -0.23
            ],
            "0.4167": [
              0,
              0.1,
              -0.18
            ],
            "0.4583": [
              0,
              0.1,
              -0.14
            ],
            "0.5": [
              0,
              0.1,
              -0.11
            ],
            "0.5417": [
              0,
              0.1,
              -0.1
            ],
            "0.5833": [
              0,
              0.1,
              -0.15
            ],
            "0.625": [
              0,
              0.1,
              -0.25
            ],
            "0.6667": [
              0,
              0.1,
              -0.35
            ],
            "0.7083": [
              0,
              0.1,
              -0.4
            ],
            "0.75": [
              0,
              0.1,
              -0.39
            ],
            "0.7917": [
              0,
              0.1,
              -0.37
            ],
            "0.8333": [
              0,
              0.1,
              -0.33
            ],
            "0.875": [
              0,
              0.1,
              -0.29
            ],
            "0.9167": [
              0,
              0.1,
              -0.25
            ],
            "0.9583": [
              0,
              0.1,
              -0.2
            ],
            "1.0": [
              0,
              0.1,
              -0.16
            ],
            "1.0417": [
              0,
              0.1,
              -0.12
            ],
            "1.0833": [
              0,
              0.1,
              -0.1
            ]
          }
        },
        "head": {
          "rotation": [
            "Math.cos((query.anim_time - 0.39) * 666) * 1",
            0,
            0
          ]
        },
        "leftArm": {
          "rotation": {
            "0.0": [
              -19,
              0,
              0
            ],
            "0.3333": [
              10.2968,
              0.42909,
              -0.18217
            ],
            "0.5417": [
              24.45296,
              0.94399,
              -0.40078
            ],
            "0.75": [
              34.96864,
              0.62933,
              -0.26718
            ],
            "1.0417": [
              -12.73132,
              -0.07871,
              0.36107
            ],
            "1.0833": [
              -19,
              0,
              0
            ]
          },
          "position": {
            "0.0": [
              0,
              0,
              -0.8
            ],
            "0.3333": [
              0,
              -0.2,
              0.35
            ],
            "0.5417": [
              0,
              0.3,
              0.35
            ],
            "0.7917": [
              0,
              0.49,
              -0.74
            ],
            "1.0417": [
              0,
              0.8,
              -0.86
            ],
            "1.0833": [
              0,
              0,
              -0.8
            ]
          }
        },
        "rightArm": {
          "rotation": {
            "0.0": [
              24.45296,
              -0.94399,
              0.40078
            ],
            "0.2083": [
              34.96864,
              -0.62933,
              0.26718
            ],
            "0.5": [
              -12.73132,
              0.07871,
              -0.36107
            ],
            "0.5417": [
              -19,
              0,
              0
            ],
            "0.875": [
              10.2968,
              -0.42909,
              0.18217
            ],
            "1.0833": [
              24.45296,
              -0.94399,
              0.40078
            ]
          },
          "position": {
            "0.0": [
              0,
              0.3,
              0.35
            ],
            "0.25": [
              0,
              0.49,
              -0.74
            ],
            "0.5": [
              0,
              0.8,
              -0.86
            ],
            "0.5417": [
              0,
              0,
              -0.8
            ],
            "0.875": [
              0,
              -0.2,
              0.35
            ],
            "1.0833": [
              0,
              0.3,
              0.35
            ]
          }
        },
        "leftLeg": {
          "rotation": {
            "0.0": [
              -2.04,
              -0.59,
              0.84
            ],
            "0.25": [
              21.90363,
              -1.46252,
              2.10912
            ],
            "0.4167": [
              17.92,
              -0.80619,
              1.63838
            ],
            "0.75": [
              -16.99289,
              -1.06978,
              0.35949
            ],
            "0.9167": [
              -18,
              0,
              0
            ],
            "1.0833": [
              -2.04,
              -0.59,
              0.84
            ]
          },
          "position": {
            "0.0": [
              0,
              -0.06,
              0
            ],
            "0.25": [
              0,
              -0.2,
              0
            ],
            "0.4167": [
              0,
              0.72,
              0.27
            ],
            "0.75": [
              0,
              0.87,
              0.8
            ],
            "0.9167": [
              0,
              -0.1,
              0
            ],
            "1.0833": [
              0,
              -0.06,
              0
            ]
          }
        },
        "rightLeg": {
          "rotation": {
            "0.0": [
              4.83,
              0.91,
              -1.16
            ],
            "0.2083": [
              -16.99289,
              1.06978,
              -0.35949
            ],
            "0.375": [
              -18,
              0,
              0
            ],
            "0.5417": [
              -2.04,
              0.59,
              -0.84
            ],
            "0.7917": [
              21.90363,
              1.46252,
              -2.10912
            ],
            "0.9583": [
              17.92,
              0.80619,
              -1.63838
            ],
            "1.0833": [
              4.83,
              0.91,
              -1.16
            ]
          },
          "position": {
            "0.0": [
              0,
              0.78,
              0.47
            ],
            "0.2083": [
              0,
              0.87,
              0.8
            ],
            "0.375": [
              0,
              -0.1,
              0
            ],
            "0.5417": [
              0,
              -0.06,
              0
            ],
            "0.7917": [
              0,
              -0.2,
              0
            ],
            "0.9583": [
              0,
              0.72,
              0.27
            ],
            "1.0833": [
              0,
              0.78,
              0.47
            ]
          }
        }
      },
      "sound_effects": {
        "0.0": {
          "effect": "step"
        },
        "0.3333": {
          "effect": "step_-6dB"
        },
        "0.5417": {
          "effect": "step"
        },
        "0.9167": {
          "effect": "step_-6dB"
        }
      }
    },
    "animation.capybara.idle": {
      "loop": true
    },
    "animation.capybara.sit": {
      "loop": true,
      "bones": {
        "body": {
          "rotation": [
            -37.5,
            0,
            0
          ],
          "position": [
            0,
            -1,
            1
          ]
        },
        "head": {
          "rotation": [
            37.5,
            0,
            0
          ]
        },
        "leftLeg": {
          "rotation": [
            -90,
            -12.5,
            0
          ],
          "position": [
            2,
            -5.5,
            -4
          ]
        },
        "rightLeg": {
          "rotation": [
            -90,
            12.5,
            0
          ],
          "position": [
            -2,
            -5.5,
            -4
          ]
        },
        "leftArm": {
          "rotation": [
            -22.5,
            0,
            0
          ]
        },
        "rightArm": {
          "rotation": [
            -22.5,
            0,
            0
          ]
        }
      }
    },
    "animation.capybara.death": {
      "animation_length": 0.3333,
      "bones": {
        "root": {
          "rotation": {
            "0.0": [
              0,
              0,
              0
            ],
            "0.3333": [
              0,
              0,
              90
            ]
          },
          "position": [
            0,
            0,
            0
          ]
        }
      },
      "loop": "hold_on_last_frame"
    }
  }
}