{
  "format_version": "1.8.0",
  "animations": {
    "animation.elefante.walk": {
      "loop": true,
      "animation_length": 0.75,
      "bones": {
        "leg1": {
          "rotation": {
            "0.0": [
              0,
              0,
              0
            ],
            "0.375": [
              -25,
              0,
              0
            ],
            "0.75": [
              25,
              0,
              0
            ]
          },
          "position": [
            0,
            0,
            0
          ]
        },
        "leg0": {
          "rotation": {
            "0.0": [
              0,
              0,
              0
            ],
            "0.375": [
              22.5,
              0,
              0
            ],
            "0.75": [
              -20,
              0,
              0
            ]
          },
          "position": [
            0,
            0,
            0
          ]
        },
        "leg3": {
          "rotation": {
            "0.0": [
              0,
              0,
              0
            ],
            "0.375": [
              -20,
              0,
              0
            ],
            "0.75": [
              22.5,
              0,
              0
            ]
          },
          "position": [
            0,
            0,
            0
          ]
        },
        "leg2": {
          "rotation": {
            "0.0": [
              0,
              0,
              0
            ],
            "0.375": [
              22.5,
              0,
              0
            ],
            "0.75": [
              -27.5,
              0,
              0
            ]
          },
          "position": [
            0,
            0,
            0
          ]
        }
      }
    },
    "animation.elefante.death": {
      "animation_length": 0.25,
      "bones": {
        "centerpoint": {
          "rotation": {
            "0.0": [
              0,
              0,
              0
            ],
            "0.25": [
              0,
              0,
              82.5
            ]
          },
          "position": [
            0,
            0,
            0
          ]
        }
      },
      "loop": "hold_on_last_frame"
    },
    "animation.elefante.attack": {
      "animation_length": 0.5,
      "bones": {
        "h_head": {
          "rotation": {
            "0.0": [
              0,
              0,
              0
            ],
            "0.25": [
              -22.5,
              0,
              0
            ],
            "0.5": [
              5,
              0,
              0
            ]
          },
          "position": [
            0,
            0,
            0
          ]
        },
        "trunk": {
          "rotation": {
            "0.0": [
              0,
              0,
              0
            ],
            "0.25": [
              -30,
              0,
              0
            ],
            "0.5": [
              -10,
              0,
              0
            ]
          },
          "position": {
            "0.0": [
              0,
              0,
              0
            ],
            "0.5": [
              0,
              0,
              0
            ]
          }
        }
      }
    },
    "animation.elefante.idle": {
      "loop": true
    },
    "animation.elefante.look_at_target": {
      "loop": true,
      "bones": {
        "h_head": {
          "relative_to": {
            "rotation": "entity"
          },
          "rotation": [
            "query.target_x_rotation - this",
            "query.target_y_rotation - this",
            0.0
          ]
        }
      }
    }
  }
}