{
    "object": "jigsaw/stronghold/portal/main",
    "connectors": [{
        "name": "top",
        "targetName": "top",
        "rotateConnector": false,
        "innerConnector": false,
        "pools": ["stronghold/portalroom"],
        "keepEntity": false,
        "entityCount": 1,
        "position": {
            "x": 0,
            "y": 7,
            "z": 5
        },
        "direction": "UP_POSITIVE_Y"
    }],
    "placementOptions": {
        "rotation": {
            "enabled": false,
            "xAxis": {
                "enabled": false,
                "min": 0,
                "max": 0,
                "interval": 0
            },
            "yAxis": {
                "enabled": true,
                "min": 0,
                "max": 0,
                "interval": 90
            },
            "zAxis": {
                "enabled": false,
                "min": 0,
                "max": 0,
                "interval": 0
            }
        },
        "clamp": {
            "minimumHeight": 0,
            "maximumHeight": 255
        },
        "addFeatures": [],
        "snow": 0,
        "chance": 1,
        "density": 1,
        "overStilt": 0,
        "boreExtendMaxY": 0,
        "boreExtendMinY": 0,
        "FAST_MIN_HEIGHTInterpolationRadius": 16,
        "FAST_MIN_HEIGHTInterpolationMethod": "BILINEAR_STARCAST_9",
        "underwater": false,
        "carvingSupport": "SURFACE_ONLY",
        "smartBore": false,
        "waterloggable": false,
        "onwater": false,
        "meld": false,
        "bottom": false,
        "bore": true,
        "warp": {
            "style": "FLAT",
            "zoom": 1,
            "multiplier": 1,
            "axialFracturing": false,
            "exponent": 1
        },
        "translateCenter": false,
        "mode": "FAST_MAX_HEIGHT",
        "edit": [
            {
                "find": [{
                    "block": "minecraft:end_portal_frame",
                    "debug": false,
                    "weight": 1,
                    "data": {"facing": "east"}
                }],
                "replace": {
                    "style": {
                        "style": "STATIC",
                        "zoom": 1,
                        "multiplier": 1,
                        "axialFracturing": false,
                        "exponent": 1
                    },
                    "zoom": 5,
                    "palette": [{
                        "block": "minecraft:end_portal_frame",
                        "debug": false,
                        "weight": 1,
                        "data": {
                            "eye": "true",
                            "facing": "east"
                        }
                    }]
                },
                "exact": true,
                "chance": 0.15
            },
            {
                "find": [{
                    "block": "minecraft:end_portal_frame",
                    "debug": false,
                    "weight": 1,
                    "data": {"facing": "west"}
                }],
                "replace": {
                    "style": {
                        "style": "STATIC",
                        "zoom": 1,
                        "multiplier": 1,
                        "axialFracturing": false,
                        "exponent": 1
                    },
                    "zoom": 5,
                    "palette": [{
                        "block": "minecraft:end_portal_frame",
                        "debug": false,
                        "weight": 1,
                        "data": {
                            "eye": "true",
                            "facing": "west"
                        }
                    }]
                },
                "exact": true,
                "chance": 0.15
            },
            {
                "find": [{
                    "block": "minecraft:end_portal_frame",
                    "debug": false,
                    "weight": 1,
                    "data": {"facing": "north"}
                }],
                "replace": {
                    "style": {
                        "style": "STATIC",
                        "zoom": 1,
                        "multiplier": 1,
                        "axialFracturing": false,
                        "exponent": 1
                    },
                    "zoom": 5,
                    "palette": [{
                        "block": "minecraft:end_portal_frame",
                        "debug": false,
                        "weight": 1,
                        "data": {
                            "eye": "true",
                            "facing": "north"
                        }
                    }]
                },
                "exact": true,
                "chance": 0.15
            },
            {
                "find": [{
                    "block": "minecraft:end_portal_frame",
                    "debug": false,
                    "weight": 1,
                    "data": {"facing": "south"}
                }],
                "replace": {
                    "style": {
                        "style": "STATIC",
                        "zoom": 1,
                        "multiplier": 1,
                        "axialFracturing": false,
                        "exponent": 1
                    },
                    "zoom": 5,
                    "palette": [{
                        "block": "minecraft:end_portal_frame",
                        "debug": false,
                        "weight": 1,
                        "data": {
                            "eye": "true",
                            "facing": "south"
                        }
                    }]
                },
                "exact": true,
                "chance": 0.15
            },
            {
                "find": [{
                    "block": "minecraft:stone_bricks",
                    "debug": false,
                    "weight": 1,
                    "data": {}
                }],
                "replace": {
                    "style": {
                        "style": "STATIC",
                        "zoom": 1,
                        "multiplier": 1,
                        "axialFracturing": false,
                        "exponent": 1
                    },
                    "zoom": 5,
                    "palette": [
                        {
                            "block": "minecraft:mossy_stone_bricks",
                            "debug": false,
                            "weight": 1,
                            "data": {}
                        },
                        {
                            "block": "minecraft:cracked_stone_bricks",
                            "debug": false,
                            "weight": 1,
                            "data": {}
                        }
                    ]
                },
                "exact": false,
                "chance": 0.3
            },
            {
                "find": [{
                    "block": "minecraft:stone",
                    "debug": false,
                    "weight": 1,
                    "data": {}
                }],
                "replace": {
                    "style": {
                        "style": "STATIC",
                        "zoom": 1,
                        "multiplier": 1,
                        "axialFracturing": false,
                        "exponent": 1
                    },
                    "zoom": 4,
                    "palette": [{
                        "block": "minecraft:stone_bricks",
                        "debug": false,
                        "weight": 1,
                        "data": {}
                    }]
                },
                "exact": false,
                "chance": 0.3
            }
        ],
        "scale": {
            "variations": 7,
            "minimumScale": 1,
            "maximumScale": 1,
            "interpolation": "NONE"
        },
        "loot": ["stronghold/generic"]
    }
}
