{"format_version":"1.8.0","animations":{"walk":{"loop":true,"animation_length":1.5417,"bones":{"arm1":{"rotation":{"0.0":[0,0,0],"0.4583":[40,0,0],"0.8333":[0,0,0],"1.1667":[-35,0,0],"1.5417":[2.5,0,0]},"position":[0,0,0]},"arm2":{"rotation":{"0.0":[0,0,0],"0.4583":[-45,0,0],"0.8333":[0,0,0],"1.1667":[25,0,0],"1.5417":[0,0,0]},"position":[0,0,0]},"leg1":{"rotation":{"0.0":[0,0,0],"0.4583":[45,0,0],"0.8333":[0,0,0],"1.1667":[-35,0,0],"1.5417":[0,0,0]},"position":[0,0,0]},"leg2":{"rotation":{"0.0":[0,0,0],"0.4583":[-50,0,0],"0.8333":[0,0,0],"1.1667":[30,0,0],"1.5417":[-0.9099999999999966,0,0]},"position":[0,0,0]}}},"death":{"animation_length":0.5,"override_previous_animation":true,"bones":{"body":{"rotation":{"0.0":[0,0,0],"0.375":[0,0,87.5]}}}},"attack":{"animation_length":1.2083,"bones":{"arm1":{"rotation":{"0.0":[0,0,0],"0.625":[-135,0,0],"0.9167":[0,0,0]},"position":[0,0,0]},"arm2":{"rotation":{"0.0":[0,0,0],"0.5":[-102.5,0,0],"0.625":[-127.5,0,0],"0.9167":[0,0,0]},"position":[0,0,0]},"leg1":{"rotation":{"0.0":[0,0,0],"0.625":[27.5,0,0]},"position":[0,0,0]},"leg2":{"rotation":{"0.0":[0,0,0],"0.625":[-32.5,0,0]},"position":[0,0,0]}}},"idle":{"loop":true}}}