{"format_version":"1.8.0","render_controllers":{"controller.render.boarbarian_iron_golem17":{"geometry":"Geometry.t_512_512","materials":[{"*":"Material.default"}],"textures":["Texture.iron_golem17"],"part_visibility":[{"*":false},{"boarbarian_body":"math.mod(math.floor(query.property('modelengine:bone0') / 4), 2) == 1"},{"boarbarian_head":"math.mod(math.floor(query.property('modelengine:bone0') / 8), 2) == 1"},{"boarbarian_left_ear":"math.mod(math.floor(query.property('modelengine:bone0') / 16), 2) == 1"},{"boarbarian_right_ear":"math.mod(math.floor(query.property('modelengine:bone0') / 32), 2) == 1"},{"boarbarian_spikes":"math.mod(math.floor(query.property('modelengine:bone0') / 64), 2) == 1"},{"left_arm":"math.mod(math.floor(query.property('modelengine:bone0') / 1024), 2) == 1"},{"left_arm2":"math.mod(math.floor(query.property('modelengine:bone0') / 2048), 2) == 1"},{"left_leg":"math.mod(math.floor(query.property('modelengine:bone0') / 4096), 2) == 1"},{"left_leg_sub_0":"math.mod(math.floor(query.property('modelengine:bone0') / 8192), 2) == 1"},{"right_arm":"math.mod(math.floor(query.property('modelengine:bone0') / 65536), 2) == 1"},{"right_arm_sub_0":"math.mod(math.floor(query.property('modelengine:bone0') / 131072), 2) == 1"},{"right_leg":"math.mod(math.floor(query.property('modelengine:bone0') / 262144), 2) == 1"},{"right_leg2":"math.mod(math.floor(query.property('modelengine:bone0') / 524288), 2) == 1"}]}}}