{"format_version":"1.8.0","render_controllers":{"controller.render.qmob_creaking_qmob_creaking":{"geometry":"Geometry.t_64_64","materials":[{"*":"Material.default"}],"textures":["Texture.qmob_creaking"],"part_visibility":[{"*":false},{"arm_left":"math.mod(math.floor(query.property('modelengine:bone0') / 1), 2) == 1"},{"arm_right":"math.mod(math.floor(query.property('modelengine:bone0') / 2), 2) == 1"},{"eyes":"math.mod(math.floor(query.property('modelengine:bone0') / 4), 2) == 1"},{"head":"math.mod(math.floor(query.property('modelengine:bone0') / 8), 2) == 1"},{"leg_left":"math.mod(math.floor(query.property('modelengine:bone0') / 16), 2) == 1"},{"leg_right":"math.mod(math.floor(query.property('modelengine:bone0') / 32), 2) == 1"},{"torso":"math.mod(math.floor(query.property('modelengine:bone0') / 64), 2) == 1"}]}}}