{"format_version":"1.8.0","render_controllers":{"controller.render.rinoceronte_pa_rhinoceros":{"geometry":"Geometry.t_128_128","materials":[{"*":"Material.default"}],"textures":["Texture.pa_rhinoceros"],"part_visibility":[{"*":false},{"arm1":"math.mod(math.floor(query.property('modelengine:bone0') / 1), 2) == 1"},{"arm2":"math.mod(math.floor(query.property('modelengine:bone0') / 2), 2) == 1"},{"body":"math.mod(math.floor(query.property('modelengine:bone0') / 4), 2) == 1"},{"bone":"math.mod(math.floor(query.property('modelengine:bone0') / 8), 2) == 1"},{"bone2":"math.mod(math.floor(query.property('modelengine:bone0') / 16), 2) == 1"},{"head":"math.mod(math.floor(query.property('modelengine:bone0') / 32), 2) == 1"},{"leg1":"math.mod(math.floor(query.property('modelengine:bone0') / 64), 2) == 1"},{"leg2":"math.mod(math.floor(query.property('modelengine:bone0') / 128), 2) == 1"}]}}}