{"format_version":"1.8.0","render_controllers":{"controller.render.duck_duck":{"geometry":"Geometry.t_64_64","materials":[{"*":"Material.default"}],"textures":["Texture.duck"],"part_visibility":[{"*":false},{"bill":"math.mod(math.floor(query.property('modelengine:bone0') / 1), 2) == 1"},{"body":"math.mod(math.floor(query.property('modelengine:bone0') / 2), 2) == 1"},{"bowtie":"math.mod(math.floor(query.property('modelengine:bone0') / 8), 2) == 1"},{"head":"math.mod(math.floor(query.property('modelengine:bone0') / 16), 2) == 1"},{"left_leg":"math.mod(math.floor(query.property('modelengine:bone0') / 64), 2) == 1"},{"left_wing":"math.mod(math.floor(query.property('modelengine:bone0') / 128), 2) == 1"},{"right_leg":"math.mod(math.floor(query.property('modelengine:bone0') / 1024), 2) == 1"},{"right_wing":"math.mod(math.floor(query.property('modelengine:bone0') / 2048), 2) == 1"}]}}}