{"format_version":"1.8.0","render_controllers":{"controller.render.elefante_pa_elephant2":{"geometry":"Geometry.t_256_256","materials":[{"*":"Material.default"}],"textures":["Texture.pa_elephant2"],"part_visibility":[{"*":false},{"body":"math.mod(math.floor(query.property('modelengine:bone0') / 1), 2) == 1"},{"earleft":"math.mod(math.floor(query.property('modelengine:bone0') / 4), 2) == 1"},{"earright":"math.mod(math.floor(query.property('modelengine:bone0') / 8), 2) == 1"},{"head":"math.mod(math.floor(query.property('modelengine:bone0') / 16), 2) == 1"},{"leg0":"math.mod(math.floor(query.property('modelengine:bone0') / 32), 2) == 1"},{"leg1":"math.mod(math.floor(query.property('modelengine:bone0') / 64), 2) == 1"},{"leg2":"math.mod(math.floor(query.property('modelengine:bone0') / 128), 2) == 1"},{"leg3":"math.mod(math.floor(query.property('modelengine:bone0') / 256), 2) == 1"},{"tail":"math.mod(math.floor(query.property('modelengine:bone0') / 512), 2) == 1"},{"trunk":"math.mod(math.floor(query.property('modelengine:bone0') / 1024), 2) == 1"},{"tusk":"math.mod(math.floor(query.property('modelengine:bone0') / 2048), 2) == 1"}]}}}