{"format_version":"1.8.0","render_controllers":{"controller.render.brute_iron_golem15":{"geometry":"Geometry.t_512_512","materials":[{"*":"Material.default"}],"textures":["Texture.iron_golem15"],"part_visibility":[{"*":false},{"boarbarian_brute":"math.mod(math.floor(query.property('modelengine:bone0') / 4), 2) == 1"},{"boarbarian_brute_left_arm":"math.mod(math.floor(query.property('modelengine:bone0') / 8), 2) == 1"},{"boarbarian_brute_left_ear":"math.mod(math.floor(query.property('modelengine:bone0') / 16), 2) == 1"},{"boarbarian_brute_left_leg":"math.mod(math.floor(query.property('modelengine:bone0') / 32), 2) == 1"},{"boarbarian_brute_right_arm":"math.mod(math.floor(query.property('modelengine:bone0') / 64), 2) == 1"},{"boarbarian_brute_right_ear":"math.mod(math.floor(query.property('modelengine:bone0') / 128), 2) == 1"},{"boarbarian_brute_right_leg":"math.mod(math.floor(query.property('modelengine:bone0') / 256), 2) == 1"},{"boarbarian_chieftain_left_leg":"math.mod(math.floor(query.property('modelengine:bone0') / 512), 2) == 1"},{"boarbarian_chieftain_right_leg":"math.mod(math.floor(query.property('modelengine:bone0') / 1024), 2) == 1"},{"boarbarian_crimson_left_leg":"math.mod(math.floor(query.property('modelengine:bone0') / 2048), 2) == 1"},{"boarbarian_crimson_right_leg":"math.mod(math.floor(query.property('modelengine:bone0') / 4096), 2) == 1"},{"boarbarian_warped_left_leg":"math.mod(math.floor(query.property('modelengine:bone0') / 8192), 2) == 1"},{"boarbarian_warped_right_leg":"math.mod(math.floor(query.property('modelengine:bone0') / 16384), 2) == 1"},{"body_sub_11":"math.mod(math.floor(query.property('modelengine:bone0') / 262144), 2) == 1"},{"h_boarbarian_brute_head":"math.mod(math.floor(query.property('modelengine:bone0') / 524288), 2) == 1"},{"left_arm2":"math.mod(math.floor(query.property('modelengine:bone0') / 2097152), 2) == 1"},{"left_leg":"math.mod(math.floor(query.property('modelengine:bone0') / 4194304), 2) == 1"},{"left_leg_sub_0":"math.mod(math.floor(query.property('modelengine:bone0') / 8388608), 2) == 1"},{"right_arm_sub_0":"math.mod(math.floor(query.property('modelengine:bone1') / 8), 2) == 1"},{"right_leg":"math.mod(math.floor(query.property('modelengine:bone1') / 16), 2) == 1"},{"right_leg2":"math.mod(math.floor(query.property('modelengine:bone1') / 32), 2) == 1"}]}}}