{"format_version":"1.8.0","render_controllers":{"controller.render.pinguino_blue":{"geometry":"Geometry.t_64_64","materials":[{"*":"Material.default"}],"textures":["Texture.blue"],"part_visibility":[{"*":false},{"body":"math.mod(math.floor(query.property('modelengine:bone0') / 1), 2) == 1"},{"head":"math.mod(math.floor(query.property('modelengine:bone0') / 2), 2) == 1"},{"left_arm":"math.mod(math.floor(query.property('modelengine:bone0') / 4), 2) == 1"},{"left_gills":"math.mod(math.floor(query.property('modelengine:bone0') / 8), 2) == 1"},{"left_leg":"math.mod(math.floor(query.property('modelengine:bone0') / 16), 2) == 1"},{"right_arm":"math.mod(math.floor(query.property('modelengine:bone0') / 32), 2) == 1"},{"right_gills":"math.mod(math.floor(query.property('modelengine:bone0') / 64), 2) == 1"},{"right_gills2":"math.mod(math.floor(query.property('modelengine:bone0') / 128), 2) == 1"},{"right_gills3":"math.mod(math.floor(query.property('modelengine:bone0') / 256), 2) == 1"},{"right_leg":"math.mod(math.floor(query.property('modelengine:bone0') / 1024), 2) == 1"}]}}}