{"textures":{"0":"modelengine:entity/pa_bison"},"elements":[{"from":[1.5,7.0,-5.25],"to":[11.5,20.5,7.75],"faces":{"east":{"uv":[0.0,3.25,3.25,6.625],"tintindex":0,"rotation":0,"texture":"#0"},"south":{"uv":[9.0,3.25,11.5,6.625],"tintindex":0,"rotation":0,"texture":"#0"},"north":{"uv":[3.25,3.25,5.75,6.625],"tintindex":0,"rotation":0,"texture":"#0"},"west":{"uv":[5.75,3.25,9.0,6.625],"tintindex":0,"rotation":0,"texture":"#0"},"up":{"uv":[5.75,3.25,3.25,0.0],"tintindex":0,"rotation":0,"texture":"#0"},"down":{"uv":[8.25,0.0,5.75,3.25],"tintindex":0,"rotation":0,"texture":"#0"}}},{"from":[2.0,7.0,7.75],"to":[11.0,16.5,17.25],"faces":{"east":{"uv":[0.0,9.25,2.375,11.625],"tintindex":0,"rotation":0,"texture":"#0"},"south":{"uv":[7.0,9.25,9.25,11.625],"tintindex":0,"rotation":0,"texture":"#0"},"north":{"uv":[2.375,9.25,4.625,11.625],"tintindex":0,"rotation":0,"texture":"#0"},"west":{"uv":[4.625,9.25,7.0,11.625],"tintindex":0,"rotation":0,"texture":"#0"},"up":{"uv":[4.625,9.25,2.375,6.875],"tintindex":0,"rotation":0,"texture":"#0"},"down":{"uv":[6.875,6.875,4.625,9.25],"tintindex":0,"rotation":0,"texture":"#0"}}}],"display":{"gui":{"rotation":[30,225,0]}}}