{"textures":{"0":"modelengine:entity/pa_bison"},"elements":[{"from":[3.0,4.5,6.5],"to":[5.0,5.5,7.5],"faces":{"east":{"uv":[0.0,3.0,0.25,3.25],"tintindex":0,"rotation":0,"texture":"#0"},"south":{"uv":[1.0,3.0,1.5,3.25],"tintindex":0,"rotation":0,"texture":"#0"},"north":{"uv":[0.25,3.0,0.75,3.25],"tintindex":0,"rotation":0,"texture":"#0"},"west":{"uv":[0.75,3.0,1.0,3.25],"tintindex":0,"rotation":0,"texture":"#0"},"up":{"uv":[0.75,3.0,0.25,2.75],"tintindex":0,"rotation":0,"texture":"#0"},"down":{"uv":[1.25,2.75,0.75,3.0],"tintindex":0,"rotation":0,"texture":"#0"}},"rotation":{"origin":[8.0,7.5,11.0],"angle":0.0,"axis":"y"}},{"from":[7.0,4.5,7.0],"to":[9.5,5.5,8.0],"faces":{"east":{"uv":[0.0,3.0,0.25,3.25],"tintindex":0,"rotation":0,"texture":"#0"},"south":{"uv":[1.125,3.0,1.75,3.25],"tintindex":0,"rotation":0,"texture":"#0"},"north":{"uv":[0.25,3.0,0.875,3.25],"tintindex":0,"rotation":0,"texture":"#0"},"west":{"uv":[0.875,3.0,1.125,3.25],"tintindex":0,"rotation":0,"texture":"#0"},"up":{"uv":[0.875,3.0,0.25,2.75],"tintindex":0,"rotation":0,"texture":"#0"},"down":{"uv":[1.5,2.75,0.875,3.0],"tintindex":0,"rotation":0,"texture":"#0"}},"rotation":{"origin":[8.0,7.5,11.0],"angle":0.0,"axis":"y"}},{"from":[3.25,5.0,2.5],"to":[9.25,10.0,8.5],"faces":{"east":{"uv":[8.375,1.5,9.875,2.75],"tintindex":0,"rotation":0,"texture":"#0"},"south":{"uv":[12.875,1.5,14.375,2.75],"tintindex":0,"rotation":0,"texture":"#0"},"north":{"uv":[9.875,1.5,11.375,2.75],"tintindex":0,"rotation":0,"texture":"#0"},"west":{"uv":[11.375,1.5,12.875,2.75],"tintindex":0,"rotation":0,"texture":"#0"},"up":{"uv":[11.375,1.5,9.875,0.0],"tintindex":0,"rotation":0,"texture":"#0"},"down":{"uv":[12.875,0.0,11.375,1.5],"tintindex":0,"rotation":0,"texture":"#0"}},"rotation":{"origin":[8.0,7.5,11.0],"angle":0.0,"axis":"x"}},{"from":[4.5,0.5,2.5],"to":[8.0,7.5,8.0],"faces":{"east":{"uv":[9.5,8.125,10.875,9.875],"tintindex":0,"rotation":0,"texture":"#0"},"south":{"uv":[13.125,8.125,14.0,9.875],"tintindex":0,"rotation":0,"texture":"#0"},"north":{"uv":[10.875,8.125,11.75,9.875],"tintindex":0,"rotation":0,"texture":"#0"},"west":{"uv":[11.75,8.125,13.125,9.875],"tintindex":0,"rotation":0,"texture":"#0"},"up":{"uv":[11.75,8.125,10.875,6.75],"tintindex":0,"rotation":0,"texture":"#0"},"down":{"uv":[12.625,6.75,11.75,8.125],"tintindex":0,"rotation":0,"texture":"#0"}}},{"from":[6.0,-5.5,3.5],"to":[6.0,1.0,8.5],"faces":{"east":{"uv":[0.0,1.125,1.25,2.75],"tintindex":0,"rotation":0,"texture":"#0"},"west":{"uv":[1.25,1.125,2.5,2.75],"tintindex":0,"rotation":0,"texture":"#0"}}}],"display":{"gui":{"rotation":[30,225,0]}}}