{"textures":{"0":"modelengine:entity/pa_bison"},"elements":[{"from":[3.6000004,-8.0,3.0],"to":[9.6,6.0,10.5],"faces":{"east":{"uv":[9.375,10.875,10.25,12.625],"tintindex":0,"rotation":0,"texture":"#0"},"south":{"uv":[11.875,10.875,12.625,12.625],"tintindex":0,"rotation":0,"texture":"#0"},"north":{"uv":[10.25,10.875,11.0,12.625],"tintindex":0,"rotation":0,"texture":"#0"},"west":{"uv":[11.0,10.875,11.875,12.625],"tintindex":0,"rotation":0,"texture":"#0"},"up":{"uv":[11.0,10.875,10.25,10.0],"tintindex":0,"rotation":0,"texture":"#0"},"down":{"uv":[11.75,10.0,11.0,10.875],"tintindex":0,"rotation":0,"texture":"#0"}}}],"display":{"gui":{"rotation":[30,225,0]}}}