{
  "display": {
    "icon": {
      "item": "barrel"
    },
    "title": {
      "translate":"incendium.advancement.infernal_dunes.pipeline.pipeline_treasure.title","fallback":"Plumber's Plunder"
    },
    "description": {
      "translate":"incendium.advancement.infernal_dunes.pipeline.pipeline_treasure.desc","fallback":"Retrieve a Pipeline's hidden treasure"
    },
    "frame": "challenge",
    "show_toast": true,
    "announce_to_chat": true,
    "hidden": false
  },
  "parent": "incendium:infernal_dunes/pipeline/kill_sentry",
  "criteria": {
    "requirement": {
      "trigger": "minecraft:player_generates_container_loot",
      "conditions": {
        "loot_table": "incendium:pipeline/treasure"
      }
    }
  }
}
