{
    "type": "minecraft:tree",
    "config": {
        "decorators": [],
        "dirt_provider": {
            "type": "minecraft:simple_state_provider",
            "state": {
                "Name": "minecraft:dirt"
            }
        },
        "foliage_placer": {
            "type": "minecraft:random_spread_foliage_placer",
            "foliage_height": 2,
            "leaf_placement_attempts": 50,
            "offset": 0,
            "radius": 3
        },
        "foliage_provider": {
            "type": "minecraft:simple_state_provider",
            "state": {
                "Name": "minecraft:birch_leaves",
                "Properties": {
                    "distance": "7",
                    "persistent": "false",
                    "waterlogged": "false"
                }
            }
        },
        "minimum_size": {
            "type": "minecraft:two_layers_feature_size"
        },
        "trunk_placer": {
            "type": "minecraft:bending_trunk_placer",
            "base_height": 8,
            "bend_length": {
                "type": "minecraft:uniform",
                "min_inclusive": 1,
                "max_inclusive": 4
            },
            "height_rand_a": 3,
            "height_rand_b": 1,
            "min_height_for_leaves": 8
        },
        "trunk_provider": {
            "type": "minecraft:simple_state_provider",
            "state": {
                "Name": "minecraft:birch_log",
                "Properties": {
                    "axis": "y"
                }
            }
        }
    }
}