{
  "pools": [
    {
      "rolls": 1,
      "entries": [
        {
          "type": "minecraft:item",
          "name": "minecraft:elytra",
          "functions": [
            {
              "function": "minecraft:set_attributes",
              "modifiers": [
                {
                  "attribute": "minecraft:generic.armor",
                  "name": "armor",
                  "amount": 6,
                  "operation": "add_value",
                  "slot": "chest"
                },
                {
                  "attribute": "minecraft:generic.armor_toughness",
                  "name": "armor_toughness",
                  "amount": 1,
                  "operation": "add_value",
                  "slot": "chest"
                },
                {
                  "attribute": "minecraft:generic.movement_speed",
                  "name": "speed",
                  "amount": -0.05,
                  "operation": "add_multiplied_base",
                  "slot": "chest"
                }
              ]
            },
            {
              "function": "minecraft:set_name",
              "name": {
                "translate":"incendium.item.infernal_wings.name","fallback":"Infernal Wings",
                "color": "#ff3333",
                "italic": false
              }
            },
            {
              "function": "minecraft:set_lore",
              "lore": [
                {
                  "translate":"incendium.item.infernal_wings.desc1","fallback":"A pair of armored wings",
                  "color": "#ff1234",
                  "italic": true
                },
                {
                  "translate":"incendium.item.infernal_wings.desc2","fallback":"forged from the scraps",
                  "color": "#ff1234",
                  "italic": true
                },
                {
                  "translate":"incendium.item.infernal_wings.desc3","fallback":"of the Hovering Inferno's shields",
                  "color": "#ff1234",
                  "italic": true
                },
                "",
                {
                  "translate":"incendium","fallback":"Incendium",
                  "color": "#FF8000",
                  "italic": true
                }
              ],
              "mode": "replace_all"
            },
            {
              "function": "minecraft:set_custom_data",
              "tag": "{incendium:{item:'infernal_wings'}}"
            },
            {
              "function": "minecraft:set_components",
              "components": {
                "minecraft:custom_model_data": 1450201,
                "minecraft:enchantment_glint_override": true
              }
            }
          ]
        }
      ]
    }
  ]
}
