{
    "connectors": [
        {
            "targetName": "minecraft:bottom",
            "innerConnector": false,
            "rotateConnector": false,
            "name": "minecraft:bottom",
            "position": {
                "x": -3,
                "y": -4,
                "z": -1
            },
            "direction": "NORTH_NEGATIVE_Z"
        },
        {
            "targetName": "minecraft:bottom",
            "innerConnector": false,
            "rotateConnector": false,
            "name": "minecraft:bottom",
            "position": {
                "x": -2,
                "y": -4,
                "z": -2
            },
            "direction": "NORTH_NEGATIVE_Z"
        },
        {
            "targetName": "minecraft:street",
            "innerConnector": false,
            "rotateConnector": false,
            "name": "minecraft:street",
            "pools": ["village/plains/zombie/streets"],
            "position": {
                "x": -5,
                "y": -3,
                "z": 0
            },
            "direction": "WEST_NEGATIVE_X"
        },
        {
            "targetName": "minecraft:street",
            "innerConnector": false,
            "rotateConnector": false,
            "name": "minecraft:street",
            "pools": ["village/plains/zombie/streets"],
            "position": {
                "x": 0,
                "y": -3,
                "z": 5
            },
            "direction": "SOUTH_POSITIVE_Z"
        },
        {
            "targetName": "minecraft:street",
            "innerConnector": false,
            "rotateConnector": false,
            "name": "minecraft:street",
            "pools": ["village/plains/zombie/streets"],
            "position": {
                "x": 5,
                "y": -3,
                "z": 0
            },
            "direction": "EAST_POSITIVE_X"
        }
    ],
    "placementOptions": {
        "overStilt": 0,
        "chance": 1,
        "meld": false,
        "density": 1,
        "bottom": false,
        "translateCenter": false,
        "rotation": {
            "yAxis": {
                "min": 0,
                "max": 270,
                "interval": 90,
                "enabled": true
            },
            "xAxis": {
                "min": 0,
                "max": 0,
                "interval": 0,
                "enabled": false
            },
            "zAxis": {
                "min": 0,
                "max": 0,
                "interval": 0,
                "enabled": false
            },
            "enabled": true
        },
        "boreExtendMinY": -1,
        "smartBore": false,
        "waterloggable": false,
        "bore": false,
        "translate": {
            "yRandom": 0,
            "x": 0,
            "y": -1,
            "z": 0
        },
        "mode": "FAST_MAX_HEIGHT",
        "carvingSupport": "SURFACE_ONLY",
        "snow": 0,
        "underwater": false,
        "boreExtendMaxY": 0,
        "onwater": false,
        "clamp": {
            "minimumHeight": 0,
            "maximumHeight": 255
        },
        "warp": {
            "multiplier": 1,
            "style": "FLAT",
            "zoom": 1,
            "maxFractureAccuracy": false,
            "exponent": 1
        }
    },
    "object": "jigsaw/village/plains/zombie/town_centers/meeting_point_3"
}
