{"format_version":"1.12.0","minecraft:geometry":[{"description":{"identifier":"geometry.monkey","texture_width":64,"texture_height":64,"visible_bounds_width":4,"visible_bounds_height":2.5,"visible_bounds_offset":[0,0.75,0]},"bones":[{"name":"body","pivot":[0,7,0],"cubes":[{"origin":[-3,5,-5],"size":[6,5,11],"uv":[0,0]}]},{"name":"tail","parent":"body","pivot":[0,8,6],"rotation":[-25,0,0],"cubes":[{"origin":[-1,7,6],"size":[2,2,14],"uv":[0,16]}]},{"name":"arm1","parent":"body","pivot":[3,7,-3],"cubes":[{"origin":[2,0,-4],"size":[2,9,3],"uv":[29,29]}]},{"name":"arm2","parent":"body","pivot":[-3,7,-3],"cubes":[{"origin":[-4,0,-4],"size":[2,9,3],"uv":[0,16]}],"locators":{"held_item":[3,0,-4]}},{"name":"h_head","parent":"body","pivot":[0,8,-5],"cubes":[{"origin":[-3,6,-10],"size":[6,7,5],"uv":[0,36]},{"origin":[3,7,-7],"size":[2,3,0],"uv":[27,50]},{"origin":[-5,7,-7],"size":[2,3,0],"uv":[14,51]},{"origin":[-2,6,-11],"size":[4,3,1],"uv":[29,60]},{"origin":[-2,6,-12],"size":[4,3,1],"uv":[15,60]}]},{"name":"leg1","parent":"body","pivot":[3,6,4],"cubes":[{"origin":[2,0,4],"size":[2,7,3],"uv":[23,0]}]},{"name":"leg2","parent":"body","pivot":[-3,6,4],"cubes":[{"origin":[-4,0,4],"size":[2,7,3],"uv":[0,0]}]}]}]}