{"textures":{"0":"modelengine:entity/pa_rhinoceros"},"elements":[{"from":[4.0,-1.0,4.0],"to":[11.0,9.0,11.0],"faces":{"east":{"uv":[9.875,8.25,10.75,9.5],"tintindex":0,"rotation":0,"texture":"#0"},"south":{"uv":[12.5,8.25,13.375,9.5],"tintindex":0,"rotation":0,"texture":"#0"},"north":{"uv":[10.75,8.25,11.625,9.5],"tintindex":0,"rotation":0,"texture":"#0"},"west":{"uv":[11.625,8.25,12.5,9.5],"tintindex":0,"rotation":0,"texture":"#0"},"up":{"uv":[11.625,8.25,10.75,7.375],"tintindex":0,"rotation":0,"texture":"#0"},"down":{"uv":[12.5,7.375,11.625,8.25],"tintindex":0,"rotation":0,"texture":"#0"}}}],"display":{"gui":{"rotation":[30,225,0]}}}