{
    "pools": [
        {
            "rolls": 1,
            "entries": [
                {
                    "type": "minecraft:item",
                    "name": "minecraft:armor_stand",
                    "functions": [
                        {
                            "function": "minecraft:set_nbt",
                            "tag": "{display:{Name:'{\"text\":\"Ivis Seed\",\"italic\":false}'},CustomModelData:5551,eth:{ivis_seed:1b},EntityTag:{Marker:1b,Invisible:1b,Tags:[\"eth.seedling\",\"eth.ignore\",\"eth.modified\"]}}"
                        }
                    ]
                }
            ]
        }
    ]
}