{
    "pools": [
        {
            "rolls": 1,
            "entries": [
                {
                    "type": "minecraft:item",
                    "name": "wooden_sword",
                    "functions": [
                        {
                            "function": "minecraft:set_name",
                            "name": {
                                "text": "Etheral Crafter",
                                "color": "white",
                                "italic": false
                            }
                        },
                        {
                            "function": "minecraft:set_nbt",
                            "tag": "{display:{Name:'{\"text\":\"Arrow Clip\",\"italic\":false}'},HideFlags:2,RepairCost:1000,Damage:1,CustomModelData:5552,eth:{arrow_clip:1b},AttributeModifiers:[{AttributeName:\"generic.attack_damage\",Name:\"generic.attack_damage\",Amount:0,Operation:0,UUID:[I;-1750105302,1351698572,-2068599286,779258061],Slot:\"mainhand\"}]}"
                        }
                    ]
                }
            ]
        }
    ]
}