{
    "pools": [
        {
            "rolls": 1,
            "entries": [
                {
                    "type": "minecraft:item",
                    "name": "netherite_chestplate",
                    "functions": [
                        {
                            "function": "minecraft:set_nbt",
                            "tag": "{Unbreakable:1b,display:{Name:'{\"text\":\"Beastmaster Chestplate\",\"color\":\"dark_purple\",\"italic\":false}',Lore:['{\"text\":\" \"}','{\"text\":\"When on Body: \",\"color\":\"gray\",\"italic\":false}','{\"text\":\" +12 Armor\",\"color\":\"blue\",\"italic\":false}','{\"text\":\" +5 Armor Toughness\",\"color\":\"blue\",\"italic\":false}','{\"text\":\" +2 Knockback Resistance\",\"color\":\"blue\",\"italic\":false}','{\"text\":\" \"}','{\"text\":\"Set Bonus:\",\"color\":\"gray\",\"italic\":false}','{\"text\":\" +6 Tamed Damage\",\"color\":\"blue\",\"italic\":false}','{\"text\":\" Tamed Passive Regen\",\"color\":\"blue\",\"italic\":false}']},HideFlags:2,eth:{beastmaster_chestplate:1b},AttributeModifiers:[{AttributeName:\"generic.armor\",Name:\"generic.armor\",Amount:12,Operation:0,UUID:[I;-1061734079,1365724027,-2052298464,-1776237914],Slot:\"chest\"},{AttributeName:\"generic.armor_toughness\",Name:\"generic.armor_toughness\",Amount:5,Operation:0,UUID:[I;1081807889,1334461396,-1719665131,-1188103325],Slot:\"chest\"},{AttributeName:\"generic.knockback_resistance\",Name:\"generic.knockback_resistance\",Amount:2,Operation:0,UUID:[I;-22112339,158550989,-2124700551,-1500320358],Slot:\"chest\"}]}"
                        }
                    ]
                }
            ]
        }
    ]
}