{
    "pools": [
        {
            "rolls": 1,
            "entries": [
                {
                    "type": "minecraft:item",
                    "name": "netherite_helmet",
                    "functions": [
                        {
                            "function": "minecraft:set_name",
                            "name": {
                                "text": "Etheral Crafter",
                                "color": "white",
                                "italic": false
                            }
                        },
                        {
                            "function": "minecraft:set_nbt",
                            "tag": "{Unbreakable:1b,display:{Name:'{\"text\":\"Beastmaster Helmet\",\"color\":\"dark_purple\",\"italic\":false}',Lore:['{\"text\":\" \"}','{\"text\":\"When on Head: \",\"color\":\"gray\",\"italic\":false}','{\"text\":\" +4 Armor\",\"color\":\"blue\",\"italic\":false}','{\"text\":\" +5 Armor Toughness\",\"color\":\"blue\",\"italic\":false}','{\"text\":\" +2 Knockback Resistance\",\"color\":\"blue\",\"italic\":false}','{\"text\":\" \"}','{\"text\":\"Set Bonus:\",\"color\":\"gray\",\"italic\":false}','{\"text\":\" +6 Tamed Damage\",\"color\":\"blue\",\"italic\":false}','{\"text\":\" Tamed Passive Regen\",\"color\":\"blue\",\"italic\":false}']},HideFlags:2,eth:{beastmaster_helmet:1b},AttributeModifiers:[{AttributeName:\"generic.armor\",Name:\"generic.armor\",Amount:4,Operation:0,UUID:[I;-630978240,1550404443,-1362895986,1548338113],Slot:\"head\"},{AttributeName:\"generic.armor_toughness\",Name:\"generic.armor_toughness\",Amount:5,Operation:0,UUID:[I;-615068256,-1475850694,-1423254688,-390872270],Slot:\"head\"},{AttributeName:\"generic.knockback_resistance\",Name:\"generic.knockback_resistance\",Amount:2,Operation:0,UUID:[I;1091130591,-501264720,-1472953761,1649368276],Slot:\"head\"}]}"
                        }
                    ]
                }
            ]
        }
    ]
}