{
    "pools": [
        {
            "rolls": 1,
            "entries": [
                {
                    "type": "minecraft:item",
                    "name": "netherite_boots",
                    "functions": [
                        {
                            "function": "minecraft:set_nbt",
                            "tag": "{Unbreakable:1b,display:{Name:'{\"text\":\"Celestial Boots\",\"color\":\"dark_purple\",\"italic\":false}',Lore:['{\"text\":\" \"}','{\"text\":\"When on Feet: \",\"color\":\"gray\",\"italic\":false}','{\"text\":\" +4 Armor\",\"color\":\"blue\",\"italic\":false}','{\"text\":\" +5 Armor Toughness\",\"color\":\"blue\",\"italic\":false}','{\"text\":\" +2 Knockback Resistance\",\"color\":\"blue\",\"italic\":false}','{\"text\":\" \"}','{\"text\":\"Set Bonus:\",\"color\":\"gray\",\"italic\":false}','{\"text\":\" +6 Tamed Damage\",\"color\":\"blue\",\"italic\":false}','{\"text\":\" Control Gravity\",\"color\":\"blue\",\"italic\":false}']},HideFlags:2,eth:{celestial_boots:1b},AttributeModifiers:[{AttributeName:\"generic.armor\",Name:\"generic.armor\",Amount:4,Operation:0,UUID:[I;1875837429,2058962461,-1476268065,-1547830804],Slot:\"feet\"},{AttributeName:\"generic.armor_toughness\",Name:\"generic.armor_toughness\",Amount:5,Operation:0,UUID:[I;184646309,-579583262,-1740564333,1877379868],Slot:\"feet\"},{AttributeName:\"generic.knockback_resistance\",Name:\"generic.knockback_resistance\",Amount:2,Operation:0,UUID:[I;1906751134,465128950,-1508889294,-484139383],Slot:\"feet\"}]}"
                        }
                    ]
                }
            ]
        }
    ]
}