{
    "pools": [
        {
            "rolls": 1,
            "entries": [
                {
                    "type": "item",
                    "weight": 1,
                    "name": "minecraft:golden_pickaxe",
                    "functions": [
                        {
                            "function": "set_nbt",
                            "tag": "{Damage:28,CustomModelData:5551,CanDestroy:[\"minecraft:ice\"],display:{Name:'{\"text\":\"Chisel\",\"color\":\"light_purple\",\"italic\":false}'},HideFlags:2,RepairCost:1000,eth:{chisel:1b},AttributeModifiers:[{AttributeName:\"generic.attack_speed\",Name:\"generic.attack_speed\",Amount:0,Operation:0,UUID:[I;105242971,430065848,-1817505067,-1415839145],Slot:\"mainhand\"},{AttributeName:\"generic.attack_damage\",Name:\"generic.attack_damage\",Amount:0,Operation:0,UUID:[I;-304574284,1556629017,-1089907519,795675057],Slot:\"mainhand\"}]}"
                        }
                    ]
                }
            ]
        }
    ]
}