{
    "pools": [
        {
            "rolls": 1,
            "entries": [
                {
                    "type": "minecraft:item",
                    "name": "netherite_boots",
                    "functions": [
                        {
                            "function": "minecraft:set_nbt",
                            "tag": "{Unbreakable:1b,display:{Name:'{\"text\":\"Chromium Boots\",\"color\":\"light_purple\",\"italic\":false}',Lore:['{\"text\":\" \"}','{\"text\":\"When on Feet:\",\"color\":\"gray\",\"italic\":false}','{\"text\":\" +4 Armor\",\"color\":\"blue\",\"italic\":false}','{\"text\":\" +5 Armor Toughness\",\"color\":\"blue\",\"italic\":false}','{\"text\":\" +2 Knockback Resistance\",\"color\":\"blue\",\"italic\":false}']},HideFlags:2,eth:{chromium_boots:1b},AttributeModifiers:[{AttributeName:\"generic.armor\",Name:\"generic.armor\",Amount:4,Operation:0,UUID:[I;570881019,67913016,-1135781295,-1745706149],Slot:\"feet\"},{AttributeName:\"generic.armor_toughness\",Name:\"generic.armor_toughness\",Amount:5,Operation:0,UUID:[I;-1759759779,-534822795,-1562386249,1206926336],Slot:\"feet\"},{AttributeName:\"generic.knockback_resistance\",Name:\"generic.knockback_resistance\",Amount:2,Operation:0,UUID:[I;-363129294,-362722703,-1209900290,1337894533],Slot:\"feet\"}]}"
                        }
                    ]
                }
            ]
        }
    ]
}