{
    "pools": [
        {
            "rolls": 1,
            "entries": [
                {
                    "type": "minecraft:item",
                    "name": "netherite_hoe",
                    "functions": [
                        {
                            "function": "minecraft:set_nbt",
                            "tag": "{Unbreakable:1b,display:{Name:'{\"text\":\"Chromium Hoe\",\"color\":\"light_purple\",\"italic\":false}',Lore:['{\"text\":\" \"}','{\"text\":\"When in Main Hand:\",\"color\":\"gray\",\"italic\":false}','{\"text\":\" 4 Attack Damage\",\"color\":\"dark_green\",\"italic\":false}','{\"text\":\" 4 Attack Speed\",\"color\":\"dark_green\",\"italic\":false}']},HideFlags:2,CustomModelData:5551,eth:{chromium_hoe:1b},AttributeModifiers:[{AttributeName:\"generic.attack_damage\",Name:\"generic.attack_damage\",Amount:3,Operation:0,UUID:[I;692121429,1538541640,-1291005615,1642311707],Slot:\"mainhand\"}]}"
                        }
                    ]
                }
            ]
        }
    ]
}