{
    "pools": [
        {
            "rolls": 1,
            "entries": [
                {
                    "type": "minecraft:item",
                    "name": "shield",
                    "functions": [
                        {
                            "function": "minecraft:set_nbt",
                            "tag": "{display:{Name:'{\"text\":\"Chromium Shield\",\"color\":\"light_purple\",\"italic\":false}',Lore:['{\"text\":\"Unbreakable\",\"color\":\"blue\",\"italic\":false}']},HideFlags:4,Unbreakable:1b,eth:{chromium_shield:1b}}"
                        }
                    ]
                }
            ]
        }
    ]
}