{
    "pools": [
        {
            "rolls": 1,
            "entries": [
                {
                    "type": "minecraft:item",
                    "name": "netherite_pickaxe",
                    "functions": [
                        {
                            "function": "minecraft:set_nbt",
                            "tag": "{Unbreakable:1b,display:{Name:'{\"text\":\"Chromium Pickaxe\",\"color\":\"light_purple\",\"italic\":false}',Lore:['{\"text\":\" \"}','{\"text\":\"When in Main Hand:\",\"color\":\"gray\",\"italic\":false}','{\"text\":\" 10 Attack Damage\",\"color\":\"dark_green\",\"italic\":false}','{\"text\":\" 1.2 Attack Speed\",\"color\":\"dark_green\",\"italic\":false}']},HideFlags:2,CustomModelData:5552,eth:{chromium_pickaxe:1b},AttributeModifiers:[{AttributeName:\"generic.attack_damage\",Name:\"generic.attack_damage\",Amount:9,Operation:0,UUID:[I;692121429,1538541640,-1291005615,1642311707],Slot:\"mainhand\"},{AttributeName:\"generic.attack_speed\",Name:\"generic.attack_speed\",Amount:-2.8,Operation:0,UUID:[I;1904154188,-1433188926,-1954265112,-1162930285],Slot:\"mainhand\"}]}"
                        }
                    ]
                }
            ]
        }
    ]
}