{
    "pools": [
        {
            "rolls": 1,
            "entries": [
                {
                    "type": "minecraft:item",
                    "name": "netherite_chestplate",
                    "functions": [
                        {
                            "function": "minecraft:set_nbt",
                            "tag": "{Unbreakable:1b,display:{Name:'{\"text\":\"Chromium Chestplate\",\"color\":\"light_purple\",\"italic\":false}',Lore:['{\"text\":\" \"}','{\"text\":\"When on Body:\",\"color\":\"gray\",\"italic\":false}','{\"text\":\" +12 Armor\",\"color\":\"blue\",\"italic\":false}','{\"text\":\" +5 Armor Toughness\",\"color\":\"blue\",\"italic\":false}','{\"text\":\" +2 Knockback Resistance\",\"color\":\"blue\",\"italic\":false}']},HideFlags:2,eth:{chromium_chestplate:1b},AttributeModifiers:[{AttributeName:\"generic.armor\",Name:\"generic.armor\",Amount:12,Operation:0,UUID:[I;2030565286,-1049607332,-1283917609,1051575236],Slot:\"chest\"},{AttributeName:\"generic.armor_toughness\",Name:\"generic.armor_toughness\",Amount:5,Operation:0,UUID:[I;-265579177,596856426,-1221178512,1119184714],Slot:\"chest\"},{AttributeName:\"generic.knockback_resistance\",Name:\"generic.knockback_resistance\",Amount:2,Operation:0,UUID:[I;-1020763042,-1649457242,-1944980720,1833098676],Slot:\"chest\"}]}"
                        }
                    ]
                }
            ]
        }
    ]
}