{
  "pools": [
    {
      "rolls": 1,
      "entries": [
        {
          "type": "minecraft:item",
          "name": "minecraft:crossbow",
          "functions": [
            {
              "function": "minecraft:set_nbt",
              "tag": "{Unbreakable:1,RepairCost:999999,CustomModelData:5556,display:{Name:'[{\"text\":\"Destiny Orb\",\"italic\":false,\"color\":\"yellow\"}]',Lore:['[{\"text\":\"You\\'ve fashioned together a simple orb\",\"italic\":false,\"color\":\"white\"}]','[{\"text\":\"of crystal by which you may divine the\",\"italic\":false,\"color\":\"white\"}]','[{\"text\":\"depth of your growing powers...\",\"italic\":false,\"color\":\"white\"}]']},HideFlags:127,eth:{spells:1b,destiny:1b},Charged:1b}"
            }
          ]
        }
      ]
    }
  ]
}
