{
    "pools": [
        {
            "rolls": 1,
            "entries": [
                {
                    "type": "minecraft:item",
                    "name": "leather_helmet",
                    "functions": [
                        {
                            "function": "minecraft:set_name",
                            "name": {
                                "text": "Etheral Crafter",
                                "color": "white",
                                "italic": false
                            }
                        },
                        {
                            "function": "minecraft:set_nbt",
                            "tag": "{RepairCost:1000,display:{Name:'{\"text\":\"Earplugs\",\"italic\":false}',Lore:['{\"text\":\"Blocks Poltergeist Screams\",\"color\":\"gray\",\"italic\":false}']},HideFlags:2,eth:{earplugs:1b},AttributeModifiers:[{AttributeName:\"generic.armor\",Name:\"generic.armor\",Amount:0,Operation:0,UUID:[I;-131082897,1966493171,-1918737248,-296860070],Slot:\"head\"}]}"
                        }
                    ]
                }
            ]
        }
    ]
}