{
    "pools": [
        {
            "rolls": 1,
            "entries": [
                {
                    "type": "minecraft:item",
                    "name": "iron_leggings",
                    "functions": [
                        {
                            "function": "minecraft:set_nbt",
                            "tag": "{display:{Name:'{\"text\":\"Ember Leggings\",\"color\":\"yellow\",\"italic\":false}',Lore:['{\"text\":\" \"}','{\"text\":\"When on Legs:\",\"color\":\"gray\",\"italic\":false}','{\"text\":\" +8 Armor\",\"color\":\"blue\",\"italic\":false}','{\"text\":\" +4 Armor Toughness\",\"color\":\"blue\",\"italic\":false}','{\"text\":\" +2 Knockback Resistance\",\"color\":\"blue\",\"italic\":false}']},HideFlags:2,eth:{ember_leggings:1b,td_leggings:1b},AttributeModifiers:[{AttributeName:\"generic.armor\",Name:\"generic.armor\",Amount:8,Operation:0,UUID:[I;937412125,469781290,-1458685276,-1089068651],Slot:\"legs\"},{AttributeName:\"generic.armor_toughness\",Name:\"generic.armor_toughness\",Amount:4,Operation:0,UUID:[I;1646826464,-320911186,-1562985608,612162801],Slot:\"legs\"},{AttributeName:\"generic.knockback_resistance\",Name:\"generic.knockback_resistance\",Amount:2,Operation:0,UUID:[I;-1403611649,1700810563,-1088109771,-197183264],Slot:\"legs\"}]}"
                        }
                    ]
                }
            ]
        }
    ]
}