{
    "pools": [
        {
            "rolls": 1,
            "entries": [
                {
                    "type": "minecraft:item",
                    "name": "iron_helmet",
                    "functions": [
                        {
                            "function": "minecraft:set_nbt",
                            "tag": "{display:{Name:'{\"text\":\"Ember Helmet\",\"color\":\"yellow\",\"italic\":false}',Lore:['{\"text\":\" \"}','{\"text\":\"When on Head:\",\"color\":\"gray\",\"italic\":false}','{\"text\":\" +4 Armor\",\"color\":\"blue\",\"italic\":false}','{\"text\":\" +4 Armor Toughness\",\"color\":\"blue\",\"italic\":false}','{\"text\":\" +2 Knockback Resistance\",\"color\":\"blue\",\"italic\":false}']},HideFlags:2,eth:{ember_helmet:1b,td_helmet:1b},AttributeModifiers:[{AttributeName:\"generic.armor\",Name:\"generic.armor\",Amount:4,Operation:0,UUID:[I;-333210859,-338409179,-1349543220,1352294788],Slot:\"head\"},{AttributeName:\"generic.armor_toughness\",Name:\"generic.armor_toughness\",Amount:4,Operation:0,UUID:[I;-1527690993,970016594,-2123426156,-1152106464],Slot:\"head\"},{AttributeName:\"generic.knockback_resistance\",Name:\"generic.knockback_resistance\",Amount:2,Operation:0,UUID:[I;-1675976202,-1672656093,-1755063345,-2097237311],Slot:\"head\"}]}"
                        }
                    ]
                }
            ]
        }
    ]
}