{
    "pools": [
        {
            "rolls": 1,
            "entries": [
                {
                    "type": "minecraft:item",
                    "name": "bow",
                    "functions": [
                        {
                            "function": "minecraft:set_nbt",
                            "tag": "{display:{Name:'{\"text\":\"Fungus Bow\",\"color\":\"yellow\",\"italic\":false}',Lore:['{\"text\":\"50% Extra Damage\",\"color\":\"gray\",\"italic\":false}']},eth:{tick_item:1b,fungus_bow:1b}}"
                        }
                    ]
                }
            ]
        }
    ]
}