{
    "pools": [
        {
            "rolls": 1,
            "entries": [
                {
                    "type": "minecraft:item",
                    "name": "flint_and_steel",
                    "functions": [
                        {
                            "function": "minecraft:set_nbt",
                            "tag": "{display:{Name:'{\"text\":\"Hellstone and Steel\",\"color\":\"yellow\",\"italic\":false}'},eth:{hellstone_and_steel:1b},CustomModelData:5551}"
                        }
                    ]
                }
            ]
        }
    ]
}