{
    "pools": [
        {
            "rolls": 1,
            "entries": [
                {
                    "type": "minecraft:item",
                    "name": "elytra",
                    "functions": [
                        {
                            "function": "minecraft:set_nbt",
                            "tag": "{display:{Name:'{\"text\":\"Night Wings\",\"color\":\"light_purple\",\"italic\":false}',Lore:['{\"text\":\" \"}','{\"text\":\"When on Body:\",\"color\":\"gray\",\"italic\":false}','{\"text\":\" +25% Speed\",\"color\":\"blue\",\"italic\":false}']},HideFlags:2,eth:{feathered_gliders:1b},AttributeModifiers:[{AttributeName:\"generic.movement_speed\",Name:\"generic.movement_speed\",Amount:0.25,Operation:1,UUID:[I;946847991,1101679058,-1214817564,-233332725],Slot:\"chest\"}]}"
                        }
                    ]
                }
            ]
        }
    ]
}