{
    "pools": [
        {
            "rolls": 1,
            "entries": [
                {
                    "type": "minecraft:item",
                    "name": "carrot_on_a_stick",
                    "functions": [
                        {
                            "function": "minecraft:set_nbt",
                            "tag": "{display:{Name:'{\"text\":\"Pendant of Revival\",\"color\":\"light_purple\",\"italic\":false}'},CustomModelData:5556,eth:{item:12b,pendant_of_revival:1b}}"
                        }
                    ]
                }
            ]
        }
    ]
}