{
    "pools": [
        {
            "rolls": 1,
            "entries": [
                {
                    "type": "minecraft:item",
                    "name": "elytra",
                    "functions": [
                        {
                            "function": "minecraft:set_nbt",
                            "tag": "{display:{Name:'{\"text\":\"Phoenix Wings\",\"color\":\"light_purple\",\"italic\":false}',Lore:['{\"text\":\"Press [Shift] to Boost Altitude\",\"color\":\"gray\",\"italic\":false}']},HideFlags:2,eth:{phoenix_wings:1b}}"
                        }
                    ]
                }
            ]
        }
    ]
}