{
    "pools": [
        {
            "rolls": 1,
            "entries": [
                {
                    "type": "minecraft:item",
                    "name": "chainmail_chestplate",
                    "functions": [
                        {
                            "function": "minecraft:set_nbt",
                            "tag": "{display:{Name:'{\"text\":\"Plated Chestplate\",\"color\":\"yellow\",\"italic\":false}',Lore:['{\"text\":\" \"}','{\"text\":\"When on Body:\",\"color\":\"gray\",\"italic\":false}','{\"text\":\" +9 Armor\",\"color\":\"blue\",\"italic\":false}','{\"text\":\" +4 Armor Toughness\",\"color\":\"blue\",\"italic\":false}']},HideFlags:2,eth:{plated_chestplate:1b,td_chestplate:1b},AttributeModifiers:[{AttributeName:\"generic.armor\",Name:\"generic.armor\",Amount:9,Operation:0,UUID:[I;1836825348,483871134,-1687056771,394685366],Slot:\"chest\"},{AttributeName:\"generic.armor_toughness\",Name:\"generic.armor_toughness\",Amount:4,Operation:0,UUID:[I;1589498470,1843939549,-1354545973,-436907331],Slot:\"chest\"}]}"
                        }
                    ]
                }
            ]
        }
    ]
}