{
  "pools": [
      {
          "rolls": 1,
          "entries": [
              {
                  "type": "item",
                  "weight": 1,
                  "name": "minecraft:crossbow",
                  "functions": [
                      {
                          "function": "set_nbt",
                          "tag": "{Unbreakable:1,CustomModelData:5551,display:{Name:'[{\"text\":\"Amethyst Rod\",\"italic\":false,\"color\":\"yellow\"}]',Lore:['[{\"text\":\"A powered rod with an amethyst catalyst.\",\"italic\":false,\"color\":\"white\"}]','[{\"text\":\"Focuses your power into healing energy.\",\"italic\":false,\"color\":\"white\"},{\"text\":\"\",\"italic\":false,\"color\":\"dark_purple\"}]','[{\"text\":\"\",\"italic\":false,\"color\":\"dark_purple\"}]','[{\"text\":\"Divine Power:\",\"italic\":false,\"color\":\"gray\"}]','[{\"text\":\"Vigor II\",\"italic\":false,\"color\":\"light_purple\"}]']},HideFlags:31,eth:{spells:1b,vigor:1b}}"
                      }
                  ]
              }
          ]
      }
  ]
}