{
  "pools": [
    {
      "rolls": 1,
      "entries": [
        {
          "type": "minecraft:item",
          "name": "minecraft:crossbow",
          "functions": [
            {
              "function": "minecraft:set_nbt",
              "tag": "{Unbreakable:1,RepairCost:9999,CustomModelData:5553,display:{Name:'[{\"text\":\"Spark Wand\",\"italic\":false,\"color\":\"yellow\"}]',Lore:['[{\"text\":\"Little more than an ornate stick with gold\",\"italic\":false,\"color\":\"white\"}]','[{\"text\":\"banding, it is none the less an implement\",\"italic\":false,\"color\":\"white\"}]','[{\"text\":\"for focusing your Divine Power.\",\"italic\":false,\"color\":\"white\"},{\"text\":\"\",\"italic\":false,\"color\":\"dark_purple\"}]','[{\"text\":\"\",\"italic\":false,\"color\":\"dark_purple\"}]','[{\"text\":\"Divine Power:\",\"italic\":false,\"color\":\"gray\"},{\"text\":\"\",\"italic\":false,\"color\":\"dark_purple\"}]','[{\"text\":\"Spark Shot\",\"italic\":false,\"color\":\"yellow\"}]']},HideFlags:127,eth:{spells:1b,spark_shot:1b},Charged:1b,ChargedProjectiles:[{id:\"minecraft:firework_rocket\",Count:1b,tag:{Fireworks:{Flight:1,Explosions:[{Flicker:1b,Trail:1b,Colors:[I;16773140],FadeColors:[I;16777215]},{Type:2,Colors:[I;16773140]},{Type:4,Colors:[I;16777215]},{Type:2,Colors:[I;16777215]},{Type:4,Colors:[I;16773140]},{Colors:[I;255,65280,16711680,13107455],FadeColors:[I;16777215]}]}}}]}\n"
            }
          ]
        }
      ]
    }
  ]
}
