{
  "pools": [
    {
      "rolls": 1,
      "entries": [
        {
          "type": "minecraft:item",
          "name": "minecraft:crossbow",
          "functions": [
            {
              "function": "minecraft:set_nbt",
              "tag": "{Unbreakable:1,RepairCost:9999,CustomModelData:5552,display:{Name:'[{\"text\":\"Ice Rod\",\"italic\":false,\"color\":\"yellow\"}]',Lore:['[{\"text\":\"With the essence of the lost souls trapped\",\"italic\":false,\"color\":\"white\"}]','[{\"text\":\"in the Ice Caves, you have created a focusing\",\"italic\":false,\"color\":\"white\"}]','[{\"text\":\"rod that emanates the chilling loneliness of\",\"italic\":false,\"color\":\"white\"}]','[{\"text\":\"the Frosted Plains.\",\"italic\":false,\"color\":\"white\"},{\"text\":\"\",\"italic\":false,\"color\":\"dark_purple\"}]','[{\"text\":\"\",\"italic\":false,\"color\":\"dark_purple\"}]','[{\"text\":\"Divine Power:\",\"italic\":false,\"color\":\"gray\"},{\"text\":\"\",\"italic\":false,\"color\":\"dark_purple\"}]','[{\"text\":\"Ice Blast\",\"italic\":false,\"color\":\"aqua\"}]']},HideFlags:127,eth:{spells:1b,ice_blast:1b},Charged:1b}"
            }
          ]
        }
      ]
    }
  ]
}
