{
    "pools": [
        {
            "rolls": 1,
            "entries": [
                {
                    "type": "minecraft:item",
                    "name": "jigsaw",
                    "functions": [
                        {
                            "function": "minecraft:set_nbt",
                            "tag": "{display:{Name:'{\"text\":\"Satyr Banner\",\"color\":\"dark_purple\",\"italic\":false}'},CustomModelData:55518,eth:{satyr_banner:1b}}"
                        }
                    ]
                }
            ]
        }
    ]
}