{
  "pools": [
    {
      "rolls": 1,
      "entries": [
        {
          "type": "minecraft:item",
          "name": "minecraft:written_book",
          "functions": [
            {
              "function": "minecraft:set_nbt",
              "tag": "{pages:['{\"text\":\"Basic Properties\\\\n\\\\nI believe I explained in my Field Guide that one is to injest elemental shards directly in order to absorb their power. However, there is more to their function than slowly strengthening you as you consume them...\"}','{\"text\":\"Basic Properties\\\\n\\\\nSee you may have noticed feeling particularly fatigued and hungry after eating even just one elemental shard - don\\'t worry, consuming a whole mess of them won\\'t kill you, much to the contrary, even.\"}','{\"text\":\"Basic Properties\\\\n\\\\nThese shards have a hyper metabolic effect when consumed, rapidly regenerating your life force at the expense of the last meal you had. It\\'s quite handy in a pinch and can prove useful to hoard them for emergencies.\"}','{\"text\":\"Elemental XP Distribution\\\\n\\\\nAs for the gain in power, note that at their base value, you require 20 of a shard type to attain the first level in that elemental attribute, and naturally more for further levels.\"}','{\"text\":\"Elemental XP Distribution\\\\n\\\\nHowever, favoring certain elements will halve the total amount of shards required for that element on each level, and double the required amount for that element\\'s opposite.\"}','{\"text\":\"Elemental XP Distribution\\\\n\\\\nExample being, say you follow Water discipline. You then only need 10 Water Shards to attain lvl 1 Archery, and 40 Fire Shards to attain lvl 1 Melee Power. Ether, of course, is balanced in all elements.\"}'],title:\"Dux's Guide to the Elements\",author:\"Dux the Guide\",generation:3,display:{Lore:[\"In my Field Guide, I briefly went over each of the elemental disciplines and how to empower them. Now it is time you learn of the shards and their mystical powers.\"]}}"
            }
          ]
        }
      ]
    }
  ]
}
