{
    "pools": [
        {
            "rolls": 1,
            "entries": [
                {
                    "type": "item",
                    "weight": 1,
                    "name": "minecraft:netherite_helmet"
                },
                {
                    "type": "item",
                    "weight": 1,
                    "name": "minecraft:netherite_chestplate"
                },
                {
                    "type": "item",
                    "weight": 1,
                    "name": "minecraft:netherite_leggings"
                },
                {
                    "type": "item",
                    "weight": 1,
                    "name": "minecraft:netherite_boots"
                },
                {
                    "type": "item",
                    "weight": 1,
                    "name": "minecraft:netherite_helmet",
                    "functions": [
                        {
                            "function": "enchant_with_levels",
                            "levels": {
                                "min": 5,
                                "max": 25
                            },
                            "treasure": true
                        }
                    ]
                },
                {
                    "type": "item",
                    "weight": 1,
                    "name": "minecraft:netherite_chestplate",
                    "functions": [
                        {
                            "function": "enchant_with_levels",
                            "levels": {
                                "min": 5,
                                "max": 25
                            },
                            "treasure": true
                        }
                    ]
                },
                {
                    "type": "item",
                    "weight": 1,
                    "name": "minecraft:netherite_leggings",
                    "functions": [
                        {
                            "function": "enchant_with_levels",
                            "levels": {
                                "min": 5,
                                "max": 25
                            },
                            "treasure": true
                        }
                    ]
                },
                {
                    "type": "item",
                    "weight": 1,
                    "name": "minecraft:netherite_boots",
                    "functions": [
                        {
                            "function": "enchant_with_levels",
                            "levels": {
                                "min": 5,
                                "max": 25
                            },
                            "treasure": true
                        }
                    ]
                }
            ]
        }
    ]
}