{
    "pools": [
        {
            "rolls": 1,
            "entries": [
                {
                    "type": "item",
                    "weight": 1,
                    "name": "minecraft:netherite_sword"
                },
                {
                    "type": "item",
                    "weight": 1,
                    "name": "minecraft:netherite_pickaxe"
                },
                {
                    "type": "item",
                    "weight": 1,
                    "name": "minecraft:netherite_axe"
                },
                {
                    "type": "item",
                    "weight": 1,
                    "name": "minecraft:netherite_shovel"
                },
                {
                    "type": "item",
                    "weight": 1,
                    "name": "minecraft:netherite_hoe"
                },
                {
                    "type": "item",
                    "weight": 1,
                    "name": "minecraft:netherite_sword",
                    "functions": [
                        {
                            "function": "enchant_with_levels",
                            "levels": {
                                "min": 5,
                                "max": 25
                            },
                            "treasure": true
                        }
                    ]
                },
                {
                    "type": "item",
                    "weight": 1,
                    "name": "minecraft:netherite_pickaxe",
                    "functions": [
                        {
                            "function": "enchant_with_levels",
                            "levels": {
                                "min": 5,
                                "max": 25
                            },
                            "treasure": true
                        }
                    ]
                },
                {
                    "type": "item",
                    "weight": 1,
                    "name": "minecraft:netherite_axe",
                    "functions": [
                        {
                            "function": "enchant_with_levels",
                            "levels": {
                                "min": 5,
                                "max": 25
                            },
                            "treasure": true
                        }
                    ]
                },
                {
                    "type": "item",
                    "weight": 1,
                    "name": "minecraft:netherite_shovel",
                    "functions": [
                        {
                            "function": "enchant_with_levels",
                            "levels": {
                                "min": 5,
                                "max": 25
                            },
                            "treasure": true
                        }
                    ]
                },
                {
                    "type": "item",
                    "weight": 1,
                    "name": "minecraft:netherite_hoe",
                    "functions": [
                        {
                            "function": "enchant_with_levels",
                            "levels": {
                                "min": 5,
                                "max": 25
                            },
                            "treasure": true
                        }
                    ]
                }
            ]
        }
    ]
}