{"format_version":"1.12.0","minecraft:geometry":[{"description":{"identifier":"geometry.unknown","texture_width":64,"texture_height":64,"visible_bounds_width":2,"visible_bounds_height":2.5,"visible_bounds_offset":[0,0.75,0]},"bones":[{"name":"main","pivot":[0,8,0],"cubes":[{"origin":[-8,0,-8],"size":[16,16,16],"uv":{"north":{"uv":[0,0],"uv_size":[16,16]},"east":{"uv":[0,16],"uv_size":[16,16]},"south":{"uv":[16,0],"uv_size":[16,16]},"west":{"uv":[16,16],"uv_size":[16,16]},"up":{"uv":[0,32],"uv_size":[16,16]},"down":{"uv":[32,16],"uv_size":[16,-16]}}}]},{"name":"hitbox","pivot":[0,0,0]}]}]}