{
    "pools": [
        {
            "rolls": 1,
            "entries": [
                {
                    "type": "minecraft:item",
                    "name": "minecraft:potion",
                    "functions": [
                        {
                            "function": "minecraft:set_name",
                            "name": {
                                "translate": "incendium.item.miners_ale.name",
                                "fallback": "Miner's Ale",
                                "color": "#ff4e21",
                                "italic": false
                            }
                        },
                        {
                            "function": "minecraft:set_components",
                            "components": {
                                "minecraft:potion_contents": {
                                    "custom_color": 16735265,
                                    "custom_effects": [
                                        {
                                            "id": "minecraft:haste",
                                            "amplifier": 2,
                                            "duration": 18000
                                        }
                                    ]
                                }
                            }
                        }
                    ]
                }
            ]
        }
    ]
}