{
    "pools": [
        {
            "rolls": 1,
            "entries": [
                {
                    "type": "loot_table",
                    "weight": 1,
                    "name": "divine_dimension:items/relics/vengeful_hammer"
                },

                {
                    "type": "loot_table",
                    "weight": 1,
                    "name": "divine_dimension:items/relics/dragon_roar"
                },
                {
                    "type": "loot_table",
                    "weight": 1,
                    "name": "divine_dimension:items/relics/sun_shield"
                },
                {
                    "type": "loot_table",
                    "weight": 1,
                    "name": "divine_dimension:items/relics/rolling_storm"
                },
                {
                    "type": "loot_table",
                    "weight": 1,
                    "name": "divine_dimension:items/relics/sky_runners"
                }
            ]
        }
    ]
}