{
    "pools": [
        {
            "rolls": 1,
            "entries": [
                {
                    "type": "loot_table",
                    "weight": 1,
                    "name": "divine_dimension:items/relics/mirror_shield"
                },
                {
                    "type": "loot_table",
                    "weight": 1,
                    "name": "divine_dimension:items/relics/onyx_sword"
                },
                {
                    "type": "loot_table",
                    "weight": 1,
                    "name": "divine_dimension:items/relics/cursed_cutlass"
                },
                {
                    "type": "loot_table",
                    "weight": 1,
                    "name": "divine_dimension:items/relics/mourning_star"
                }
            ]
        }
    ]
}