{"format_version":"1.10.0","minecraft:client_entity":{"description":{"identifier":"modelengine:canguro","materials":{"default":"entity_alphatest_change_color_one_sided","anim":"entity_alphatest_anim_change_color_one_sided"},"textures":{"kangaroo":"textures/entity/Canguro/canguro/kangaroo"},"geometry":{"t_80_80":"geometry.meg_canguro_80_80"},"animations":{"look_at_target":"animation.canguro.look_at_target","death":"animation.canguro.death","death_control":"controller.animation.canguro.death","animation.sf_nba.kangaroo.punch_right":"animation.canguro.animation.sf_nba.kangaroo.punch_right","animation.sf_nba.kangaroo.punch_right_control":"controller.animation.canguro.animation.sf_nba.kangaroo.punch_right","animation.sf_nba.kangaroo.punch_left":"animation.canguro.animation.sf_nba.kangaroo.punch_left","animation.sf_nba.kangaroo.punch_left_control":"controller.animation.canguro.animation.sf_nba.kangaroo.punch_left","walk":"animation.canguro.walk","walk_control":"controller.animation.canguro.walk"},"scripts":{"animate":["look_at_target","death_control","animation.sf_nba.kangaroo.punch_right_control","animation.sf_nba.kangaroo.punch_left_control","walk_control"]},"render_controllers":["controller.render.canguro_kangaroo"]}}}