{"textures":{"0":"modelengine:entity/capybara"},"elements":[{"from":[3.5,3.0,-1.0],"to":[12.5,13.0,17.0],"faces":{"east":{"uv":[0.0,4.5,4.5,7.0],"tintindex":0,"rotation":0,"texture":"#0"},"south":{"uv":[11.25,4.5,13.5,7.0],"tintindex":0,"rotation":0,"texture":"#0"},"north":{"uv":[4.5,4.5,6.75,7.0],"tintindex":0,"rotation":0,"texture":"#0"},"west":{"uv":[6.75,4.5,11.25,7.0],"tintindex":0,"rotation":0,"texture":"#0"},"up":{"uv":[6.75,4.5,4.5,0.0],"tintindex":0,"rotation":0,"texture":"#0"},"down":{"uv":[9.0,0.0,6.75,4.5],"tintindex":0,"rotation":0,"texture":"#0"}}}],"display":{"gui":{"rotation":[30,225,0]}}}