{"elements":[{"from":[5.428571,5.142857,2.8571424],"to":[10.571428,10.857143,13.142858],"rotation":{"angle":0.0,"axis":"y","origin":[8.0,1.7142854,8.0]},"faces":{"east":{"uv":[0.0,4.5,4.5,7.0],"rotation":0,"texture":"#0","tintindex":0},"south":{"uv":[11.25,4.5,13.5,7.0],"rotation":0,"texture":"#0","tintindex":0},"north":{"uv":[4.5,4.5,6.75,7.0],"rotation":0,"texture":"#0","tintindex":0},"west":{"uv":[6.75,4.5,11.25,7.0],"rotation":0,"texture":"#0","tintindex":0},"up":{"uv":[6.75,4.5,4.5,0.0],"rotation":0,"texture":"#0","tintindex":0},"down":{"uv":[9.0,0.0,6.75,4.5],"rotation":0,"texture":"#0","tintindex":0}}}],"textures":{"0":"modelengine:entity/capybara"},"display":{"head":{"translation":[0.0,-6.4,0.0],"scale":[4.0,4.0,4.0]}}}