{"elements":[{"from":[6.5714283,6.857143,2.5714283],"to":[9.428572,11.428572,8.857143],"rotation":{"angle":0.0,"axis":"y","origin":[8.0,0.0,12.285715]},"faces":{"east":{"uv":[0.0,9.75,2.75,11.75],"rotation":0,"texture":"#0","tintindex":0},"south":{"uv":[6.75,9.75,8.0,11.75],"rotation":0,"texture":"#0","tintindex":0},"north":{"uv":[2.75,9.75,4.0,11.75],"rotation":0,"texture":"#0","tintindex":0},"west":{"uv":[4.0,9.75,6.75,11.75],"rotation":0,"texture":"#0","tintindex":0},"up":{"uv":[4.0,9.75,2.75,7.0],"rotation":0,"texture":"#0","tintindex":0},"down":{"uv":[5.25,7.0,4.0,9.75],"rotation":0,"texture":"#0","tintindex":0}}}],"textures":{"0":"modelengine:entity/capybara"},"display":{"head":{"translation":[0.0,-6.4,0.0],"scale":[4.0,4.0,4.0]}}}