{"textures":{"0":"modelengine:entity/capybara"},"elements":[{"from":[6.5,1.5,6.0],"to":[9.5,10.5,10.0],"faces":{"east":{"uv":[8.0,8.0,9.0,10.25],"tintindex":0,"rotation":0,"texture":"#0"},"south":{"uv":[10.75,8.0,11.5,10.25],"tintindex":0,"rotation":0,"texture":"#0"},"north":{"uv":[9.0,8.0,9.75,10.25],"tintindex":0,"rotation":0,"texture":"#0"},"west":{"uv":[9.75,8.0,10.75,10.25],"tintindex":0,"rotation":0,"texture":"#0"},"up":{"uv":[9.75,8.0,9.0,7.0],"tintindex":0,"rotation":0,"texture":"#0"},"down":{"uv":[10.5,7.0,9.75,8.0],"tintindex":0,"rotation":0,"texture":"#0"}}}],"display":{"gui":{"rotation":[30,225,0]}}}