{"elements":[{"from":[7.6857142,7.142857,8.0],"to":[8.257143,8.857143,9.142858],"rotation":{"angle":0.0,"axis":"y","origin":[9.228572,-2.5714293,11.771429]},"faces":{"east":{"uv":[2.75,0.5,3.25,1.25],"rotation":0,"texture":"#0","tintindex":0},"south":{"uv":[4.0,0.5,4.25,1.25],"rotation":0,"texture":"#0","tintindex":0},"north":{"uv":[3.25,0.5,3.5,1.25],"rotation":0,"texture":"#0","tintindex":0},"west":{"uv":[3.5,0.5,4.0,1.25],"rotation":0,"texture":"#0","tintindex":0},"up":{"uv":[3.5,0.5,3.25,0.0],"rotation":0,"texture":"#0","tintindex":0},"down":{"uv":[3.75,0.0,3.5,0.5],"rotation":0,"texture":"#0","tintindex":0}}}],"textures":{"0":"modelengine:entity/capybara"},"display":{"head":{"translation":[0.0,-6.4,0.0],"scale":[4.0,4.0,4.0]}}}