{"elements":[{"from":[7.142857,3.4285712,6.5714283],"to":[8.857143,9.142858,9.428572],"rotation":{"angle":0.0,"axis":"y","origin":[9.142858,3.4285712,3.142857]},"faces":{"east":{"uv":[0.0,1.25,1.25,3.75],"rotation":0,"texture":"#0","tintindex":0},"south":{"uv":[3.25,1.25,4.0,3.75],"rotation":0,"texture":"#0","tintindex":0},"north":{"uv":[1.25,1.25,2.0,3.75],"rotation":0,"texture":"#0","tintindex":0},"west":{"uv":[2.0,1.25,3.25,3.75],"rotation":0,"texture":"#0","tintindex":0},"up":{"uv":[2.0,1.25,1.25,0.0],"rotation":0,"texture":"#0","tintindex":0},"down":{"uv":[2.75,0.0,2.0,1.25],"rotation":0,"texture":"#0","tintindex":0}}}],"textures":{"0":"modelengine:entity/capybara"},"display":{"head":{"translation":[0.0,-6.4,0.0],"scale":[4.0,4.0,4.0]}}}