{"elements":[{"from":[7.142857,4.285714,6.857143],"to":[8.857143,9.428572,9.142858],"rotation":{"angle":0.0,"axis":"y","origin":[9.142858,4.285714,10.857143]},"faces":{"east":{"uv":[8.0,8.0,9.0,10.25],"rotation":0,"texture":"#0","tintindex":0},"south":{"uv":[10.75,8.0,11.5,10.25],"rotation":0,"texture":"#0","tintindex":0},"north":{"uv":[9.0,8.0,9.75,10.25],"rotation":0,"texture":"#0","tintindex":0},"west":{"uv":[9.75,8.0,10.75,10.25],"rotation":0,"texture":"#0","tintindex":0},"up":{"uv":[9.75,8.0,9.0,7.0],"rotation":0,"texture":"#0","tintindex":0},"down":{"uv":[10.5,7.0,9.75,8.0],"rotation":0,"texture":"#0","tintindex":0}}}],"textures":{"0":"modelengine:entity/capybara"},"display":{"head":{"translation":[0.0,-6.4,0.0],"scale":[4.0,4.0,4.0]}}}