{"textures":{"0":"modelengine:entity/capybara"},"elements":[{"from":[6.5,0.0,5.5],"to":[9.5,10.0,10.5],"faces":{"east":{"uv":[3.25,1.25,2.0,3.75],"tintindex":0,"rotation":0,"texture":"#0"},"south":{"uv":[4.0,1.25,3.25,3.75],"tintindex":0,"rotation":0,"texture":"#0"},"north":{"uv":[2.0,1.25,1.25,3.75],"tintindex":0,"rotation":0,"texture":"#0"},"west":{"uv":[1.25,1.25,0.0,3.75],"tintindex":0,"rotation":0,"texture":"#0"},"up":{"uv":[1.25,1.25,2.0,0.0],"tintindex":0,"rotation":0,"texture":"#0"},"down":{"uv":[2.0,0.0,2.75,1.25],"tintindex":0,"rotation":0,"texture":"#0"}}}],"display":{"gui":{"rotation":[30,225,0]}}}