{"textures":{"0":"modelengine:entity/capybara"},"elements":[{"from":[7.55,6.5,8.0],"to":[8.55,9.5,10.0],"faces":{"east":{"uv":[4.0,0.5,3.5,1.25],"tintindex":0,"rotation":0,"texture":"#0"},"south":{"uv":[4.25,0.5,4.0,1.25],"tintindex":0,"rotation":0,"texture":"#0"},"north":{"uv":[3.5,0.5,3.25,1.25],"tintindex":0,"rotation":0,"texture":"#0"},"west":{"uv":[3.25,0.5,2.75,1.25],"tintindex":0,"rotation":0,"texture":"#0"},"up":{"uv":[3.25,0.5,3.5,0.0],"tintindex":0,"rotation":0,"texture":"#0"},"down":{"uv":[3.5,0.0,3.75,0.5],"tintindex":0,"rotation":0,"texture":"#0"}}}],"display":{"gui":{"rotation":[30,225,0]}}}