{"textures":{"0":"modelengine:entity/soul_hound"},"elements":[{"from":[3.02,5.02,-7.98],"to":[12.98,15.98,0.98],"faces":{"east":{"uv":[0.0,1.125,1.125,2.5],"tintindex":0,"rotation":0,"texture":"#0"},"south":{"uv":[3.5,1.125,4.75,2.5],"tintindex":0,"rotation":0,"texture":"#0"},"north":{"uv":[1.125,1.125,2.375,2.5],"tintindex":0,"rotation":0,"texture":"#0"},"west":{"uv":[2.375,1.125,3.5,2.5],"tintindex":0,"rotation":0,"texture":"#0"},"up":{"uv":[2.375,1.125,1.125,0.0],"tintindex":0,"rotation":0,"texture":"#0"},"down":{"uv":[3.625,0.0,2.375,1.125],"tintindex":0,"rotation":0,"texture":"#0"}}},{"from":[4.0,6.0,1.0],"to":[12.0,15.0,10.0],"faces":{"east":{"uv":[0.0,3.625,1.125,4.75],"tintindex":0,"rotation":0,"texture":"#0"},"south":{"uv":[3.25,3.625,4.25,4.75],"tintindex":0,"rotation":0,"texture":"#0"},"north":{"uv":[1.125,3.625,2.125,4.75],"tintindex":0,"rotation":0,"texture":"#0"},"west":{"uv":[2.125,3.625,3.25,4.75],"tintindex":0,"rotation":0,"texture":"#0"},"up":{"uv":[2.125,3.625,1.125,2.5],"tintindex":0,"rotation":0,"texture":"#0"},"down":{"uv":[3.125,2.5,2.125,3.625],"tintindex":0,"rotation":0,"texture":"#0"}}}],"display":{"gui":{"rotation":[30,225,0]}}}