{"elements":[{"from":[5.714286,6.857143,4.0],"to":[10.285714,12.0,9.142858],"rotation":{"angle":0.0,"axis":"y","origin":[8.0,1.7142854,4.5714283]},"faces":{"east":{"uv":[0.0,3.625,1.125,4.75],"rotation":0,"texture":"#0","tintindex":0},"south":{"uv":[3.25,3.625,4.25,4.75],"rotation":0,"texture":"#0","tintindex":0},"north":{"uv":[1.125,3.625,2.125,4.75],"rotation":0,"texture":"#0","tintindex":0},"west":{"uv":[2.125,3.625,3.25,4.75],"rotation":0,"texture":"#0","tintindex":0},"up":{"uv":[2.125,3.625,1.125,2.5],"rotation":0,"texture":"#0","tintindex":0},"down":{"uv":[3.125,2.5,2.125,3.625],"rotation":0,"texture":"#0","tintindex":0}}},{"from":[5.1542854,6.297143,-1.1314287],"to":[10.845715,12.56,3.9885712],"rotation":{"angle":0.0,"axis":"y","origin":[8.0,1.7142854,4.5714283]},"faces":{"east":{"uv":[0.0,1.125,1.125,2.5],"rotation":0,"texture":"#0","tintindex":0},"south":{"uv":[3.5,1.125,4.75,2.5],"rotation":0,"texture":"#0","tintindex":0},"north":{"uv":[1.125,1.125,2.375,2.5],"rotation":0,"texture":"#0","tintindex":0},"west":{"uv":[2.375,1.125,3.5,2.5],"rotation":0,"texture":"#0","tintindex":0},"up":{"uv":[2.375,1.125,1.125,0.0],"rotation":0,"texture":"#0","tintindex":0},"down":{"uv":[3.625,0.0,2.375,1.125],"rotation":0,"texture":"#0","tintindex":0}}}],"textures":{"0":"modelengine:entity/soul_hound"},"display":{"head":{"translation":[0.0,-6.4,0.0],"scale":[4.0,4.0,4.0]}}}