{"textures":{"0":"modelengine:entity/soul_hound"},"elements":[{"from":[4.0,8.34358,6.77269],"to":[12.0,12.34358,7.77269],"faces":{"east":{"uv":[6.625,0.125,6.75,0.625],"tintindex":0,"rotation":0,"texture":"#0"},"south":{"uv":[7.875,0.125,8.875,0.625],"tintindex":0,"rotation":0,"texture":"#0"},"north":{"uv":[6.75,0.125,7.75,0.625],"tintindex":0,"rotation":0,"texture":"#0"},"west":{"uv":[7.75,0.125,7.875,0.625],"tintindex":0,"rotation":0,"texture":"#0"},"up":{"uv":[7.75,0.125,6.75,0.0],"tintindex":0,"rotation":0,"texture":"#0"},"down":{"uv":[8.75,0.0,7.75,0.125],"tintindex":0,"rotation":0,"texture":"#0"}},"rotation":{"origin":[8.0,8.34358,6.77269],"angle":22.5,"axis":"x"}}],"display":{"gui":{"rotation":[30,225,0]}}}