{"elements":[{"from":[5.714286,8.196331,7.29868],"to":[10.285714,10.482046,7.8701086],"rotation":{"angle":22.5,"axis":"x","origin":[8.0,8.196331,7.29868]},"faces":{"east":{"uv":[6.625,0.125,6.75,0.625],"rotation":0,"texture":"#0","tintindex":0},"south":{"uv":[7.875,0.125,8.875,0.625],"rotation":0,"texture":"#0","tintindex":0},"north":{"uv":[6.75,0.125,7.75,0.625],"rotation":0,"texture":"#0","tintindex":0},"west":{"uv":[7.75,0.125,7.875,0.625],"rotation":0,"texture":"#0","tintindex":0},"up":{"uv":[7.75,0.125,6.75,0.0],"rotation":0,"texture":"#0","tintindex":0},"down":{"uv":[8.75,0.0,7.75,0.125],"rotation":0,"texture":"#0","tintindex":0}}}],"textures":{"0":"modelengine:entity/soul_hound"},"display":{"head":{"translation":[0.0,-6.4,0.0],"scale":[4.0,4.0,4.0]}}}