{"textures":{"0":"modelengine:entity/soul_hound"},"elements":[{"from":[4.0,8.0,3.0],"to":[12.0,14.0,8.0],"faces":{"east":{"uv":[0.0,5.375,0.625,6.125],"tintindex":0,"rotation":0,"texture":"#0"},"south":{"uv":[2.25,5.375,3.25,6.125],"tintindex":0,"rotation":0,"texture":"#0"},"north":{"uv":[0.625,5.375,1.625,6.125],"tintindex":0,"rotation":0,"texture":"#0"},"west":{"uv":[1.625,5.375,2.25,6.125],"tintindex":0,"rotation":0,"texture":"#0"},"up":{"uv":[1.625,5.375,0.625,4.75],"tintindex":0,"rotation":0,"texture":"#0"},"down":{"uv":[2.625,4.75,1.625,5.375],"tintindex":0,"rotation":0,"texture":"#0"}}},{"from":[5.0,8.0,-1.0],"to":[11.0,11.0,3.0],"faces":{"east":{"uv":[5.625,3.625,6.125,4.0],"tintindex":0,"rotation":0,"texture":"#0"},"south":{"uv":[7.375,3.625,8.125,4.0],"tintindex":0,"rotation":0,"texture":"#0"},"north":{"uv":[6.125,3.625,6.875,4.0],"tintindex":0,"rotation":0,"texture":"#0"},"west":{"uv":[6.875,3.625,7.375,4.0],"tintindex":0,"rotation":0,"texture":"#0"},"up":{"uv":[6.875,3.625,6.125,3.125],"tintindex":0,"rotation":0,"texture":"#0"},"down":{"uv":[7.625,3.125,6.875,3.625],"tintindex":0,"rotation":0,"texture":"#0"}}}],"display":{"gui":{"rotation":[30,225,0]}}}