{"elements":[{"from":[5.714286,8.0,5.142857],"to":[10.285714,11.428572,8.0],"rotation":{"angle":0.0,"axis":"y","origin":[8.0,0.5714283,13.714286]},"faces":{"east":{"uv":[0.0,5.375,0.625,6.125],"rotation":0,"texture":"#0","tintindex":0},"south":{"uv":[2.25,5.375,3.25,6.125],"rotation":0,"texture":"#0","tintindex":0},"north":{"uv":[0.625,5.375,1.625,6.125],"rotation":0,"texture":"#0","tintindex":0},"west":{"uv":[1.625,5.375,2.25,6.125],"rotation":0,"texture":"#0","tintindex":0},"up":{"uv":[1.625,5.375,0.625,4.75],"rotation":0,"texture":"#0","tintindex":0},"down":{"uv":[2.625,4.75,1.625,5.375],"rotation":0,"texture":"#0","tintindex":0}}},{"from":[6.285714,8.0,2.8571424],"to":[9.714286,9.714286,5.142857],"rotation":{"angle":0.0,"axis":"y","origin":[8.0,0.5714283,13.714286]},"faces":{"east":{"uv":[5.625,3.625,6.125,4.0],"rotation":0,"texture":"#0","tintindex":0},"south":{"uv":[7.375,3.625,8.125,4.0],"rotation":0,"texture":"#0","tintindex":0},"north":{"uv":[6.125,3.625,6.875,4.0],"rotation":0,"texture":"#0","tintindex":0},"west":{"uv":[6.875,3.625,7.375,4.0],"rotation":0,"texture":"#0","tintindex":0},"up":{"uv":[6.875,3.625,6.125,3.125],"rotation":0,"texture":"#0","tintindex":0},"down":{"uv":[7.625,3.125,6.875,3.625],"rotation":0,"texture":"#0","tintindex":0}}}],"textures":{"0":"modelengine:entity/soul_hound"},"display":{"head":{"translation":[0.0,-6.4,0.0],"scale":[4.0,4.0,4.0]}}}