{"elements":[{"from":[5.142857,6.285714,5.142857],"to":[10.857143,8.571428,8.571428],"rotation":{"angle":0.0,"axis":"y","origin":[8.0,0.5714283,14.285715]},"faces":{"east":{"uv":[3.5,4.75,4.25,5.25],"rotation":0,"texture":"#0","tintindex":0},"south":{"uv":[6.25,4.75,7.5,5.25],"rotation":0,"texture":"#0","tintindex":0},"north":{"uv":[4.25,4.75,5.5,5.25],"rotation":0,"texture":"#0","tintindex":0},"west":{"uv":[5.5,4.75,6.25,5.25],"rotation":0,"texture":"#0","tintindex":0},"up":{"uv":[5.5,4.75,4.25,4.0],"rotation":0,"texture":"#0","tintindex":0},"down":{"uv":[6.75,4.0,5.5,4.75],"rotation":0,"texture":"#0","tintindex":0}}},{"from":[5.714286,6.285714,2.8571424],"to":[10.285714,8.571428,5.142857],"rotation":{"angle":0.0,"axis":"y","origin":[8.0,0.5714283,14.285715]},"faces":{"east":{"uv":[6.125,2.625,6.625,3.125],"rotation":0,"texture":"#0","tintindex":0},"south":{"uv":[8.125,2.625,9.125,3.125],"rotation":0,"texture":"#0","tintindex":0},"north":{"uv":[6.625,2.625,7.625,3.125],"rotation":0,"texture":"#0","tintindex":0},"west":{"uv":[7.625,2.625,8.125,3.125],"rotation":0,"texture":"#0","tintindex":0},"up":{"uv":[7.625,2.625,6.625,2.125],"rotation":0,"texture":"#0","tintindex":0},"down":{"uv":[8.625,2.125,7.625,2.625],"rotation":0,"texture":"#0","tintindex":0}}},{"from":[5.714286,8.571428,2.8571424],"to":[10.285714,9.142858,4.0],"rotation":{"angle":0.0,"axis":"y","origin":[8.0,0.5714283,14.285715]},"faces":{"east":{"uv":[6.75,4.25,7.0,4.375],"rotation":0,"texture":"#0","tintindex":0},"south":{"uv":[8.25,4.25,9.25,4.375],"rotation":0,"texture":"#0","tintindex":0},"north":{"uv":[7.0,4.25,8.0,4.375],"rotation":0,"texture":"#0","tintindex":0},"west":{"uv":[8.0,4.25,8.25,4.375],"rotation":0,"texture":"#0","tintindex":0},"up":{"uv":[8.0,4.25,7.0,4.0],"rotation":0,"texture":"#0","tintindex":0},"down":{"uv":[9.0,4.0,8.0,4.25],"rotation":0,"texture":"#0","tintindex":0}}}],"textures":{"0":"modelengine:entity/soul_hound"},"display":{"head":{"translation":[0.0,-6.4,0.0],"scale":[4.0,4.0,4.0]}}}