{"textures":{"0":"modelengine:entity/soul_hound"},"elements":[{"from":[4.0,5.0,-1.0],"to":[12.0,9.0,3.0],"faces":{"east":{"uv":[6.125,2.625,6.625,3.125],"tintindex":0,"rotation":0,"texture":"#0"},"south":{"uv":[8.125,2.625,9.125,3.125],"tintindex":0,"rotation":0,"texture":"#0"},"north":{"uv":[6.625,2.625,7.625,3.125],"tintindex":0,"rotation":0,"texture":"#0"},"west":{"uv":[7.625,2.625,8.125,3.125],"tintindex":0,"rotation":0,"texture":"#0"},"up":{"uv":[7.625,2.625,6.625,2.125],"tintindex":0,"rotation":0,"texture":"#0"},"down":{"uv":[8.625,2.125,7.625,2.625],"tintindex":0,"rotation":0,"texture":"#0"}}},{"from":[4.0,9.0,-1.0],"to":[12.0,10.0,1.0],"faces":{"east":{"uv":[6.75,4.25,7.0,4.375],"tintindex":0,"rotation":0,"texture":"#0"},"south":{"uv":[8.25,4.25,9.25,4.375],"tintindex":0,"rotation":0,"texture":"#0"},"north":{"uv":[7.0,4.25,8.0,4.375],"tintindex":0,"rotation":0,"texture":"#0"},"west":{"uv":[8.0,4.25,8.25,4.375],"tintindex":0,"rotation":0,"texture":"#0"},"up":{"uv":[8.0,4.25,7.0,4.0],"tintindex":0,"rotation":0,"texture":"#0"},"down":{"uv":[9.0,4.0,8.0,4.25],"tintindex":0,"rotation":0,"texture":"#0"}}},{"from":[3.0,5.0,3.0],"to":[13.0,9.0,9.0],"faces":{"east":{"uv":[3.5,4.75,4.25,5.25],"tintindex":0,"rotation":0,"texture":"#0"},"south":{"uv":[6.25,4.75,7.5,5.25],"tintindex":0,"rotation":0,"texture":"#0"},"north":{"uv":[4.25,4.75,5.5,5.25],"tintindex":0,"rotation":0,"texture":"#0"},"west":{"uv":[5.5,4.75,6.25,5.25],"tintindex":0,"rotation":0,"texture":"#0"},"up":{"uv":[5.5,4.75,4.25,4.0],"tintindex":0,"rotation":0,"texture":"#0"},"down":{"uv":[6.75,4.0,5.5,4.75],"tintindex":0,"rotation":0,"texture":"#0"}}}],"display":{"gui":{"rotation":[30,225,0]}}}