{"textures":{"0":"modelengine:entity/soul_hound"},"elements":[{"from":[7.0,-2.0,8.0],"to":[10.0,4.0,12.0],"faces":{"east":{"uv":[7.0,7.5,7.5,8.25],"tintindex":0,"rotation":0,"texture":"#0"},"south":{"uv":[8.375,7.5,8.75,8.25],"tintindex":0,"rotation":0,"texture":"#0"},"north":{"uv":[7.5,7.5,7.875,8.25],"tintindex":0,"rotation":0,"texture":"#0"},"west":{"uv":[7.875,7.5,8.375,8.25],"tintindex":0,"rotation":0,"texture":"#0"},"up":{"uv":[7.875,7.5,7.5,7.0],"tintindex":0,"rotation":0,"texture":"#0"},"down":{"uv":[8.25,7.0,7.875,7.5],"tintindex":0,"rotation":0,"texture":"#0"}}},{"from":[7.0,4.0,5.0],"to":[10.0,11.0,12.0],"faces":{"east":{"uv":[0.0,7.0,0.875,7.875],"tintindex":0,"rotation":0,"texture":"#0"},"south":{"uv":[2.125,7.0,2.5,7.875],"tintindex":0,"rotation":0,"texture":"#0"},"north":{"uv":[0.875,7.0,1.25,7.875],"tintindex":0,"rotation":0,"texture":"#0"},"west":{"uv":[1.25,7.0,2.125,7.875],"tintindex":0,"rotation":0,"texture":"#0"},"up":{"uv":[1.25,7.0,0.875,6.125],"tintindex":0,"rotation":0,"texture":"#0"},"down":{"uv":[1.625,6.125,1.25,7.0],"tintindex":0,"rotation":0,"texture":"#0"}}}],"display":{"gui":{"rotation":[30,225,0]}}}