{"textures":{"0":"modelengine:entity/soul_hound"},"elements":[{"from":[5.0,-1.0,5.5],"to":[10.0,11.0,10.5],"faces":{"east":{"uv":[3.25,5.875,3.875,7.375],"tintindex":0,"rotation":0,"texture":"#0"},"south":{"uv":[5.125,5.875,5.75,7.375],"tintindex":0,"rotation":0,"texture":"#0"},"north":{"uv":[3.875,5.875,4.5,7.375],"tintindex":0,"rotation":0,"texture":"#0"},"west":{"uv":[4.5,5.875,5.125,7.375],"tintindex":0,"rotation":0,"texture":"#0"},"up":{"uv":[4.5,5.875,3.875,5.25],"tintindex":0,"rotation":0,"texture":"#0"},"down":{"uv":[5.125,5.25,4.5,5.875],"tintindex":0,"rotation":0,"texture":"#0"}}}],"display":{"gui":{"rotation":[30,225,0]}}}