{"elements":[{"from":[7.428571,5.714286,6.285714],"to":[9.142858,9.714286,10.285714],"rotation":{"angle":0.0,"axis":"y","origin":[10.285714,2.2857141,5.142857]},"faces":{"east":{"uv":[0.0,7.0,0.875,7.875],"rotation":0,"texture":"#0","tintindex":0},"south":{"uv":[2.125,7.0,2.5,7.875],"rotation":0,"texture":"#0","tintindex":0},"north":{"uv":[0.875,7.0,1.25,7.875],"rotation":0,"texture":"#0","tintindex":0},"west":{"uv":[1.25,7.0,2.125,7.875],"rotation":0,"texture":"#0","tintindex":0},"up":{"uv":[1.25,7.0,0.875,6.125],"rotation":0,"texture":"#0","tintindex":0},"down":{"uv":[1.625,6.125,1.25,7.0],"rotation":0,"texture":"#0","tintindex":0}}},{"from":[7.428571,2.2857141,8.0],"to":[9.142858,5.714286,10.285714],"rotation":{"angle":0.0,"axis":"y","origin":[10.285714,2.2857141,5.142857]},"faces":{"east":{"uv":[7.0,7.5,7.5,8.25],"rotation":0,"texture":"#0","tintindex":0},"south":{"uv":[8.375,7.5,8.75,8.25],"rotation":0,"texture":"#0","tintindex":0},"north":{"uv":[7.5,7.5,7.875,8.25],"rotation":0,"texture":"#0","tintindex":0},"west":{"uv":[7.875,7.5,8.375,8.25],"rotation":0,"texture":"#0","tintindex":0},"up":{"uv":[7.875,7.5,7.5,7.0],"rotation":0,"texture":"#0","tintindex":0},"down":{"uv":[8.25,7.0,7.875,7.5],"rotation":0,"texture":"#0","tintindex":0}}}],"textures":{"0":"modelengine:entity/soul_hound"},"display":{"head":{"translation":[0.0,-6.4,0.0],"scale":[4.0,4.0,4.0]}}}