{"elements":[{"from":[6.285714,2.8571424,6.5714283],"to":[9.142858,9.714286,9.428572],"rotation":{"angle":0.0,"axis":"y","origin":[9.714286,2.8571424,11.142858]},"faces":{"east":{"uv":[3.25,5.875,3.875,7.375],"rotation":0,"texture":"#0","tintindex":0},"south":{"uv":[5.125,5.875,5.75,7.375],"rotation":0,"texture":"#0","tintindex":0},"north":{"uv":[3.875,5.875,4.5,7.375],"rotation":0,"texture":"#0","tintindex":0},"west":{"uv":[4.5,5.875,5.125,7.375],"rotation":0,"texture":"#0","tintindex":0},"up":{"uv":[4.5,5.875,3.875,5.25],"rotation":0,"texture":"#0","tintindex":0},"down":{"uv":[5.125,5.25,4.5,5.875],"rotation":0,"texture":"#0","tintindex":0}}}],"textures":{"0":"modelengine:entity/soul_hound"},"display":{"head":{"translation":[0.0,-6.4,0.0],"scale":[4.0,4.0,4.0]}}}