{"elements":[{"from":[6.857143,5.714286,6.285714],"to":[8.571428,9.714286,10.285714],"rotation":{"angle":0.0,"axis":"y","origin":[5.714286,2.2857141,5.142857]},"faces":{"east":{"uv":[5.75,6.125,6.625,7.0],"rotation":0,"texture":"#0","tintindex":0},"south":{"uv":[7.875,6.125,8.25,7.0],"rotation":0,"texture":"#0","tintindex":0},"north":{"uv":[6.625,6.125,7.0,7.0],"rotation":0,"texture":"#0","tintindex":0},"west":{"uv":[7.0,6.125,7.875,7.0],"rotation":0,"texture":"#0","tintindex":0},"up":{"uv":[7.0,6.125,6.625,5.25],"rotation":0,"texture":"#0","tintindex":0},"down":{"uv":[7.375,5.25,7.0,6.125],"rotation":0,"texture":"#0","tintindex":0}}},{"from":[6.857143,2.2857141,8.0],"to":[8.571428,5.714286,10.285714],"rotation":{"angle":0.0,"axis":"y","origin":[5.714286,2.2857141,5.142857]},"faces":{"east":{"uv":[5.25,7.5,5.75,8.25],"rotation":0,"texture":"#0","tintindex":0},"south":{"uv":[6.625,7.5,7.0,8.25],"rotation":0,"texture":"#0","tintindex":0},"north":{"uv":[5.75,7.5,6.125,8.25],"rotation":0,"texture":"#0","tintindex":0},"west":{"uv":[6.125,7.5,6.625,8.25],"rotation":0,"texture":"#0","tintindex":0},"up":{"uv":[6.125,7.5,5.75,7.0],"rotation":0,"texture":"#0","tintindex":0},"down":{"uv":[6.5,7.0,6.125,7.5],"rotation":0,"texture":"#0","tintindex":0}}}],"textures":{"0":"modelengine:entity/soul_hound"},"display":{"head":{"translation":[0.0,-6.4,0.0],"scale":[4.0,4.0,4.0]}}}