{"textures":{"0":"modelengine:entity/soul_hound"},"elements":[{"from":[6.0,4.0,5.0],"to":[9.0,11.0,12.0],"faces":{"east":{"uv":[5.75,6.125,6.625,7.0],"tintindex":0,"rotation":0,"texture":"#0"},"south":{"uv":[7.875,6.125,8.25,7.0],"tintindex":0,"rotation":0,"texture":"#0"},"north":{"uv":[6.625,6.125,7.0,7.0],"tintindex":0,"rotation":0,"texture":"#0"},"west":{"uv":[7.0,6.125,7.875,7.0],"tintindex":0,"rotation":0,"texture":"#0"},"up":{"uv":[7.0,6.125,6.625,5.25],"tintindex":0,"rotation":0,"texture":"#0"},"down":{"uv":[7.375,5.25,7.0,6.125],"tintindex":0,"rotation":0,"texture":"#0"}}},{"from":[6.0,-2.0,8.0],"to":[9.0,4.0,12.0],"faces":{"east":{"uv":[5.25,7.5,5.75,8.25],"tintindex":0,"rotation":0,"texture":"#0"},"south":{"uv":[6.625,7.5,7.0,8.25],"tintindex":0,"rotation":0,"texture":"#0"},"north":{"uv":[5.75,7.5,6.125,8.25],"tintindex":0,"rotation":0,"texture":"#0"},"west":{"uv":[6.125,7.5,6.625,8.25],"tintindex":0,"rotation":0,"texture":"#0"},"up":{"uv":[6.125,7.5,5.75,7.0],"tintindex":0,"rotation":0,"texture":"#0"},"down":{"uv":[6.5,7.0,6.125,7.5],"tintindex":0,"rotation":0,"texture":"#0"}}}],"display":{"gui":{"rotation":[30,225,0]}}}