{"textures":{"0":"modelengine:entity/soul_hound"},"elements":[{"from":[6.0,-1.0,5.5],"to":[11.0,11.0,10.5],"faces":{"east":{"uv":[4.75,0.625,5.375,2.125],"tintindex":0,"rotation":0,"texture":"#0"},"south":{"uv":[6.625,0.625,7.25,2.125],"tintindex":0,"rotation":0,"texture":"#0"},"north":{"uv":[5.375,0.625,6.0,2.125],"tintindex":0,"rotation":0,"texture":"#0"},"west":{"uv":[6.0,0.625,6.625,2.125],"tintindex":0,"rotation":0,"texture":"#0"},"up":{"uv":[6.0,0.625,5.375,0.0],"tintindex":0,"rotation":0,"texture":"#0"},"down":{"uv":[6.625,0.0,6.0,0.625],"tintindex":0,"rotation":0,"texture":"#0"}}}],"display":{"gui":{"rotation":[30,225,0]}}}