{"elements":[{"from":[6.857143,2.8571424,6.5714283],"to":[9.714286,9.714286,9.428572],"rotation":{"angle":0.0,"axis":"y","origin":[6.285714,2.8571424,11.142858]},"faces":{"east":{"uv":[4.75,0.625,5.375,2.125],"rotation":0,"texture":"#0","tintindex":0},"south":{"uv":[6.625,0.625,7.25,2.125],"rotation":0,"texture":"#0","tintindex":0},"north":{"uv":[5.375,0.625,6.0,2.125],"rotation":0,"texture":"#0","tintindex":0},"west":{"uv":[6.0,0.625,6.625,2.125],"rotation":0,"texture":"#0","tintindex":0},"up":{"uv":[6.0,0.625,5.375,0.0],"rotation":0,"texture":"#0","tintindex":0},"down":{"uv":[6.625,0.0,6.0,0.625],"rotation":0,"texture":"#0","tintindex":0}}}],"textures":{"0":"modelengine:entity/soul_hound"},"display":{"head":{"translation":[0.0,-6.4,0.0],"scale":[4.0,4.0,4.0]}}}