{"textures":{"0":"modelengine:entity/soul_hound"},"elements":[{"from":[8.0,3.0,8.0],"to":[8.0,12.0,20.0],"faces":{"east":{"uv":[3.125,2.5,4.625,3.625],"tintindex":0,"rotation":0,"texture":"#0"},"west":{"uv":[4.625,2.5,6.125,3.625],"tintindex":0,"rotation":0,"texture":"#0"}}},{"from":[7.0,7.0,8.0],"to":[9.0,9.0,12.0],"faces":{"east":{"uv":[1.625,6.625,2.125,6.875],"tintindex":0,"rotation":0,"texture":"#0"},"south":{"uv":[2.875,6.625,3.125,6.875],"tintindex":0,"rotation":0,"texture":"#0"},"north":{"uv":[2.125,6.625,2.375,6.875],"tintindex":0,"rotation":0,"texture":"#0"},"west":{"uv":[2.375,6.625,2.875,6.875],"tintindex":0,"rotation":0,"texture":"#0"},"up":{"uv":[2.375,6.625,2.125,6.125],"tintindex":0,"rotation":0,"texture":"#0"},"down":{"uv":[2.625,6.125,2.375,6.625],"tintindex":0,"rotation":0,"texture":"#0"}}}],"display":{"gui":{"rotation":[30,225,0]}}}