{"elements":[{"from":[7.428571,7.428571,8.0],"to":[8.571428,8.571428,10.285714],"rotation":{"angle":0.0,"axis":"y","origin":[8.0,-1.7142859,3.4285712]},"faces":{"east":{"uv":[1.625,6.625,2.125,6.875],"rotation":0,"texture":"#0","tintindex":0},"south":{"uv":[2.875,6.625,3.125,6.875],"rotation":0,"texture":"#0","tintindex":0},"north":{"uv":[2.125,6.625,2.375,6.875],"rotation":0,"texture":"#0","tintindex":0},"west":{"uv":[2.375,6.625,2.875,6.875],"rotation":0,"texture":"#0","tintindex":0},"up":{"uv":[2.375,6.625,2.125,6.125],"rotation":0,"texture":"#0","tintindex":0},"down":{"uv":[2.625,6.125,2.375,6.625],"rotation":0,"texture":"#0","tintindex":0}}},{"from":[8.0,5.142857,8.0],"to":[8.0,10.285714,14.857143],"rotation":{"angle":0.0,"axis":"y","origin":[8.0,-1.7142859,3.4285712]},"faces":{"east":{"uv":[3.125,2.5,4.625,3.625],"rotation":0,"texture":"#0","tintindex":0},"south":{"uv":[6.125,2.5,6.125,3.625],"rotation":0,"texture":"#0","tintindex":0},"north":{"uv":[4.625,2.5,4.625,3.625],"rotation":0,"texture":"#0","tintindex":0},"west":{"uv":[4.625,2.5,6.125,3.625],"rotation":0,"texture":"#0","tintindex":0},"up":{"uv":[4.625,2.5,4.625,1.0],"rotation":0,"texture":"#0","tintindex":0},"down":{"uv":[4.625,1.0,4.625,2.5],"rotation":0,"texture":"#0","tintindex":0}}}],"textures":{"0":"modelengine:entity/soul_hound"},"display":{"head":{"translation":[0.0,-6.4,0.0],"scale":[4.0,4.0,4.0]}}}