{"parent":"minecraft:item/generated","textures":{"layer0":"minecraft:item/leather_horse_armor"},"overrides":[{"predicate":{"custom_model_data":1},"model":"modelengine:qmob_creaking/eyes"},{"predicate":{"custom_model_data":2},"model":"modelengine:qmob_creaking/head"},{"predicate":{"custom_model_data":3},"model":"modelengine:qmob_creaking/torso"},{"predicate":{"custom_model_data":4},"model":"modelengine:qmob_creaking/arm_left"},{"predicate":{"custom_model_data":5},"model":"modelengine:qmob_creaking/leg_left"},{"predicate":{"custom_model_data":6},"model":"modelengine:qmob_creaking/arm_right"},{"predicate":{"custom_model_data":7},"model":"modelengine:qmob_creaking/leg_right"},{"predicate":{"custom_model_data":8},"model":"modelengine:qmob_creakingheart/main"}]}