{"parent":"minecraft:item/generated","textures":{"layer0":"minecraft:item/leather_horse_armor"},"overrides":[{"predicate":{"custom_model_data":1},"model":"modelengine:boarbarian/head"},{"predicate":{"custom_model_data":2},"model":"modelengine:boarbarian/boarbarian_head"},{"predicate":{"custom_model_data":3},"model":"modelengine:boarbarian/boarbarian_right_ear"},{"predicate":{"custom_model_data":4},"model":"modelengine:boarbarian/boarbarian_left_ear"},{"predicate":{"custom_model_data":5},"model":"modelengine:boarbarian/right_arm"},{"predicate":{"custom_model_data":6},"model":"modelengine:boarbarian/right_arm_sub_0"},{"predicate":{"custom_model_data":7},"model":"modelengine:boarbarian/left_arm"},{"predicate":{"custom_model_data":8},"model":"modelengine:boarbarian/left_arm2"},{"predicate":{"custom_model_data":9},"model":"modelengine:boarbarian/right_leg"},{"predicate":{"custom_model_data":10},"model":"modelengine:boarbarian/right_leg2"},{"predicate":{"custom_model_data":11},"model":"modelengine:boarbarian/left_leg"},{"predicate":{"custom_model_data":12},"model":"modelengine:boarbarian/left_leg_sub_0"},{"predicate":{"custom_model_data":13},"model":"modelengine:boarbarian/boarbarian_body"},{"predicate":{"custom_model_data":14},"model":"modelengine:boarbarian/boarbarian_spikes"},{"predicate":{"custom_model_data":15},"model":"modelengine:brute/boarbarian_brute"},{"predicate":{"custom_model_data":16},"model":"modelengine:brute/body_sub_11"},{"predicate":{"custom_model_data":17},"model":"modelengine:brute/boarbarian_brute_head"},{"predicate":{"custom_model_data":18},"model":"modelengine:brute/boarbarian_brute_right_ear"},{"predicate":{"custom_model_data":19},"model":"modelengine:brute/boarbarian_brute_left_ear"},{"predicate":{"custom_model_data":20},"model":"modelengine:brute/boarbarian_brute_right_arm"},{"predicate":{"custom_model_data":21},"model":"modelengine:brute/right_arm_sub_0"},{"predicate":{"custom_model_data":22},"model":"modelengine:brute/boarbarian_brute_left_arm"},{"predicate":{"custom_model_data":23},"model":"modelengine:brute/left_arm2"},{"predicate":{"custom_model_data":24},"model":"modelengine:brute/right_leg"},{"predicate":{"custom_model_data":25},"model":"modelengine:brute/boarbarian_crimson_right_leg"},{"predicate":{"custom_model_data":26},"model":"modelengine:brute/boarbarian_warped_right_leg"},{"predicate":{"custom_model_data":27},"model":"modelengine:brute/boarbarian_brute_right_leg"},{"predicate":{"custom_model_data":28},"model":"modelengine:brute/boarbarian_chieftain_right_leg"},{"predicate":{"custom_model_data":29},"model":"modelengine:brute/right_leg2"},{"predicate":{"custom_model_data":30},"model":"modelengine:brute/left_leg"},{"predicate":{"custom_model_data":31},"model":"modelengine:brute/boarbarian_crimson_left_leg"},{"predicate":{"custom_model_data":32},"model":"modelengine:brute/boarbarian_warped_left_leg"},{"predicate":{"custom_model_data":33},"model":"modelengine:brute/boarbarian_brute_left_leg"},{"predicate":{"custom_model_data":34},"model":"modelengine:brute/boarbarian_chieftain_left_leg"},{"predicate":{"custom_model_data":35},"model":"modelengine:brute/left_leg_sub_0"},{"predicate":{"custom_model_data":36},"model":"modelengine:nwolf/body"},{"predicate":{"custom_model_data":37},"model":"modelengine:nwolf/head"},{"predicate":{"custom_model_data":38},"model":"modelengine:nwolf/ears"},{"predicate":{"custom_model_data":39},"model":"modelengine:nwolf/jaw"},{"predicate":{"custom_model_data":40},"model":"modelengine:nwolf/tail"},{"predicate":{"custom_model_data":41},"model":"modelengine:nwolf/left_back_leg"},{"predicate":{"custom_model_data":42},"model":"modelengine:nwolf/right_back_leg"},{"predicate":{"custom_model_data":43},"model":"modelengine:nwolf/left_leg"},{"predicate":{"custom_model_data":44},"model":"modelengine:nwolf/right_leg"},{"predicate":{"custom_model_data":45},"model":"modelengine:nwolf/particle"},{"predicate":{"custom_model_data":46},"model":"modelengine:capybara/body"},{"predicate":{"custom_model_data":47},"model":"modelengine:capybara/head"},{"predicate":{"custom_model_data":48},"model":"modelengine:capybara/leftear"},{"predicate":{"custom_model_data":49},"model":"modelengine:capybara/rightear"},{"predicate":{"custom_model_data":50},"model":"modelengine:capybara/leftarm"},{"predicate":{"custom_model_data":51},"model":"modelengine:capybara/rightarm"},{"predicate":{"custom_model_data":52},"model":"modelengine:capybara/leftleg"},{"predicate":{"custom_model_data":53},"model":"modelengine:capybara/rightleg"},{"predicate":{"custom_model_data":54},"model":"modelengine:duck/body"},{"predicate":{"custom_model_data":55},"model":"modelengine:duck/bowtie"},{"predicate":{"custom_model_data":56},"model":"modelengine:duck/head"},{"predicate":{"custom_model_data":57},"model":"modelengine:duck/bill"},{"predicate":{"custom_model_data":58},"model":"modelengine:duck/left_wing"},{"predicate":{"custom_model_data":59},"model":"modelengine:duck/right_wing"},{"predicate":{"custom_model_data":60},"model":"modelengine:duck/left_leg"},{"predicate":{"custom_model_data":61},"model":"modelengine:duck/right_leg"},{"predicate":{"custom_model_data":62},"model":"modelengine:mono/body"},{"predicate":{"custom_model_data":63},"model":"modelengine:mono/tail"},{"predicate":{"custom_model_data":64},"model":"modelengine:mono/arm1"},{"predicate":{"custom_model_data":65},"model":"modelengine:mono/arm2"},{"predicate":{"custom_model_data":66},"model":"modelengine:mono/head"},{"predicate":{"custom_model_data":67},"model":"modelengine:mono/leg1"},{"predicate":{"custom_model_data":68},"model":"modelengine:mono/leg2"},{"predicate":{"custom_model_data":69},"model":"modelengine:orangutan/body"},{"predicate":{"custom_model_data":70},"model":"modelengine:orangutan/head"},{"predicate":{"custom_model_data":71},"model":"modelengine:orangutan/arm1"},{"predicate":{"custom_model_data":72},"model":"modelengine:orangutan/arm2"},{"predicate":{"custom_model_data":73},"model":"modelengine:orangutan/leg1"},{"predicate":{"custom_model_data":74},"model":"modelengine:orangutan/leg2"},{"predicate":{"custom_model_data":75},"model":"modelengine:qmob_creaking/eyes"},{"predicate":{"custom_model_data":76},"model":"modelengine:qmob_creaking/head"},{"predicate":{"custom_model_data":77},"model":"modelengine:qmob_creaking/torso"},{"predicate":{"custom_model_data":78},"model":"modelengine:qmob_creaking/arm_left"},{"predicate":{"custom_model_data":79},"model":"modelengine:qmob_creaking/leg_left"},{"predicate":{"custom_model_data":80},"model":"modelengine:qmob_creaking/arm_right"},{"predicate":{"custom_model_data":81},"model":"modelengine:qmob_creaking/leg_right"},{"predicate":{"custom_model_data":82},"model":"modelengine:qmob_creakingheart/main"},{"predicate":{"custom_model_data":83},"model":"modelengine:rinoceronte/head"},{"predicate":{"custom_model_data":84},"model":"modelengine:rinoceronte/bone"},{"predicate":{"custom_model_data":85},"model":"modelengine:rinoceronte/bone2"},{"predicate":{"custom_model_data":86},"model":"modelengine:rinoceronte/leg1"},{"predicate":{"custom_model_data":87},"model":"modelengine:rinoceronte/leg2"},{"predicate":{"custom_model_data":88},"model":"modelengine:rinoceronte/arm1"},{"predicate":{"custom_model_data":89},"model":"modelengine:rinoceronte/arm2"},{"predicate":{"custom_model_data":90},"model":"modelengine:rinoceronte/body"}]}