{
  "display": {
    "icon": {
      "item": "smooth_quartz"
    },
    "title": {
      "translate":"incendium.advancement.quartz_flats.root.title","fallback":"Hellish Paradise"
    },
    "description": {
      "translate":"incendium.advancement.quartz_flats.root.desc","fallback":"Beware the beautiful and deadly Quartz Flats"
    },
    "frame": "task",
    "show_toast": true,
    "announce_to_chat": true,
    "hidden": false
  },
  "parent": "incendium:root",
  "criteria": {
    "requirement": {
      "trigger": "minecraft:location",
      "conditions": {
        "player": {
          "location": {
            "biome": "incendium:quartz_flats",
            "player": {
              "location": {
                "biome": "incendium:quartz_flats"
              }
            }
          }
        }
      }
    }
  }
}
