{"format_version":"1.8.0","animations":{"walk":{"loop":true,"animation_length":0.5833,"bones":{"leg1":{"rotation":{"0.0":[0,0,0],"0.3333":[-25,0,0],"0.375":[-41.04,0,0],"0.5833":[-1.25,0,0]},"position":[0,0,0]},"leg2":{"rotation":{"0.0":[0,0,0],"0.3333":[37.5,0,0],"0.375":[41.25,0,0],"0.5833":[0,0,0]},"position":{"0.0":[0,0,0],"0.3333":[0,0,0]}},"arm1":{"rotation":{"0.0":[0,0,0],"0.3333":[-30,0,0],"0.375":[-40,0,0],"0.5833":[0,0,0]},"position":[0,0,0]},"arm2":{"rotation":{"0.0":[0,0,0],"0.3333":[17.5,0,0],"0.375":[37.08,0,0],"0.5833":[0,0,0]},"position":[0,0,0]}}},"attack":{"animation_length":1.0833,"bones":{"h_head":{"rotation":{"0.0":[0,0,0],"0.75":[-57.5,0,0],"1.0833":[-2.5,0,0]},"position":{"0.0":[0,0,0],"0.75":[0,0,7],"1.0833":[0,0,0]}}}},"idle":{"loop":true},"death":{"animation_length":0.2917,"override_previous_animation":true,"bones":{"Grupo":{"rotation":{"0.0":[0,0,0],"0.2917":[0,0,90]},"position":[0,0,0]}}}}}