{"format_version":"1.10.0","animation_controllers":{"controller.animation.mono.death":{"initial_state":"stop","states":{"play":{"animations":["death"],"blend_transition":0.1,"transitions":[{"stop":"math.mod(math.floor(query.property('modelengine:anim0') / 1), 2) == 0"}]},"stop":{"blend_transition":0.1,"transitions":[{"play":"math.mod(math.floor(query.property('modelengine:anim0') / 1), 2) != 0"}]}}},"controller.animation.mono.idle":{"initial_state":"stop","states":{"play":{"animations":["idle"],"blend_transition":0.1,"transitions":[{"stop":"math.mod(math.floor(query.property('modelengine:anim0') / 2), 2) == 0"}]},"stop":{"blend_transition":0.1,"transitions":[{"play":"math.mod(math.floor(query.property('modelengine:anim0') / 2), 2) != 0"}]}}},"controller.animation.mono.walk":{"initial_state":"stop","states":{"play":{"animations":["walk"],"blend_transition":0.1,"transitions":[{"stop":"math.mod(math.floor(query.property('modelengine:anim0') / 4), 2) == 0"}]},"stop":{"blend_transition":0.1,"transitions":[{"play":"math.mod(math.floor(query.property('modelengine:anim0') / 4), 2) != 0"}]}}}}}