{"format_version":"1.10.0","animation_controllers":{"controller.animation.qmob_creaking.attack":{"initial_state":"stop","states":{"play":{"animations":["attack"],"blend_transition":0.1,"transitions":[{"stop":"math.mod(math.floor(query.property('modelengine:anim0') / 1), 2) == 0"}]},"stop":{"blend_transition":0.1,"transitions":[{"play":"math.mod(math.floor(query.property('modelengine:anim0') / 1), 2) != 0"}]}}},"controller.animation.qmob_creaking.death":{"initial_state":"stop","states":{"play":{"animations":["death"],"blend_transition":0.1,"transitions":[{"stop":"math.mod(math.floor(query.property('modelengine:anim0') / 2), 2) == 0"}]},"stop":{"blend_transition":0.1,"transitions":[{"play":"math.mod(math.floor(query.property('modelengine:anim0') / 2), 2) != 0"}]}}},"controller.animation.qmob_creaking.hurt":{"initial_state":"stop","states":{"play":{"animations":["hurt"],"blend_transition":0.1,"transitions":[{"stop":"math.mod(math.floor(query.property('modelengine:anim0') / 4), 2) == 0"}]},"stop":{"blend_transition":0.1,"transitions":[{"play":"math.mod(math.floor(query.property('modelengine:anim0') / 4), 2) != 0"}]}}},"controller.animation.qmob_creaking.idle":{"initial_state":"stop","states":{"play":{"animations":["idle"],"blend_transition":0.1,"transitions":[{"stop":"math.mod(math.floor(query.property('modelengine:anim0') / 8), 2) == 0"}]},"stop":{"blend_transition":0.1,"transitions":[{"play":"math.mod(math.floor(query.property('modelengine:anim0') / 8), 2) != 0"}]}}},"controller.animation.qmob_creaking.walk":{"initial_state":"stop","states":{"play":{"animations":["walk"],"blend_transition":0.1,"transitions":[{"stop":"math.mod(math.floor(query.property('modelengine:anim0') / 16), 2) == 0"}]},"stop":{"blend_transition":0.1,"transitions":[{"play":"math.mod(math.floor(query.property('modelengine:anim0') / 16), 2) != 0"}]}}}}}