{"format_version":"1.10.0","minecraft:client_entity":{"description":{"identifier":"modelengine:pinguino","materials":{"default":"entity_alphatest_change_color_one_sided","anim":"entity_alphatest_anim_change_color_one_sided"},"textures":{"gold":"textures/entity/Pinguino/pinguino/gold","blue":"textures/entity/Pinguino/pinguino/blue","lucy":"textures/entity/Pinguino/pinguino/lucy","cyan":"textures/entity/Pinguino/pinguino/cyan","wild":"textures/entity/Pinguino/pinguino/wild"},"geometry":{"t_64_64":"geometry.meg_pinguino_64_64"},"animations":{"look_at_target":"animation.pinguino.look_at_target","death":"animation.pinguino.death","death_control":"controller.animation.pinguino.death","swim":"animation.pinguino.swim","swim_control":"controller.animation.pinguino.swim","walk":"animation.pinguino.walk","walk_control":"controller.animation.pinguino.walk"},"scripts":{"animate":["look_at_target","death_control","swim_control","walk_control"]},"render_controllers":["controller.render.pinguino_gold","controller.render.pinguino_blue","controller.render.pinguino_lucy","controller.render.pinguino_cyan","controller.render.pinguino_wild"]}}}