{"format_version":"1.8.0","animations":{"walk":{"loop":true,"animation_length":0.75,"bones":{"leg1":{"rotation":{"0.0":[0,0,0],"0.375":[-25,0,0],"0.75":[25,0,0]},"position":[0,0,0]},"leg0":{"rotation":{"0.0":[0,0,0],"0.375":[22.5,0,0],"0.75":[-20,0,0]},"position":[0,0,0]},"leg3":{"rotation":{"0.0":[0,0,0],"0.375":[-20,0,0],"0.75":[22.5,0,0]},"position":[0,0,0]},"leg2":{"rotation":{"0.0":[0,0,0],"0.375":[22.5,0,0],"0.75":[-27.5,0,0]},"position":[0,0,0]}}},"death":{"animation_length":0.25,"override_previous_animation":true,"bones":{"centerpoint":{"rotation":{"0.0":[0,0,0],"0.25":[0,0,82.5]},"position":[0,0,0]}}},"attack":{"animation_length":0.5,"bones":{"h_head":{"rotation":{"0.0":[0,0,0],"0.25":[-22.5,0,0],"0.5":[5,0,0]},"position":[0,0,0]},"trunk":{"rotation":{"0.0":[0,0,0],"0.25":[-30,0,0],"0.5":[-10,0,0]},"position":{"0.0":[0,0,0],"0.5":[0,0,0]}}}},"idle":{"loop":true}}}