[
  {
      "condition": "minecraft:location_check",
      "predicate": {
          "block": {
              "block": "minecraft:barrel",
              "nbt": "{Items:[{Slot:3b,id:\"minecraft:jigsaw\",tag:{eth:{chromium_chunk:1b}}},{Slot:12b,id:\"minecraft:jigsaw\",tag:{eth:{chromium_chunk:1b}}},{Slot:21b,id:\"minecraft:stick\"}]}"
          }
      }
      
  },
  {
    "condition": "minecraft:inverted",
    "term": {
      "condition": "minecraft:location_check",
      "predicate": {
        "block": {
          "nbt": "{Items:[{Slot:2b}]}"
        }
      }
    }
  },
  {
    "condition": "minecraft:inverted",
    "term": {
      "condition": "minecraft:location_check",
      "predicate": {
        "block": {
          "nbt": "{Items:[{Slot:4b}]}"
        }
      }
    }
  },
  {
    "condition": "minecraft:inverted",
    "term": {
      "condition": "minecraft:location_check",
      "predicate": {
        "block": {
          "nbt": "{Items:[{Slot:11b}]}"
        }
      }
    }
  },
  {
    "condition": "minecraft:inverted",
    "term": {
      "condition": "minecraft:location_check",
      "predicate": {
        "block": {
          "nbt": "{Items:[{Slot:13b}]}"
        }
      }
    }
  },
  {
    "condition": "minecraft:inverted",
    "term": {
      "condition": "minecraft:location_check",
      "predicate": {
        "block": {
          "nbt": "{Items:[{Slot:20b}]}"
        }
      }
    }
  },
  {
    "condition": "minecraft:inverted",
    "term": {
      "condition": "minecraft:location_check",
      "predicate": {
        "block": {
          "nbt": "{Items:[{Slot:22b}]}"
        }
      }
    }
  }
]