{"format_version":"1.12.0","minecraft:geometry":[{"description":{"identifier":"geometry.irongolem","texture_width":512,"texture_height":512,"visible_bounds_width":5,"visible_bounds_height":4,"visible_bounds_offset":[0,2,0]},"bones":[{"name":"body","pivot":[0,31,0]},{"name":"head","parent":"body","pivot":[0,31,-2],"locators":{"lead":[0,31,-2]}},{"name":"boarbarian_head","parent":"body","pivot":[0,28,-7],"cubes":[{"origin":[-7.5,24,-16],"size":[15,12,10],"uv":[38,194]},{"origin":[-3.5,25,-18],"size":[7,5,3],"uv":[71,216]},{"origin":[0,36,-16],"size":[0,9,10],"uv":[88,197]}]},{"name":"boarbarian_right_ear","parent":"boarbarian_head","pivot":[-6.5,34,-10.5],"rotation":[0,0,25],"cubes":[{"origin":[-7.5,26,-14],"size":[1,8,7],"uv":[70,241]},{"origin":[-7.5,26,-14],"size":[1,8,7],"uv":[70,226]}]},{"name":"boarbarian_left_ear","parent":"boarbarian_head","pivot":[6.5,34,-10.5],"rotation":[0,0,-25],"cubes":[{"origin":[6.5,26,-14],"size":[1,8,7],"uv":[70,226]},{"origin":[6.5,29,-13],"size":[1,0,7],"uv":[73,226]}]},{"name":"arm0","parent":"body","pivot":[0,31,0]},{"name":"right_arm","parent":"arm0","pivot":[0,31,0],"cubes":[{"origin":[-13,3.5,-3],"size":[4,30,6],"uv":[490,21]},{"origin":[-14,5.5,-3],"size":[5,27,6],"uv":[430,82]},{"origin":[-14,23.5,-4],"size":[6,11,8],"uv":[458,102]},{"origin":[-13,3.5,-3],"size":[4,30,6],"inflate":0.25,"uv":[409,21]},{"origin":[-15,4,-4],"size":[5,29,8],"uv":[486,182]},{"origin":[-15,4,-4],"size":[5,29,8],"inflate":0.5,"uv":[486,108]}]},{"name":"right_arm_sub_0","parent":"arm0","pivot":[-19,35,0],"mirror":true,"cubes":[{"origin":[-24,7,-4],"size":[8,29,8],"uv":[0,256]},{"origin":[-24,12,-4],"size":[8,24,8],"uv":[72,286]},{"origin":[-24,18,-4],"size":[8,0,8],"uv":[26,276]},{"origin":[-24,23,-4],"size":[8,0,8],"uv":[26,267]}]},{"name":"arm1","parent":"body","pivot":[0,31,0]},{"name":"left_arm","parent":"arm1","pivot":[0,31,0],"cubes":[{"origin":[9,3.5,-3],"size":[4,30,6],"uv":[490,58]},{"origin":[9,5.5,-3],"size":[5,27,6],"uv":[430,115]},{"origin":[8,23.5,-4],"size":[6,11,8],"uv":[458,102]},{"origin":[9,3.5,-3],"size":[4,30,6],"inflate":0.25,"uv":[409,58]},{"origin":[10,4,-4],"size":[5,29,8],"uv":[486,219]},{"origin":[10,4,-4],"size":[5,29,8],"inflate":0.5,"uv":[486,145]},{"origin":[16,7,-4],"size":[8,29,8],"uv":[0,293]},{"origin":[16,16,-4],"size":[8,0,8],"uv":[16,293]},{"origin":[16,18,-4],"size":[8,0,8],"uv":[26,276]},{"origin":[16,23,-4],"size":[8,0,8],"uv":[26,267]}]},{"name":"left_arm2","parent":"arm1","pivot":[19,35,0],"cubes":[{"origin":[16,12,-4],"size":[8,24,8],"uv":[72,286]}]},{"name":"leg0","parent":"body","pivot":[-4,13,0]},{"name":"right_leg","parent":"leg0","pivot":[-4,13,0],"cubes":[{"origin":[-7.5,0,-3],"size":[6,16,5],"uv":[467,0]},{"origin":[-7.5,0,-3],"size":[6,16,5],"inflate":0.25,"uv":[386,0]},{"origin":[-8,0,-3],"size":[6,8,6],"uv":[462,228]},{"origin":[-13.5,0,-5],"size":[10,11,10],"uv":[32,291]}]},{"name":"right_leg2","parent":"leg0","pivot":[-8,10,0],"cubes":[{"origin":[-13.5,0,-5],"size":[10,11,10],"uv":[0,330]}]},{"name":"leg1","parent":"body","pivot":[5,13,0],"mirror":true},{"name":"left_leg","parent":"leg1","pivot":[5,13,0],"cubes":[{"origin":[1.5,0,-3],"size":[6,16,5],"uv":[490,0]},{"origin":[1.5,0,-3],"size":[6,16,5],"inflate":0.25,"uv":[408,0]},{"origin":[2,0,-3],"size":[6,8,6],"uv":[462,242]}]},{"name":"left_leg_sub_0","parent":"leg1","pivot":[9,10,0],"mirror":true,"cubes":[{"origin":[3.5,0,-5],"size":[10,11,10],"uv":[0,330]},{"origin":[3.5,0,-5],"size":[10,11,10],"inflate":0.25,"uv":[104,287]},{"origin":[3.5,0,-5],"size":[10,11,10],"uv":[32,312]}]},{"name":"body2","parent":"body","pivot":[0,31,0]},{"name":"boarbarian_body","parent":"body2","pivot":[0,35,0],"rotation":[2,0,0],"cubes":[{"origin":[-16,10,-6],"size":[32,28,12],"uv":[182,46]},{"origin":[-16,6,-6],"size":[32,4,12],"inflate":0.1,"uv":[182,86]}]},{"name":"boarbarian_spikes","parent":"boarbarian_body","pivot":[0,24,-6],"rotation":[90,0,90],"cubes":[{"origin":[-14,8,-6],"size":[14,4,0],"uv":[41,216]},{"origin":[1,8,-6],"size":[3,4,0],"uv":[42,220]}]}]}]}