{"format_version":"1.8.0","animations":{"attack":{"loop":true,"animation_length":1,"bones":{"arm0":{"rotation":["-114 + ((1.5 * math.abs(math.mod(variable.attack_animation_tick - query.frame_alpha, 10) - 5) - 2.5) / 5) * 57.3",0,0]},"arm1":{"rotation":["-114 + ((1.5 * math.abs(math.mod(variable.attack_animation_tick - query.frame_alpha, 10) - 5) - 2.5) / 5) * 57.3",0,0]},"right_arm_sub_0":{"rotation":{"0.0":[57.5,0,0],"0.5833":[-67.5,0,0],"1.0":[58.21,0,0]},"position":{"0.0":[0,0,-3],"0.5833":[0,0,7],"1.0":[0,0,-3]}},"left_arm":{"rotation":{"0.0":[57.5,0,0],"0.5833":[-67.5,0,0],"1.0":[57.5,0,0]},"position":{"0.0":[0,0,0],"0.5833":[0,0,2],"1.0":[0,0,0]}},"left_arm2":{"position":{"0.0":[0,0,0],"1.0":[0,0,0]}}}},"walk":{"loop":true,"bones":{"body":{"rotation":[0,0,"2.0 * (math.abs(math.mod(query.modified_distance_moved + 6, 13.0) - 6.5) - 3.25)"]},"head":{"rotation":[0,0,"2.0 * (math.abs(math.mod(query.modified_distance_moved + 6, 13.0) - 6.5) - 3.25)"]},"leg0":{"rotation":["(math.cos(query.modified_distance_moved * 38.17) * 40.0)",0,0]},"leg1":{"rotation":["(math.cos(query.modified_distance_moved * 38.17 + 180) * 40.0)",0,0]},"boarbarian_head":{"rotation":[0,0,"2.0 * (math.abs(math.mod(query.modified_distance_moved + 6, 13.0) - 6.5) - 3.25)"]}}},"death":{"animation_length":0.5,"override_previous_animation":true,"bones":{"body":{"rotation":{"0.0":[0,0,0],"0.4167":[0,0,90]},"position":{"0.0":[0,0,0],"0.4167":[11,-7,0]}}}}}}