{"format_version":"1.12.0","minecraft:geometry":[{"description":{"identifier":"geometry.sf_nba.kangaroo","texture_width":80,"texture_height":80,"visible_bounds_width":5,"visible_bounds_height":4.5,"visible_bounds_offset":[0,1.75,0]},"bones":[{"name":"root","pivot":[0,0,0]},{"name":"body","parent":"root","pivot":[0,16,0.5],"rotation":[-22.5,0,0],"cubes":[{"origin":[-4.5,11,-8],"size":[9,11,16],"uv":[0,0]}]},{"name":"pouch","parent":"body","pivot":[0,11,7.5],"cubes":[{"origin":[-4,10,-1.5],"size":[8,5,9],"uv":[22,27]}]},{"name":"tail","parent":"body","pivot":[0,20,8],"cubes":[{"origin":[-2.5,18,8],"size":[5,4,11],"uv":[34,0]}]},{"name":"tail2","parent":"tail","pivot":[0,20.5,19],"cubes":[{"origin":[-1.5,19,19],"size":[3,3,11],"uv":[0,43]}]},{"name":"h_head","parent":"body","pivot":[0,19.00419,-8.25627],"rotation":[22.5,0,0],"cubes":[{"origin":[-2.5,16.00419,-12.00627],"size":[5,14,6],"uv":[30,41]},{"origin":[-1.5,25.00419,-16.00627],"size":[3,4,4],"uv":[52,46]}],"locators":{"lead":[0,17.75,-8.5]}},{"name":"leftEar","parent":"h_head","pivot":[1,30.00419,-7.50627],"rotation":[0,0,7.5],"cubes":[{"origin":[0.5,30.00419,-8.00627],"size":[3,6,1],"uv":[22,27]}]},{"name":"rightEar","parent":"h_head","pivot":[-1,30.00419,-7.50627],"rotation":[0,0,-7.5],"cubes":[{"origin":[-3.5,30.00419,-8.00627],"size":[3,6,1],"uv":[22,27],"mirror":true}]},{"name":"leftArm","parent":"body","pivot":[4,16,-4.5],"cubes":[{"origin":[3.5,7,-6],"size":[3,10,3],"uv":[0,0]}]},{"name":"glove_left","parent":"leftArm","pivot":[5,8,-4.83333],"cubes":[{"origin":[3.5,9,-6],"size":[3,1,3],"inflate":0.2,"uv":[0,37]},{"origin":[1.5,7,-7],"size":[1,2,3],"uv":[34,0]},{"origin":[2.5,4,-7],"size":[5,5,5],"uv":[51,36]}]},{"name":"rightArm","parent":"body","pivot":[-4,16,-4.5],"cubes":[{"origin":[-6.5,7,-6],"size":[3,10,3],"uv":[0,0],"mirror":true}]},{"name":"glove_right","parent":"rightArm","pivot":[-5,8,-4.83333],"cubes":[{"origin":[-6.5,9,-6],"size":[3,1,3],"inflate":0.2,"uv":[0,37],"mirror":true},{"origin":[-2.5,7,-7],"size":[1,2,3],"uv":[34,0],"mirror":true},{"origin":[-7.5,4,-7],"size":[5,5,5],"uv":[51,36],"mirror":true}]},{"name":"legs","parent":"root","pivot":[5,12.5,6]},{"name":"leftLeg","parent":"legs","pivot":[5,12.5,6],"cubes":[{"origin":[3.5,9,2],"size":[3,7,8],"uv":[47,19]}]},{"name":"leftShin","parent":"leftLeg","pivot":[5,9,4.5],"cubes":[{"origin":[3.5,2,3],"size":[3,7,3],"uv":[0,27]}]},{"name":"leftFoot","parent":"leftShin","pivot":[5,2,4.5],"cubes":[{"origin":[3,0,-7],"size":[4,2,14],"uv":[0,27]}]},{"name":"rightLeg","parent":"legs","pivot":[-5,12.5,6],"cubes":[{"origin":[-6.5,9,2],"size":[3,7,8],"uv":[47,19],"mirror":true}]},{"name":"rightShin","parent":"rightLeg","pivot":[-5,9,4.5],"cubes":[{"origin":[-6.5,2,3],"size":[3,7,3],"uv":[0,27],"mirror":true}]},{"name":"rightFoot","parent":"rightShin","pivot":[-5,2,4.5],"cubes":[{"origin":[-7,0,-7],"size":[4,2,14],"uv":[0,27],"mirror":true}]}]}]}