{
    "connectors": [
        {
            "targetName": "*",
            "innerConnector": true,
            "entityCount": 1,
            "rotateConnector": false,
            "name": "",
            "pools": [
                "mush-huts/huts",
                "mush-huts/huts",
                "mush-huts/paths"
            ],
            "position": {
                "x": -3,
                "y": 0,
                "z": 0
            },
            "keepEntity": false,
            "direction": "WEST_NEGATIVE_X"
        },
        {
            "targetName": "*",
            "innerConnector": false,
            "entityCount": 1,
            "rotateConnector": false,
            "name": "",
            "pools": [
                "mush-huts/huts",
                "mush-huts/huts",
                "mush-huts/paths"
            ],
            "position": {
                "x": 0,
                "y": 0,
                "z": 3
            },
            "keepEntity": false,
            "direction": "SOUTH_POSITIVE_Z"
        },
        {
            "targetName": "*",
            "innerConnector": false,
            "entityCount": 1,
            "rotateConnector": false,
            "name": "",
            "pools": ["mush-huts/huts"],
            "position": {
                "x": 3,
                "y": 0,
                "z": 0
            },
            "keepEntity": false,
            "direction": "EAST_POSITIVE_X"
        },
        {
            "targetName": "*",
            "innerConnector": false,
            "entityCount": 1,
            "rotateConnector": false,
            "name": "",
            "pools": [
                "mush-huts/huts",
                "mush-huts/huts",
                "mush-huts/paths"
            ],
            "position": {
                "x": 0,
                "y": 0,
                "z": -3
            },
            "keepEntity": false,
            "direction": "NORTH_NEGATIVE_Z"
        }
    ],
    "placementOptions": {
        "overStilt": 0,
        "chance": 1,
        "meld": false,
        "density": 1,
        "boreExtendMinY": 0,
        "bottom": false,
        "translateCenter": false,
        "rotation": {
            "yAxis": {
                "min": 0,
                "max": 270,
                "interval": 90,
                "enabled": true
            },
            "xAxis": {
                "min": 0,
                "max": 0,
                "interval": 0,
                "enabled": false
            },
            "zAxis": {
                "min": 0,
                "max": 0,
                "interval": 0,
                "enabled": false
            },
            "enabled": true
        },
        "boreExtendMaxY": 0,
        "smartBore": false,
        "waterloggable": false,
        "bore": false,
        "translate": {
            "yRandom": 0,
            "x": 0,
            "y": 0,
            "z": 0
        },
        "mode": "PAINT",
        "carvingSupport": "SURFACE_ONLY",
        "snow": 0,
        "underwater": false,
        "loot": [
            "mushroom/clutter",
            "mushroom/food"
        ],
        "onwater": false,
        "clamp": {
            "minimumHeight": 0,
            "maximumHeight": 255
        },
        "warp": {
            "multiplier": 1,
            "style": "FLAT",
            "zoom": 1,
            "maxFractureAccuracy": false,
            "exponent": 1
        }
    },
    "object": "jigsaw/mushhut/paths/path4"
}
