{
  "argument": {
    "argument": {
      "argument1": {
        "argument1": 0.0,
        "argument2": {
          "argument1": 1.0,
          "argument2": {
            "argument1": -1.0,
            "argument2": {
              "argument": {
                "type": "minecraft:blend_alpha"
              },
              "type": "minecraft:cache_once"
            },
            "type": "minecraft:mul"
          },
          "type": "minecraft:add"
        },
        "type": "minecraft:mul"
      },
      "argument2": {
        "argument1": {
          "spline": 
          {
            "coordinate":"overworld_large_biomes/continents",
            "points":[
               {
                  "location":-0.94,
                  "derivative":0,
                  "value":{
                     "coordinate":"overworld_large_biomes/erosion",
                     "points":[
                        {
                           "location":-1,
                           "derivative":0,
                           "value":0
                        },
                        {
                           "location":-0.81,
                           "derivative":0,
                           "value":0
                        },
                        {
                           "location":-0.79,
                           "derivative":0,
                           "value":0
                        },
                        {
                           "location":-0.375,
                           "derivative":0,
                           "value":0
                        },
                        {
                           "location":-0.7,
                           "derivative":10,
                           "value":0.1
                        },
                        {
                           "location":-0.6,
                           "derivative":0,
                           "value":1.1
                        },
                        {
                           "location":-0.2475,
                           "derivative":-4,
                           "value":0.1
                        },
                        {
                           "location":-0.2375,
                           "derivative":0,
                           "value":0
                        },
                        {
                           "location":0.055,
                           "derivative":0,
                           "value":0
                        },
                        {
                           "location":0.065,
                           "derivative":0,
                           "value":0
                        },
                        {
                           "location":0.14,
                           "derivative":0,
                           "value":{
                              "coordinate":"overworld/ridges",
                              "points":[
                                 {
                                    "location":-0.7,
                                    "derivative":0,
                                    "value":0.2
                                 },
                                 {
                                    "location":-0.6,
                                    "derivative":0,
                                    "value":0
                                 },
                                 {
                                    "location":-0.1,
                                    "derivative":0,
                                    "value":0
                                 },
                                 {
                                    "location":0.1,
                                    "derivative":0,
                                    "value":0
                                 },
                                 {
                                    "location":0.5,
                                    "derivative":0,
                                    "value":0
                                 }
                              ]
                           }
                        },
                        {
                           "location":0.35,
                           "derivative":0,
                           "value":{
                              "coordinate":"overworld/ridges",
                              "points":[
                                 {
                                    "location":-1,
                                    "derivative":0,
                                    "value":0
                                 },
                                 {
                                    "location":-0.1,
                                    "derivative":0,
                                    "value":0
                                 },
                                 {
                                    "location":0.3,
                                    "derivative":-4,
                                    "value":0
                                 },
                                 {
                                    "location":0.55,
                                    "derivative":0,
                                    "value":0.45
                                 }
                              ]
                           }
                        },
                        {
                           "location":0.37,
                           "derivative":0,
                           "value":0
                        },
                        {
                           "location":0.45,
                           "derivative":0,
                           "value":0
                        },
                        {
                           "location":0.54,
                           "derivative":0,
                           "value":0
                        },
                        {
                           "location":0.56,
                           "derivative":0,
                           "value":0
                        },
                        {
                           "location":1,
                           "derivative":0,
                           "value":0
                        }
                     ]
                  }
               },
               {
                  "location":-0.95,
                  "derivative":0,
                  "value":0
               },
               {
                  "location":-0.11,
                  "derivative":0,
                  "value":0
               },
               {
                  "location":-0.07,
                  "derivative":0,
                  "value":{
                     "coordinate":"overworld_large_biomes/erosion",
                     "points":[
                        {
                           "location":-1,
                           "derivative":0,
                           "value":{
                              "coordinate":"overworld/ridges_folded",
                              "points":[
                                 {
                                    "location":0.19999999,
                                    "derivative":0,
                                    "value":0
                                 },
                                 {
                                    "location":0.44999996,
                                    "derivative":0,
                                    "value":0
                                 },
                                 {
                                    "location":1,
                                    "derivative":0,
                                    "value":{
                                       "coordinate":"overworld/ridges",
                                       "points":[
                                          {
                                             "location":-0.01,
                                             "derivative":0,
                                             "value":0
                                          },
                                          {
                                             "location":0.01,
                                             "derivative":0,
                                             "value":0
                                          }
                                       ]
                                    }
                                 }
                              ]
                           }
                        },
                        {
                           "location":-0.78,
                           "derivative":0,
                           "value":{
                              "coordinate":"overworld/ridges_folded",
                              "points":[
                                 {
                                    "location":0.19999999,
                                    "derivative":0,
                                    "value":0
                                 },
                                 {
                                    "location":0.44999996,
                                    "derivative":0,
                                    "value":0
                                 },
                                 {
                                    "location":1,
                                    "derivative":0,
                                    "value":{
                                       "coordinate":"overworld/ridges",
                                       "points":[
                                          {
                                             "location":-0.01,
                                             "derivative":0,
                                             "value":0
                                          },
                                          {
                                             "location":0.01,
                                             "derivative":0,
                                             "value":0
                                          }
                                       ]
                                    }
                                 }
                              ]
                           }
                        },
                        {
                           "location":-0.5775,
                           "derivative":0,
                           "value":{
                              "coordinate":"overworld/ridges_folded",
                              "points":[
                                 {
                                    "location":0.19999999,
                                    "derivative":0,
                                    "value":0
                                 },
                                 {
                                    "location":0.44999996,
                                    "derivative":0,
                                    "value":0
                                 },
                                 {
                                    "location":1,
                                    "derivative":0,
                                    "value":{
                                       "coordinate":"overworld/ridges",
                                       "points":[
                                          {
                                             "location":-0.01,
                                             "derivative":0,
                                             "value":0
                                          },
                                          {
                                             "location":0.01,
                                             "derivative":0,
                                             "value":0
                                          }
                                       ]
                                    }
                                 }
                              ]
                           }
                        },
                        {
                           "location":-0.375,
                           "derivative":0,
                           "value":0
                        },
                        {
                           "location":-0.3,
                           "derivative":0,
                           "value":{
                              "coordinate":"overworld/ridges",
                              "points":[
                                 {
                                    "location":-0.6,
                                    "derivative":0,
                                    "value":0
                                 },
                                 {
                                    "location":-0.1,
                                    "derivative":0,
                                    "value":0
                                 },
                                 {
                                    "location":-0.05,
                                    "derivative":0,
                                    "value":0
                                 },
                                 {
                                    "location":0,
                                    "derivative":0,
                                    "value":0
                                 },
                                 {
                                    "location":0.05,
                                    "derivative":0,
                                    "value":0
                                 },
                                 {
                                    "location":0.1,
                                    "derivative":0.9,
                                    "value":0
                                 },
                                 {
                                    "location":0.6,
                                    "derivative":0,
                                    "value":0.2
                                 }
                              ]
                           }
                        },
                        {
                           "location":-0.1,
                           "derivative":0,
                           "value":{
                              "coordinate":"overworld/ridges",
                              "points":[
                                 {
                                    "location":-0.6,
                                    "derivative":0,
                                    "value":0
                                 },
                                 {
                                    "location":-0.1,
                                    "derivative":0,
                                    "value":0
                                 },
                                 {
                                    "location":-0.05,
                                    "derivative":0,
                                    "value":0
                                 },
                                 {
                                    "location":0,
                                    "derivative":0,
                                    "value":0
                                 },
                                 {
                                    "location":0.05,
                                    "derivative":0,
                                    "value":0
                                 },
                                 {
                                    "location":0.1,
                                    "derivative":0.9,
                                    "value":0
                                 },
                                 {
                                    "location":0.6,
                                    "derivative":0,
                                    "value":0.1
                                 }
                              ]
                           }
                        },
                        {
                           "location":0,
                           "derivative":0,
                           "value":0
                        }
                     ]
                  }
               },
               {
                  "location":0.03,
                  "derivative":0,
                  "value":{
                     "coordinate":"overworld_large_biomes/erosion",
                     "points":[
                        {
                           "location":-1,
                           "derivative":0,
                           "value":{
                              "coordinate":"overworld/ridges_folded",
                              "points":[
                                 {
                                    "location":0.19999999,
                                    "derivative":0,
                                    "value":0
                                 },
                                 {
                                    "location":0.44999996,
                                    "derivative":0,
                                    "value":0
                                 },
                                 {
                                    "location":1,
                                    "derivative":0,
                                    "value":{
                                       "coordinate":"overworld/ridges",
                                       "points":[
                                          {
                                             "location":-0.01,
                                             "derivative":0,
                                             "value":0.63
                                          },
                                          {
                                             "location":0.01,
                                             "derivative":0,
                                             "value":0.3
                                          }
                                       ]
                                    }
                                 }
                              ]
                           }
                        },
                        {
                           "location":-0.78,
                           "derivative":0,
                           "value":{
                              "coordinate":"overworld/ridges_folded",
                              "points":[
                                 {
                                    "location":0.19999999,
                                    "derivative":0,
                                    "value":0
                                 },
                                 {
                                    "location":0.44999996,
                                    "derivative":0,
                                    "value":0
                                 },
                                 {
                                    "location":1,
                                    "derivative":0,
                                    "value":{
                                       "coordinate":"overworld/ridges",
                                       "points":[
                                          {
                                             "location":-0.01,
                                             "derivative":0,
                                             "value":0.315
                                          },
                                          {
                                             "location":0.01,
                                             "derivative":0,
                                             "value":0.15
                                          }
                                       ]
                                    }
                                 }
                              ]
                           }
                        },
                        {
                           "location":-0.5775,
                           "derivative":0,
                           "value":{
                              "coordinate":"overworld/ridges_folded",
                              "points":[
                                 {
                                    "location":0.19999999,
                                    "derivative":0,
                                    "value":0
                                 },
                                 {
                                    "location":0.44999996,
                                    "derivative":0,
                                    "value":0
                                 },
                                 {
                                    "location":1,
                                    "derivative":0,
                                    "value":{
                                       "coordinate":"overworld/ridges",
                                       "points":[
                                          {
                                             "location":-0.01,
                                             "derivative":0,
                                             "value":0.315
                                          },
                                          {
                                             "location":0.01,
                                             "derivative":0,
                                             "value":0.15
                                          }
                                       ]
                                    }
                                 }
                              ]
                           }
                        },
                        {
                           "location":-0.375,
                           "derivative":0,
                           "value":0
                        },
                        {
                           "location":-0.3,
                           "derivative":0,
                           "value":{
                              "coordinate":"overworld/ridges",
                              "points":[
                                 {
                                    "location":-0.6,
                                    "derivative":0,
                                    "value":0
                                 },
                                 {
                                    "location":-0.1,
                                    "derivative":0,
                                    "value":0
                                 },
                                 {
                                    "location":-0.05,
                                    "derivative":0,
                                    "value":0
                                 },
                                 {
                                    "location":0,
                                    "derivative":0,
                                    "value":0
                                 },
                                 {
                                    "location":0.05,
                                    "derivative":0,
                                    "value":0
                                 },
                                 {
                                    "location":0.1,
                                    "derivative":0.9,
                                    "value":0
                                 },
                                 {
                                    "location":0.6,
                                    "derivative":0,
                                    "value":0.1
                                 }
                              ]
                           }
                        },
                        {
                           "location":-0.1,
                           "derivative":0,
                           "value":{
                              "coordinate":"overworld/ridges",
                              "points":[
                                 {
                                    "location":-0.6,
                                    "derivative":0,
                                    "value":0
                                 },
                                 {
                                    "location":-0.1,
                                    "derivative":0,
                                    "value":0
                                 },
                                 {
                                    "location":-0.05,
                                    "derivative":0,
                                    "value":0
                                 },
                                 {
                                    "location":0,
                                    "derivative":0,
                                    "value":0
                                 },
                                 {
                                    "location":0.05,
                                    "derivative":0,
                                    "value":0
                                 },
                                 {
                                    "location":0.1,
                                    "derivative":0.9,
                                    "value":0
                                 },
                                 {
                                    "location":0.6,
                                    "derivative":0,
                                    "value":0.1
                                 }
                              ]
                           }
                        },
                        {
                           "location":0,
                           "derivative":0,
                           "value":0
                        }
                     ]
                  }
               },
               {
                  "location":0,
                  "derivative":0,
                  "value":0
               },
               {
                  "location":0.25,
                  "derivative":0,
                  "value":{
                     "coordinate":"overworld/ridges",
                     "points":[
                        {
                           "location":-0.1,
                           "derivative":0,
                           "value":{
                              "coordinate":"overworld_large_biomes/erosion",
                              "points":[
                                 {
                                    "location":0.525,
                                    "derivative":0,
                                    "value":0
                                 },
                                 {
                                    "location":0.6,
                                    "derivative":0,
                                    "value":0.3
                                 },
                                 {
                                    "location":0.8,
                                    "derivative":0,
                                    "value":0.85
                                 }
                              ]
                           }
                        },
                        {
                           "location":0,
                           "derivative":0,
                           "value":0
                        },
                        {
                           "location":0.1,
                           "derivative":0,
                           "value":{
                              "coordinate":"overworld_large_biomes/erosion",
                              "points":[
                                 {
                                    "location":0.525,
                                    "derivative":0,
                                    "value":0
                                 },
                                 {
                                    "location":0.62,
                                    "derivative":0,
                                    "value":0.5
                                 },
                                 {
                                    "location":0.8,
                                    "derivative":0,
                                    "value":1
                                 }
                              ]
                           }
                        }
                     ]
                  }
               },
               {
                  "location":0.4,
                  "derivative":0,
                  "value":{
                     "coordinate":"overworld_large_biomes/erosion",
                     "points":[
                        {
                           "location":-1,
                           "derivative":0,
                           "value":{
                              "coordinate":"overworld/ridges_folded",
                              "points":[
                                 {
                                    "location":0.19999999,
                                    "derivative":0,
                                    "value":0
                                 },
                                 {
                                    "location":0.44999996,
                                    "derivative":0,
                                    "value":{
                                       "coordinate":"overworld/ridges",
                                       "points":[
                                          {
                                             "location":-0.01,
                                             "derivative":0,
                                             "value":0.63
                                          },
                                          {
                                             "location":0.01,
                                             "derivative":0,
                                             "value":0.3
                                          }
                                       ]
                                    }
                                 },
                                 {
                                    "location":1,
                                    "derivative":0,
                                    "value":{
                                       "coordinate":"overworld/ridges",
                                       "points":[
                                          {
                                             "location":-0.01,
                                             "derivative":0,
                                             "value":0.63
                                          },
                                          {
                                             "location":0.01,
                                             "derivative":0,
                                             "value":0.3
                                          }
                                       ]
                                    }
                                 }
                              ]
                           }
                        },
                        {
                           "location":-0.78,
                           "derivative":0,
                           "value":{
                              "coordinate":"overworld/ridges_folded",
                              "points":[
                                 {
                                    "location":0.19999999,
                                    "derivative":0,
                                    "value":0
                                 },
                                 {
                                    "location":0.44999996,
                                    "derivative":0,
                                    "value":0
                                 },
                                 {
                                    "location":1,
                                    "derivative":0,
                                    "value":{
                                       "coordinate":"overworld/ridges",
                                       "points":[
                                          {
                                             "location":-0.01,
                                             "derivative":0,
                                             "value":0.63
                                          },
                                          {
                                             "location":0.01,
                                             "derivative":0,
                                             "value":0.3
                                          }
                                       ]
                                    }
                                 }
                              ]
                           }
                        },
                        {
                           "location":-0.5775,
                           "derivative":0,
                           "value":{
                              "coordinate":"overworld/ridges_folded",
                              "points":[
                                 {
                                    "location":0.19999999,
                                    "derivative":0,
                                    "value":0
                                 },
                                 {
                                    "location":0.44999996,
                                    "derivative":0,
                                    "value":0
                                 },
                                 {
                                    "location":1,
                                    "derivative":0,
                                    "value":{
                                       "coordinate":"overworld/ridges",
                                       "points":[
                                          {
                                             "location":-0.01,
                                             "derivative":0,
                                             "value":0.63
                                          },
                                          {
                                             "location":0.01,
                                             "derivative":0,
                                             "value":0.3
                                          }
                                       ]
                                    }
                                 }
                              ]
                           }
                        },
                        {
                           "location":-0.375,
                           "derivative":0,
                           "value":0
                        },
                        {
                           "location":0.05,
                           "derivative":0,
                           "value":0
                        },
                        {
                           "location":0.25,
                           "derivative":0,
                           "value":{
                              "coordinate":"overworld/ridges",
                              "points":[
                                 {
                                    "location":0.1,
                                    "derivative":0,
                                    "value":0
                                 }
                              ]
                           }
                        },
                        {
                           "location":0.45,
                           "derivative":0,
                           "value":0
                        }
                     ]
                  }
               },
               {
                  "location":0.65,
                  "derivative":0,
                  "value":{
                     "coordinate":"overworld_large_biomes/erosion",
                     "points":[
                        {
                           "location":-1,
                           "derivative":0,
                           "value":{
                              "coordinate":"overworld/ridges_folded",
                              "points":[
                                 {
                                    "location":0.19999999,
                                    "derivative":0,
                                    "value":0
                                 },
                                 {
                                    "location":0.44999996,
                                    "derivative":0,
                                    "value":{
                                       "coordinate":"overworld/ridges",
                                       "points":[
                                          {
                                             "location":-0.01,
                                             "derivative":0,
                                             "value":0.63
                                          },
                                          {
                                             "location":0.01,
                                             "derivative":0,
                                             "value":0.3
                                          }
                                       ]
                                    }
                                 },
                                 {
                                    "location":1,
                                    "derivative":0,
                                    "value":{
                                       "coordinate":"overworld/ridges",
                                       "points":[
                                          {
                                             "location":-0.01,
                                             "derivative":0,
                                             "value":0.63
                                          },
                                          {
                                             "location":0.01,
                                             "derivative":0,
                                             "value":0.3
                                          }
                                       ]
                                    }
                                 }
                              ]
                           }
                        },
                        {
                           "location":-0.78,
                           "derivative":0,
                           "value":{
                              "coordinate":"overworld/ridges_folded",
                              "points":[
                                 {
                                    "location":0.19999999,
                                    "derivative":0,
                                    "value":0
                                 },
                                 {
                                    "location":0.44999996,
                                    "derivative":0,
                                    "value":0
                                 },
                                 {
                                    "location":1,
                                    "derivative":0,
                                    "value":{
                                       "coordinate":"overworld/ridges",
                                       "points":[
                                          {
                                             "location":-0.01,
                                             "derivative":0,
                                             "value":0.63
                                          },
                                          {
                                             "location":0.01,
                                             "derivative":0,
                                             "value":0.3
                                          }
                                       ]
                                    }
                                 }
                              ]
                           }
                        },
                        {
                           "location":-0.5775,
                           "derivative":0,
                           "value":{
                              "coordinate":"overworld/ridges_folded",
                              "points":[
                                 {
                                    "location":0.19999999,
                                    "derivative":0,
                                    "value":0
                                 },
                                 {
                                    "location":0.44999996,
                                    "derivative":0,
                                    "value":0
                                 },
                                 {
                                    "location":1,
                                    "derivative":0,
                                    "value":{
                                       "coordinate":"overworld/ridges",
                                       "points":[
                                          {
                                             "location":-0.01,
                                             "derivative":0,
                                             "value":0.63
                                          },
                                          {
                                             "location":0.01,
                                             "derivative":0,
                                             "value":0.3
                                          }
                                       ]
                                    }
                                 }
                              ]
                           }
                        },
                        {
                           "location":-0.375,
                           "derivative":0,
                           "value":0
                        },
                        {
                           "location":0.05,
                           "derivative":0,
                           "value":0
                        },
                        {
                           "location":0.25,
                           "derivative":0,
                           "value":{
                              "coordinate":"overworld/ridges",
                              "points":[
                                 {
                                    "location":-0.6,
                                    "derivative":0,
                                    "value":0
                                 },
                                 {
                                    "location":-0.1,
                                    "derivative":-0.25,
                                    "value":0
                                 },
                                 {
                                    "location":0,
                                    "derivative":0,
                                    "value":0
                                 },
                                 {
                                    "location":0.6,
                                    "derivative":0,
                                    "value":0
                                 },
                                 {
                                    "location":0.8,
                                    "derivative":0,
                                    "value":0
                                 }
                              ]
                           }
                        },
                        {
                           "location":0.45,
                           "derivative":0,
                           "value":0
                        }
                     ]
                  }
               }
            ]
         },
          "type": "minecraft:spline"
        },
        "argument2": {
          "argument": {
            "type": "minecraft:blend_alpha"
          },
          "type": "minecraft:cache_once"
        },
        "type": "minecraft:mul"
      },
      "type": "minecraft:add"
    },
    "type": "minecraft:cache_2d"
  },
  "type": "minecraft:flat_cache"
}