{"format_version":"1.10.0","minecraft:client_entity":{"description":{"identifier":"modelengine:boarbarian","materials":{"default":"entity_alphatest_change_color_one_sided","anim":"entity_alphatest_anim_change_color_one_sided"},"textures":{"iron_golem17":"textures/entity/boarbarian/iron_golem17"},"geometry":{"t_512_512":"geometry.meg_boarbarian_512_512"},"animations":{"look_at_target":"animation.boarbarian.look_at_target","death":"animation.boarbarian.death","death_control":"controller.animation.boarbarian.death","attack":"animation.boarbarian.attack","attack_control":"controller.animation.boarbarian.attack","walk":"animation.boarbarian.walk","walk_control":"controller.animation.boarbarian.walk"},"scripts":{"animate":["look_at_target","death_control","attack_control","walk_control"]},"render_controllers":["controller.render.boarbarian_iron_golem17"]}}}