{"format_version":"1.10.0","minecraft:client_entity":{"description":{"identifier":"modelengine:brute","materials":{"default":"entity_alphatest_change_color_one_sided","anim":"entity_alphatest_anim_change_color_one_sided"},"textures":{"iron_golem15":"textures/entity/brute/iron_golem15"},"geometry":{"t_512_512":"geometry.meg_brute_512_512"},"animations":{"look_at_target":"animation.brute.look_at_target","death":"animation.brute.death","death_control":"controller.animation.brute.death","attack":"animation.brute.attack","attack_control":"controller.animation.brute.attack","walk":"animation.brute.walk","walk_control":"controller.animation.brute.walk"},"scripts":{"animate":["look_at_target","death_control","attack_control","walk_control"]},"render_controllers":["controller.render.brute_iron_golem15"]}}}