{"format_version":"1.10.0","minecraft:client_entity":{"description":{"identifier":"modelengine:canguro","materials":{"default":"entity_alphatest_change_color_one_sided","anim":"entity_alphatest_anim_change_color_one_sided"},"textures":{"kangaroo":"textures/entity/canguro/kangaroo"},"geometry":{"t_80_80":"geometry.meg_canguro_80_80"},"animations":{"look_at_target":"animation.canguro.look_at_target","death":"animation.canguro.death","death_control":"controller.animation.canguro.death","idle":"animation.canguro.idle","idle_control":"controller.animation.canguro.idle","attack":"animation.canguro.attack","attack_control":"controller.animation.canguro.attack","walk":"animation.canguro.walk","walk_control":"controller.animation.canguro.walk"},"scripts":{"animate":["look_at_target","death_control","idle_control","attack_control","walk_control"]},"render_controllers":["controller.render.canguro_kangaroo"]}}}