{"format_version":"1.10.0","minecraft:client_entity":{"description":{"identifier":"modelengine:capybara","materials":{"default":"entity_alphatest_change_color_one_sided","anim":"entity_alphatest_anim_change_color_one_sided"},"textures":{"capybara":"textures/entity/capybara/capybara"},"geometry":{"t_64_64":"geometry.meg_capybara_64_64"},"animations":{"look_at_target":"animation.capybara.look_at_target","death":"animation.capybara.death","death_control":"controller.animation.capybara.death","idle":"animation.capybara.idle","idle_control":"controller.animation.capybara.idle","walk":"animation.capybara.walk","walk_control":"controller.animation.capybara.walk","sit":"animation.capybara.sit","sit_control":"controller.animation.capybara.sit"},"scripts":{"animate":["look_at_target","death_control","idle_control","walk_control","sit_control"]},"render_controllers":["controller.render.capybara_capybara"]}}}