{"format_version":"1.10.0","minecraft:client_entity":{"description":{"identifier":"modelengine:duck","materials":{"default":"entity_alphatest_change_color_one_sided","anim":"entity_alphatest_anim_change_color_one_sided"},"textures":{"duck":"textures/entity/duck/duck"},"geometry":{"t_64_64":"geometry.meg_duck_64_64"},"animations":{"look_at_target":"animation.duck.look_at_target","death":"animation.duck.death","death_control":"controller.animation.duck.death","idle":"animation.duck.idle","idle_control":"controller.animation.duck.idle","flap":"animation.duck.flap","flap_control":"controller.animation.duck.flap","walk":"animation.duck.walk","walk_control":"controller.animation.duck.walk","swim":"animation.duck.swim","swim_control":"controller.animation.duck.swim"},"scripts":{"animate":["look_at_target","death_control","idle_control","flap_control","walk_control","swim_control"]},"render_controllers":["controller.render.duck_duck"]}}}