{"format_version":"1.10.0","minecraft:client_entity":{"description":{"identifier":"modelengine:elefante","materials":{"default":"entity_alphatest_change_color_one_sided","anim":"entity_alphatest_anim_change_color_one_sided"},"textures":{"pa_elephant2":"textures/entity/elefante/pa_elephant2"},"geometry":{"t_256_256":"geometry.meg_elefante_256_256"},"animations":{"look_at_target":"animation.elefante.look_at_target","death":"animation.elefante.death","death_control":"controller.animation.elefante.death","idle":"animation.elefante.idle","idle_control":"controller.animation.elefante.idle","attack":"animation.elefante.attack","attack_control":"controller.animation.elefante.attack","walk":"animation.elefante.walk","walk_control":"controller.animation.elefante.walk"},"scripts":{"animate":["look_at_target","death_control","idle_control","attack_control","walk_control"]},"render_controllers":["controller.render.elefante_pa_elephant2"]}}}