{"format_version":"1.10.0","minecraft:client_entity":{"description":{"identifier":"modelengine:mono","materials":{"default":"entity_alphatest_change_color_one_sided","anim":"entity_alphatest_anim_change_color_one_sided"},"textures":{"monkey":"textures/entity/mono/monkey"},"geometry":{"t_64_64":"geometry.meg_mono_64_64"},"animations":{"look_at_target":"animation.mono.look_at_target","death":"animation.mono.death","death_control":"controller.animation.mono.death","idle":"animation.mono.idle","idle_control":"controller.animation.mono.idle","walk":"animation.mono.walk","walk_control":"controller.animation.mono.walk"},"scripts":{"animate":["look_at_target","death_control","idle_control","walk_control"]},"render_controllers":["controller.render.mono_monkey"]}}}