{"format_version":"1.10.0","minecraft:client_entity":{"description":{"identifier":"modelengine:orangutan","materials":{"default":"entity_alphatest_change_color_one_sided","anim":"entity_alphatest_anim_change_color_one_sided"},"textures":{"orangutan":"textures/entity/orangutan/orangutan"},"geometry":{"t_128_128":"geometry.meg_orangutan_128_128"},"animations":{"look_at_target":"animation.orangutan.look_at_target","death":"animation.orangutan.death","death_control":"controller.animation.orangutan.death","idle":"animation.orangutan.idle","idle_control":"controller.animation.orangutan.idle","attack":"animation.orangutan.attack","attack_control":"controller.animation.orangutan.attack","walk":"animation.orangutan.walk","walk_control":"controller.animation.orangutan.walk"},"scripts":{"animate":["look_at_target","death_control","idle_control","attack_control","walk_control"]},"render_controllers":["controller.render.orangutan_orangutan"]}}}