{"format_version":"1.10.0","minecraft:client_entity":{"description":{"identifier":"modelengine:oso","materials":{"default":"entity_alphatest_change_color_one_sided","anim":"entity_alphatest_anim_change_color_one_sided"},"textures":{"pa_grizzl_bear":"textures/entity/oso/pa_grizzl_bear"},"geometry":{"t_128_128":"geometry.meg_oso_128_128"},"animations":{"look_at_target":"animation.oso.look_at_target","death":"animation.oso.death","death_control":"controller.animation.oso.death","idle":"animation.oso.idle","idle_control":"controller.animation.oso.idle","attack":"animation.oso.attack","attack_control":"controller.animation.oso.attack","walk":"animation.oso.walk","walk_control":"controller.animation.oso.walk"},"scripts":{"animate":["look_at_target","death_control","idle_control","attack_control","walk_control"]},"render_controllers":["controller.render.oso_pa_grizzl_bear"]}}}