{"format_version":"1.10.0","minecraft:client_entity":{"description":{"identifier":"modelengine:qmob_creakingheart","materials":{"default":"entity_alphatest_change_color_one_sided","anim":"entity_alphatest_anim_change_color_one_sided"},"textures":{"qmob_creakingheartblock":"textures/entity/qmob_creakingheart/qmob_creakingheartblock"},"geometry":{"t_64_64":"geometry.meg_qmob_creakingheart_64_64"},"animations":{"look_at_target":"animation.qmob_creakingheart.look_at_target","idle":"animation.qmob_creakingheart.idle","idle_control":"controller.animation.qmob_creakingheart.idle","walk":"animation.qmob_creakingheart.walk","walk_control":"controller.animation.qmob_creakingheart.walk"},"scripts":{"animate":["look_at_target","idle_control","walk_control"]},"render_controllers":["controller.render.qmob_creakingheart_qmob_creakingheartblock"]}}}