{"format_version":"1.10.0","minecraft:client_entity":{"description":{"identifier":"modelengine:qmob_creaking","materials":{"default":"entity_alphatest_change_color_one_sided","anim":"entity_alphatest_anim_change_color_one_sided"},"textures":{"qmob_creaking":"textures/entity/qmob_creaking/qmob_creaking"},"geometry":{"t_64_64":"geometry.meg_qmob_creaking_64_64"},"animations":{"look_at_target":"animation.qmob_creaking.look_at_target","death":"animation.qmob_creaking.death","death_control":"controller.animation.qmob_creaking.death","idle":"animation.qmob_creaking.idle","idle_control":"controller.animation.qmob_creaking.idle","attack":"animation.qmob_creaking.attack","attack_control":"controller.animation.qmob_creaking.attack","walk":"animation.qmob_creaking.walk","walk_control":"controller.animation.qmob_creaking.walk","hurt":"animation.qmob_creaking.hurt","hurt_control":"controller.animation.qmob_creaking.hurt"},"scripts":{"animate":["look_at_target","death_control","idle_control","attack_control","walk_control","hurt_control"]},"render_controllers":["controller.render.qmob_creaking_qmob_creaking"]}}}