{"textures":{"0":"modelengine:entity/blue"},"elements":[{"from":[3.8088799,3.33996,6.0],"to":[13.80888,17.33996,14.0],"faces":{"east":{"uv":[7.0,6.25,9.0,9.75],"tintindex":0,"rotation":0,"texture":"#0"},"south":{"uv":[13.5,6.25,16.0,9.75],"tintindex":0,"rotation":0,"texture":"#0"},"north":{"uv":[9.0,6.25,11.5,9.75],"tintindex":0,"rotation":0,"texture":"#0"},"west":{"uv":[11.5,6.25,13.5,9.75],"tintindex":0,"rotation":0,"texture":"#0"},"up":{"uv":[11.5,6.25,9.0,4.25],"tintindex":0,"rotation":0,"texture":"#0"},"down":{"uv":[14.0,4.25,11.5,6.25],"tintindex":0,"rotation":0,"texture":"#0"}}}],"display":{"gui":{"rotation":[30,225,0]}}}