{"textures":{"0":"modelengine:entity/blue"},"elements":[{"from":[3.9,5.5,5.5],"to":[11.9,10.5,10.5],"faces":{"east":{"uv":[0.0,1.5,1.25,2.75],"tintindex":0,"rotation":0,"texture":"#0"},"south":{"uv":[4.5,1.5,6.5,2.75],"tintindex":0,"rotation":0,"texture":"#0"},"north":{"uv":[1.25,1.5,3.25,2.75],"tintindex":0,"rotation":0,"texture":"#0"},"west":{"uv":[3.25,1.5,4.5,2.75],"tintindex":0,"rotation":0,"texture":"#0"},"up":{"uv":[3.25,1.5,1.25,0.25],"tintindex":0,"rotation":0,"texture":"#0"},"down":{"uv":[5.25,0.25,3.25,1.5],"tintindex":0,"rotation":0,"texture":"#0"}}},{"from":[7.0,6.9000006,2.5],"to":[9.0,7.8999996,9.5],"faces":{"east":{"uv":[3.25,13.5,5.0,13.75],"tintindex":0,"rotation":0,"texture":"#0"},"south":{"uv":[7.25,13.5,7.75,13.75],"tintindex":0,"rotation":0,"texture":"#0"},"north":{"uv":[5.0,13.5,5.5,13.75],"tintindex":0,"rotation":0,"texture":"#0"},"west":{"uv":[5.5,13.5,7.25,13.75],"tintindex":0,"rotation":0,"texture":"#0"},"up":{"uv":[5.5,13.5,5.0,11.75],"tintindex":0,"rotation":0,"texture":"#0"},"down":{"uv":[6.0,11.75,5.5,13.5],"tintindex":0,"rotation":0,"texture":"#0"}}},{"from":[7.0,5.9000006,2.5],"to":[9.0,6.9000006,3.5],"faces":{"east":{"uv":[4.75,14.0,5.0,14.25],"tintindex":0,"rotation":0,"texture":"#0"},"south":{"uv":[5.75,14.0,6.25,14.25],"tintindex":0,"rotation":0,"texture":"#0"},"north":{"uv":[5.0,14.0,5.5,14.25],"tintindex":0,"rotation":0,"texture":"#0"},"west":{"uv":[5.5,14.0,5.75,14.25],"tintindex":0,"rotation":0,"texture":"#0"},"up":{"uv":[5.5,14.0,5.0,13.75],"tintindex":0,"rotation":0,"texture":"#0"},"down":{"uv":[6.0,13.75,5.5,14.0],"tintindex":0,"rotation":0,"texture":"#0"}}}],"display":{"gui":{"rotation":[30,225,0]}}}