{"textures":{"0":"modelengine:entity/blue"},"elements":[{"from":[5.7947903,1.03618,9.7],"to":[8.79479,6.03618,10.7],"faces":{"east":{"uv":[13.75,14.25,14.0,15.5],"tintindex":0,"rotation":0,"texture":"#0"},"south":{"uv":[15.0,14.25,15.75,15.5],"tintindex":0,"rotation":0,"texture":"#0"},"north":{"uv":[14.0,14.25,14.75,15.5],"tintindex":0,"rotation":0,"texture":"#0"},"west":{"uv":[14.75,14.25,15.0,15.5],"tintindex":0,"rotation":0,"texture":"#0"},"up":{"uv":[14.75,14.25,14.0,14.0],"tintindex":0,"rotation":0,"texture":"#0"},"down":{"uv":[15.5,14.0,14.75,14.25],"tintindex":0,"rotation":0,"texture":"#0"}},"rotation":{"origin":[7.5,5.5,8.0],"angle":-45.0,"axis":"x"}}],"display":{"gui":{"rotation":[30,225,0]}}}