{"textures":{"0":"modelengine:entity/blue"},"elements":[{"from":[7.5,7.300001,7.6],"to":[7.5,8.300001,8.6],"faces":{"east":{"uv":[3.25,11.0,3.5,11.25],"tintindex":0,"rotation":0,"texture":"#0"},"west":{"uv":[3.5,11.0,3.75,11.25],"tintindex":0,"rotation":0,"texture":"#0"}}},{"from":[7.5,7.300001,9.6],"to":[7.5,8.300001,10.6],"faces":{"east":{"uv":[3.0,11.25,3.25,11.5],"tintindex":0,"rotation":0,"texture":"#0"},"west":{"uv":[3.25,11.25,3.5,11.5],"tintindex":0,"rotation":0,"texture":"#0"}}},{"from":[7.5,8.300001,6.6000004],"to":[8.5,9.300001,6.6000004],"faces":{"south":{"uv":[3.5,11.25,3.75,11.5],"tintindex":0,"rotation":0,"texture":"#0"},"north":{"uv":[3.25,11.25,3.5,11.5],"tintindex":0,"rotation":0,"texture":"#0"}}},{"from":[7.5,7.300001,6.6000004],"to":[10.5,8.300001,6.6000004],"faces":{"south":{"uv":[3.5,10.0,4.25,10.25],"tintindex":0,"rotation":0,"texture":"#0"},"north":{"uv":[2.75,10.0,3.5,10.25],"tintindex":0,"rotation":0,"texture":"#0"}}},{"from":[7.5,8.300001,6.6000004],"to":[7.5,9.300001,10.6],"faces":{"east":{"uv":[2.25,11.5,3.25,11.75],"tintindex":0,"rotation":0,"texture":"#0"},"west":{"uv":[3.25,11.5,4.25,11.75],"tintindex":0,"rotation":0,"texture":"#0"}}}],"display":{"gui":{"rotation":[30,225,0]}}}