{"textures":{"0":"modelengine:entity/blue"},"elements":[{"from":[7.9,8.351051,5.66667],"to":[7.9,9.351051,9.66667],"faces":{"east":{"uv":[0.0,11.25,1.0,11.5],"tintindex":0,"rotation":0,"texture":"#0"},"west":{"uv":[1.0,11.25,2.0,11.5],"tintindex":0,"rotation":0,"texture":"#0"}}},{"from":[7.9,7.3510513,8.66667],"to":[7.9,8.351051,9.66667],"faces":{"east":{"uv":[0.75,10.75,1.0,11.0],"tintindex":0,"rotation":0,"texture":"#0"},"west":{"uv":[1.0,10.75,1.25,11.0],"tintindex":0,"rotation":0,"texture":"#0"}}},{"from":[7.9,7.3510513,6.66667],"to":[7.9,8.351051,7.66667],"faces":{"east":{"uv":[-0.25,10.0,0.0,10.25],"tintindex":0,"rotation":0,"texture":"#0"},"west":{"uv":[0.0,10.0,0.25,10.25],"tintindex":0,"rotation":0,"texture":"#0"}}}],"display":{"gui":{"rotation":[30,225,0]}}}