{"textures":{"0":"modelengine:entity/blue"},"elements":[{"from":[5.5,-0.5,7.5],"to":[10.5,8.5,8.5],"faces":{"east":{"uv":[0.25,3.25,0.5,5.5],"tintindex":0,"rotation":0,"texture":"#0"},"south":{"uv":[2.0,3.25,3.25,5.5],"tintindex":0,"rotation":0,"texture":"#0"},"north":{"uv":[0.5,3.25,1.75,5.5],"tintindex":0,"rotation":0,"texture":"#0"},"west":{"uv":[1.75,3.25,2.0,5.5],"tintindex":0,"rotation":0,"texture":"#0"},"up":{"uv":[1.75,3.25,0.5,3.0],"tintindex":0,"rotation":0,"texture":"#0"},"down":{"uv":[3.0,3.0,1.75,3.25],"tintindex":0,"rotation":0,"texture":"#0"}}}],"display":{"gui":{"rotation":[30,225,0]}}}