{
    "pools": [
        {
            "rolls": 1,
            "entries": [
                {
                    "type": "minecraft:item",
                    "name": "honey_bottle",
                    "functions": [
                        {
                            "function": "minecraft:set_nbt",
                            "tag": "{display:{Name:'{\"text\":\"Antidote\",\"color\":\"yellow\",\"italic\":false}'},CustomModelData:5551,eth:{item:8b,antidote:1b}}"
                        }
                    ]
                }
            ]
        }
    ]
}