{
    "pools": [
        {
            "rolls": 1,
            "entries": [
                {
                    "type": "minecraft:item",
                    "name": "suspicious_stew",
                    "functions": [
                        {
                            "function": "minecraft:set_nbt",
                            "tag": "{display:{Name:'{\"text\":\"Grub Stew\",\"italic\":false}'},CustomModelData:5551,eth:{grub_stew:1b},Effects:[{EffectId:9b,EffectDuration:200},{EffectId:23b,EffectDuration:2}]}"
                        }
                    ]
                }
            ]
        }
    ]
}