{
    "pools": [
        {
            "rolls": 1,
            "entries": [
                {
                    "type": "minecraft:item",
                    "name": "rotten_flesh",
                    "functions": [
                        {
                            "function": "minecraft:set_nbt",
                            "tag": "{display:{Name:'{\"text\":\"Larvae\",\"italic\":false}'},CustomModelData:5551,eth:{larvae:1b}}"
                        }
                    ]
                }
            ]
        }
    ]
}