{
    "pools": [
        {
            "rolls": 1,
            "entries": [
                {
                    "type": "minecraft:item",
                    "name": "bread",
                    "functions": [
                        {
                            "function": "minecraft:set_nbt",
                            "tag": "{display:{Name:'{\"text\":\"Plasmagel\",\"italic\":false}'},CustomModelData:5552,eth:{item:3b,plasmagel:1b}}"
                        }
                    ]
                }
            ]
        }
    ]
}