{
  "pools": [
    {
      "rolls": 1,
      "entries": [
        {
          "type": "minecraft:item",
          "name": "minecraft:golden_apple",
          "functions": [
            {
              "function": "minecraft:set_nbt",
              "tag": "{CustomModelData:5552,display:{Name:'[{\"text\":\"XP Shard:\",\"italic\":false,\"color\":\"gold\"},{\"text\":\" \",\"color\":\"blue\"},{\"text\":\"Alacrity\",\"color\":\"green\"}]',Lore:['[{\"text\":\"A shard containing divine, elemental energy.\",\"italic\":false,\"color\":\"white\"}]','[{\"text\":\"This shard is attuned to the elemental spirit\",\"italic\":false,\"color\":\"white\"}]','[{\"text\":\"of \",\"italic\":false,\"color\":\"white\"},{\"text\":\"Wind\",\"color\":\"green\"},{\"text\":\".\"},{\"text\":\"\",\"color\":\"dark_purple\"}]','[{\"text\":\"Wind\",\"italic\":false,\"color\":\"green\"},{\"text\":\" is free and agile, quick in movement yet\",\"italic\":false,\"color\":\"white\"}]','[{\"text\":\"deceptively strong. So to will one who walks\",\"italic\":false,\"color\":\"white\"}]','[{\"text\":\"with the wind know strength and freedom.\",\"italic\":false,\"color\":\"white\"},{\"text\":\"\",\"italic\":false,\"color\":\"dark_purple\"}]','[{\"text\":\"\",\"italic\":false,\"color\":\"dark_purple\"}]','[{\"text\":\"Gain some Alacrity XP on consumption.\",\"italic\":false,\"color\":\"green\"}]']},HideFlags:127}"
            }
          ]
        }
      ]
    }
  ]
}
