{
  "pools": [
    {
      "rolls": 1,
      "entries": [
        {
          "type": "minecraft:item",
          "name": "minecraft:golden_apple",
          "functions": [
            {
              "function": "minecraft:set_nbt",
              "tag": "{CustomModelData:5551,display:{Name:'[{\"text\":\"XP Shard:\",\"italic\":false,\"color\":\"gold\"},{\"text\":\" Strength\",\"color\":\"blue\"}]',Lore:['[{\"text\":\"A shard containing divine, elemental energy.\",\"italic\":false,\"color\":\"white\"}]','[{\"text\":\"This shard is attuned to the elemental spirit\",\"italic\":false,\"color\":\"white\"}]','[{\"text\":\"of \",\"italic\":false,\"color\":\"white\"},{\"text\":\"Water\",\"color\":\"blue\"},{\"text\":\".\"},{\"text\":\"\",\"color\":\"dark_purple\"}]','[{\"text\":\"Water\",\"italic\":false,\"color\":\"blue\"},{\"text\":\" weilds great power, yet is conservative\",\"italic\":false,\"color\":\"white\"}]','[{\"text\":\"and patient with that power. So too must one know\",\"italic\":false,\"color\":\"white\"}]','[{\"text\":\"patience with the bow to find its true strength.\",\"italic\":false,\"color\":\"white\"},{\"text\":\"\",\"italic\":false,\"color\":\"dark_purple\"}]','[{\"text\":\"\",\"italic\":false,\"color\":\"dark_purple\"}]','[{\"text\":\"Gain some Strength XP on consumption.\",\"italic\":false,\"color\":\"blue\"}]']},HideFlags:127}"
            }
          ]
        }
      ]
    }
  ]
}
