{
  "pools": [
    {
      "rolls": 1,
      "entries": [
        {
          "type": "minecraft:item",
          "name": "minecraft:golden_apple",
          "functions": [
            {
              "function": "minecraft:set_nbt",
              "tag": "{CustomModelData:5553,display:{Name:'[{\"text\":\"XP Shard:\",\"italic\":false,\"color\":\"gold\"},{\"text\":\" \",\"color\":\"blue\"},{\"text\":\"Power\",\"color\":\"red\"}]',Lore:['[{\"text\":\"A shard containing divine, elemental energy.\",\"italic\":false,\"color\":\"white\"}]','[{\"text\":\"This shard is attuned to the elemental spirit\",\"italic\":false,\"color\":\"white\"}]','[{\"text\":\"of \",\"italic\":false,\"color\":\"white\"},{\"text\":\"Fire\",\"color\":\"red\"},{\"text\":\".\"},{\"text\":\"\",\"color\":\"dark_purple\"}]','[{\"text\":\"Fire\",\"italic\":false,\"color\":\"red\"},{\"text\":\" is brilliant and alive, yet is capable of\",\"italic\":false,\"color\":\"white\"}]','[{\"text\":\"great descruction when mishandled. It is from\",\"italic\":false,\"color\":\"white\"}]','[{\"text\":\"one\\'s own radiant spirit that one shall know\",\"italic\":false,\"color\":\"white\"}]','[{\"text\":\"their true might in battle.\",\"italic\":false,\"color\":\"white\"},{\"text\":\"\",\"italic\":false,\"color\":\"dark_purple\"}]','[{\"text\":\"\",\"italic\":false,\"color\":\"dark_purple\"}]','[{\"text\":\"Gain some Power XP on consumption (1 Damage = 10 XP).\",\"italic\":false,\"color\":\"red\"}]']},HideFlags:127}"
            }
          ]
        }
      ]
    }
  ]
}
