{
  "pools": [
    {
      "rolls": 1,
      "entries": [
        {
          "type": "minecraft:item",
          "name": "minecraft:golden_apple",
          "functions": [
            {
              "function": "minecraft:set_nbt",
              "tag": "{CustomModelData:5554,display:{Name:'[{\"text\":\"XP Shard:\",\"italic\":false,\"color\":\"gold\"},{\"text\":\" \",\"color\":\"blue\"},{\"text\":\"Magic\",\"color\":\"dark_purple\"}]',Lore:['[{\"text\":\"A shard containing divine, elemental energy.\",\"italic\":false,\"color\":\"white\"}]','[{\"text\":\"This shard is attuned to the elemental spirit\",\"italic\":false,\"color\":\"white\"}]','[{\"text\":\"of \",\"italic\":false,\"color\":\"white\"},{\"text\":\"Earth\",\"color\":\"dark_purple\"},{\"text\":\".\"},{\"text\":\"\",\"color\":\"dark_purple\"}]','[{\"text\":\"Earth\",\"italic\":false,\"color\":\"dark_purple\"},{\"text\":\" is stable, strong, and grounded in the\",\"italic\":false,\"color\":\"white\"}]','[{\"text\":\"reality of the material world. To unlock the\",\"italic\":false,\"color\":\"white\"}]','[{\"text\":\"secrets of ones own \",\"italic\":false,\"color\":\"white\"},{\"text\":\"Divine Powers\",\"color\":\"gold\"},{\"text\":\", one must\",\"color\":\"white\"}]','[{\"text\":\"be steady and grounded in the material realm\",\"italic\":false,\"color\":\"white\"}]','[{\"text\":\"to not become lost within the great \",\"italic\":false,\"color\":\"white\"},{\"text\":\"Ether\",\"color\":\"light_purple\"},{\"text\":\".\"},{\"text\":\"\",\"color\":\"dark_purple\"}]','[{\"text\":\"\",\"italic\":false,\"color\":\"dark_purple\"}]','[{\"text\":\"Gain some Stamina XP on consumption.\",\"italic\":false,\"color\":\"dark_purple\"}]']},HideFlags:127}"
            }
          ]
        }
      ]
    }
  ]
}
