{"elements":[{"from":[7.142857,9.714286,6.857143],"to":[8.857143,10.285714,8.0],"rotation":{"angle":0.0,"axis":"y","origin":[8.0,2.8571424,10.285714]},"faces":{"east":{"uv":[0.75,12.5,1.25,12.75],"rotation":0,"texture":"#0","tintindex":0},"south":{"uv":[2.5,12.5,3.25,12.75],"rotation":0,"texture":"#0","tintindex":0},"north":{"uv":[1.25,12.5,2.0,12.75],"rotation":0,"texture":"#0","tintindex":0},"west":{"uv":[2.0,12.5,2.5,12.75],"rotation":0,"texture":"#0","tintindex":0},"up":{"uv":[2.0,12.5,1.25,12.0],"rotation":0,"texture":"#0","tintindex":0},"down":{"uv":[2.75,12.0,2.0,12.5],"rotation":0,"texture":"#0","tintindex":0}}},{"from":[7.142857,10.285714,6.285714],"to":[8.857143,10.857143,8.0],"rotation":{"angle":0.0,"axis":"y","origin":[8.0,2.8571424,10.285714]},"faces":{"east":{"uv":[5.25,0.75,6.0,1.0],"rotation":0,"texture":"#0","tintindex":0},"south":{"uv":[7.5,0.75,8.25,1.0],"rotation":0,"texture":"#0","tintindex":0},"north":{"uv":[6.0,0.75,6.75,1.0],"rotation":0,"texture":"#0","tintindex":0},"west":{"uv":[6.75,0.75,7.5,1.0],"rotation":0,"texture":"#0","tintindex":0},"up":{"uv":[6.75,0.75,6.0,0.0],"rotation":0,"texture":"#0","tintindex":0},"down":{"uv":[7.5,0.0,6.75,0.75],"rotation":0,"texture":"#0","tintindex":0}}}],"textures":{"0":"modelengine:entity/duck"},"display":{"head":{"translation":[0.0,-6.4,0.0],"scale":[4.0,4.0,4.0]}}}