{"textures":{"0":"modelengine:entity/duck"},"elements":[{"from":[6.5,11.0,6.0],"to":[9.5,12.0,8.0],"faces":{"east":{"uv":[0.75,12.5,1.25,12.75],"tintindex":0,"rotation":0,"texture":"#0"},"south":{"uv":[2.5,12.5,3.25,12.75],"tintindex":0,"rotation":0,"texture":"#0"},"north":{"uv":[1.25,12.5,2.0,12.75],"tintindex":0,"rotation":0,"texture":"#0"},"west":{"uv":[2.0,12.5,2.5,12.75],"tintindex":0,"rotation":0,"texture":"#0"},"up":{"uv":[2.0,12.5,1.25,12.0],"tintindex":0,"rotation":0,"texture":"#0"},"down":{"uv":[2.75,12.0,2.0,12.5],"tintindex":0,"rotation":0,"texture":"#0"}}},{"from":[6.5,12.0,5.0],"to":[9.5,13.0,8.0],"faces":{"east":{"uv":[5.25,0.75,6.0,1.0],"tintindex":0,"rotation":0,"texture":"#0"},"south":{"uv":[7.5,0.75,8.25,1.0],"tintindex":0,"rotation":0,"texture":"#0"},"north":{"uv":[6.0,0.75,6.75,1.0],"tintindex":0,"rotation":0,"texture":"#0"},"west":{"uv":[6.75,0.75,7.5,1.0],"tintindex":0,"rotation":0,"texture":"#0"},"up":{"uv":[6.75,0.75,6.0,0.0],"tintindex":0,"rotation":0,"texture":"#0"},"down":{"uv":[7.5,0.0,6.75,0.75],"tintindex":0,"rotation":0,"texture":"#0"}}}],"display":{"gui":{"rotation":[30,225,0]}}}