{"textures":{"0":"modelengine:entity/duck"},"elements":[{"from":[5.0,5.0,4.0],"to":[11.0,10.0,12.0],"faces":{"east":{"uv":[0.0,2.0,2.0,3.25],"tintindex":0,"rotation":0,"texture":"#0"},"south":{"uv":[5.5,2.0,7.0,3.25],"tintindex":0,"rotation":0,"texture":"#0"},"north":{"uv":[2.0,2.0,3.5,3.25],"tintindex":0,"rotation":0,"texture":"#0"},"west":{"uv":[3.5,2.0,5.5,3.25],"tintindex":0,"rotation":0,"texture":"#0"},"up":{"uv":[3.5,2.0,2.0,0.0],"tintindex":0,"rotation":0,"texture":"#0"},"down":{"uv":[5.0,0.0,3.5,2.0],"tintindex":0,"rotation":0,"texture":"#0"}}}],"display":{"gui":{"rotation":[30,225,0]}}}