{"elements":[{"from":[6.285714,6.285714,5.714286],"to":[9.714286,9.142858,10.285714],"rotation":{"angle":0.0,"axis":"y","origin":[8.0,3.4285712,8.0]},"faces":{"east":{"uv":[0.0,2.0,2.0,3.25],"rotation":0,"texture":"#0","tintindex":0},"south":{"uv":[5.5,2.0,7.0,3.25],"rotation":0,"texture":"#0","tintindex":0},"north":{"uv":[2.0,2.0,3.5,3.25],"rotation":0,"texture":"#0","tintindex":0},"west":{"uv":[3.5,2.0,5.5,3.25],"rotation":0,"texture":"#0","tintindex":0},"up":{"uv":[3.5,2.0,2.0,0.0],"rotation":0,"texture":"#0","tintindex":0},"down":{"uv":[5.0,0.0,3.5,2.0],"rotation":0,"texture":"#0","tintindex":0}}}],"textures":{"0":"modelengine:entity/duck"},"display":{"head":{"translation":[0.0,-6.4,0.0],"scale":[4.0,4.0,4.0]}}}