{"elements":[{"from":[6.285714,7.142857,8.0],"to":[9.714286,8.857143,8.0],"rotation":{"angle":0.0,"axis":"y","origin":[8.0,3.142857,10.428572]},"faces":{"east":{"uv":[11.75,2.0,11.75,2.75],"rotation":0,"texture":"#0","tintindex":0},"south":{"uv":[13.25,2.0,14.75,2.75],"rotation":0,"texture":"#0","tintindex":0},"north":{"uv":[11.75,2.0,13.25,2.75],"rotation":0,"texture":"#0","tintindex":0},"west":{"uv":[13.25,2.0,13.25,2.75],"rotation":0,"texture":"#0","tintindex":0},"up":{"uv":[13.25,2.0,11.75,2.0],"rotation":0,"texture":"#0","tintindex":0},"down":{"uv":[14.75,2.0,13.25,2.0],"rotation":0,"texture":"#0","tintindex":0}}}],"textures":{"0":"modelengine:entity/duck"},"display":{"head":{"translation":[0.0,-6.4,0.0],"scale":[4.0,4.0,4.0]}}}