{"elements":[{"from":[6.857143,8.0,7.142857],"to":[9.142858,11.428572,8.857143],"rotation":{"angle":0.0,"axis":"y","origin":[8.0,2.2857141,9.428572]},"faces":{"east":{"uv":[3.75,4.25,4.5,5.75],"rotation":0,"texture":"#0","tintindex":0},"south":{"uv":[6.25,4.25,7.25,5.75],"rotation":0,"texture":"#0","tintindex":0},"north":{"uv":[4.5,4.25,5.5,5.75],"rotation":0,"texture":"#0","tintindex":0},"west":{"uv":[5.5,4.25,6.25,5.75],"rotation":0,"texture":"#0","tintindex":0},"up":{"uv":[5.5,4.25,4.5,3.5],"rotation":0,"texture":"#0","tintindex":0},"down":{"uv":[6.5,3.5,5.5,4.25],"rotation":0,"texture":"#0","tintindex":0}}},{"from":[6.857143,8.0,7.142857],"to":[9.142858,10.857143,8.857143],"rotation":{"angle":0.0,"axis":"y","origin":[8.0,2.2857141,9.428572]},"faces":{"east":{"uv":[0.5,9.75,1.25,11.0],"rotation":0,"texture":"#0","tintindex":0},"south":{"uv":[3.0,9.75,4.0,11.0],"rotation":0,"texture":"#0","tintindex":0},"north":{"uv":[1.25,9.75,2.25,11.0],"rotation":0,"texture":"#0","tintindex":0},"west":{"uv":[2.25,9.75,3.0,11.0],"rotation":0,"texture":"#0","tintindex":0},"up":{"uv":[2.25,9.75,1.25,9.0],"rotation":0,"texture":"#0","tintindex":0},"down":{"uv":[3.25,9.0,2.25,9.75],"rotation":0,"texture":"#0","tintindex":0}}}],"textures":{"0":"modelengine:entity/duck"},"display":{"head":{"translation":[0.0,-6.4,0.0],"scale":[4.0,4.0,4.0]}}}