{"textures":{"0":"modelengine:entity/duck"},"elements":[{"from":[7.0,3.0,5.0],"to":[10.0,8.0,8.0],"faces":{"east":{"uv":[5.25,6.75,4.5,8.0],"tintindex":0,"rotation":0,"texture":"#0"},"south":{"uv":[6.0,6.75,5.25,8.0],"tintindex":0,"rotation":0,"texture":"#0"},"north":{"uv":[4.5,6.75,3.75,8.0],"tintindex":0,"rotation":0,"texture":"#0"},"west":{"uv":[3.75,6.75,3.0,8.0],"tintindex":0,"rotation":0,"texture":"#0"},"up":{"uv":[3.75,6.75,4.5,6.0],"tintindex":0,"rotation":0,"texture":"#0"},"down":{"uv":[4.5,6.0,5.25,6.75],"tintindex":0,"rotation":0,"texture":"#0"}}}],"display":{"gui":{"rotation":[30,225,0]}}}