{"elements":[{"from":[8.0,5.714286,7.428571],"to":[8.571428,8.0,10.857143],"rotation":{"angle":0.0,"axis":"y","origin":[6.285714,2.2857141,9.142858]},"faces":{"east":{"uv":[3.25,5.0,1.75,6.0],"rotation":0,"texture":"#0","tintindex":0},"south":{"uv":[3.5,5.0,3.25,6.0],"rotation":0,"texture":"#0","tintindex":0},"north":{"uv":[1.75,5.0,1.5,6.0],"rotation":0,"texture":"#0","tintindex":0},"west":{"uv":[1.5,5.0,0.0,6.0],"rotation":0,"texture":"#0","tintindex":0},"up":{"uv":[1.5,5.0,1.75,3.5],"rotation":0,"texture":"#0","tintindex":0},"down":{"uv":[1.75,3.5,2.0,5.0],"rotation":0,"texture":"#0","tintindex":0}}}],"textures":{"0":"modelengine:entity/duck"},"display":{"head":{"translation":[0.0,-6.4,0.0],"scale":[4.0,4.0,4.0]}}}