{"textures":{"0":"modelengine:entity/duck"},"elements":[{"from":[8.0,4.0,7.0],"to":[9.0,8.0,13.0],"faces":{"east":{"uv":[3.25,5.0,1.75,6.0],"tintindex":0,"rotation":0,"texture":"#0"},"south":{"uv":[3.5,5.0,3.25,6.0],"tintindex":0,"rotation":0,"texture":"#0"},"north":{"uv":[1.75,5.0,1.5,6.0],"tintindex":0,"rotation":0,"texture":"#0"},"west":{"uv":[1.5,5.0,0.0,6.0],"tintindex":0,"rotation":0,"texture":"#0"},"up":{"uv":[1.5,5.0,1.75,3.5],"tintindex":0,"rotation":0,"texture":"#0"},"down":{"uv":[1.75,3.5,2.0,5.0],"tintindex":0,"rotation":0,"texture":"#0"}}}],"display":{"gui":{"rotation":[30,225,0]}}}