{"elements":[{"from":[7.428571,5.142857,6.285714],"to":[9.142858,8.0,8.0],"rotation":{"angle":0.0,"axis":"y","origin":[7.428571,5.142857,7.428571]},"faces":{"east":{"uv":[5.25,6.75,4.5,8.0],"rotation":0,"texture":"#0","tintindex":0},"south":{"uv":[6.0,6.75,5.25,8.0],"rotation":0,"texture":"#0","tintindex":0},"north":{"uv":[4.5,6.75,3.75,8.0],"rotation":0,"texture":"#0","tintindex":0},"west":{"uv":[3.75,6.75,3.0,8.0],"rotation":0,"texture":"#0","tintindex":0},"up":{"uv":[3.75,6.75,4.5,6.0],"rotation":0,"texture":"#0","tintindex":0},"down":{"uv":[4.5,6.0,5.25,6.75],"rotation":0,"texture":"#0","tintindex":0}}}],"textures":{"0":"modelengine:entity/duck"},"display":{"head":{"translation":[0.0,-6.4,0.0],"scale":[4.0,4.0,4.0]}}}