{"textures":{"0":"modelengine:entity/pa_elephant2"},"elements":[{"from":[3.6666665,17.0,4.0],"to":[13.0,26.666668,19.666668],"faces":{"east":{"uv":[0.0,2.9375,2.9375,4.75],"tintindex":0,"rotation":0,"texture":"#0"},"south":{"uv":[7.625,2.9375,9.375,4.75],"tintindex":0,"rotation":0,"texture":"#0"},"north":{"uv":[2.9375,2.9375,4.6875,4.75],"tintindex":0,"rotation":0,"texture":"#0"},"west":{"uv":[4.6875,2.9375,7.625,4.75],"tintindex":0,"rotation":0,"texture":"#0"},"up":{"uv":[4.6875,2.9375,2.9375,0.0],"tintindex":0,"rotation":0,"texture":"#0"},"down":{"uv":[6.4375,0.0,4.6875,2.9375],"tintindex":0,"rotation":0,"texture":"#0"}}}],"display":{"gui":{"rotation":[30,225,0]}}}