{"textures":{"0":"modelengine:entity/pa_elephant2"},"elements":[{"from":[8.0,-4.0,11.0],"to":[28.0,18.0,13.0],"faces":{"east":{"uv":[8.0,0.125,7.875,1.5],"tintindex":0,"rotation":0,"texture":"#0"},"south":{"uv":[9.25,0.125,8.0,1.5],"tintindex":0,"rotation":0,"texture":"#0"},"north":{"uv":[7.875,0.125,6.625,1.5],"tintindex":0,"rotation":0,"texture":"#0"},"west":{"uv":[6.625,0.125,6.5,1.5],"tintindex":0,"rotation":0,"texture":"#0"},"up":{"uv":[6.625,0.125,7.875,0.0],"tintindex":0,"rotation":0,"texture":"#0"},"down":{"uv":[7.875,0.0,9.125,0.125],"tintindex":0,"rotation":0,"texture":"#0"}},"rotation":{"origin":[1.0,-32.0,30.0],"angle":-22.5,"axis":"y"}}],"display":{"gui":{"rotation":[30,225,0]}}}