{"textures":{"0":"modelengine:entity/pa_elephant2"},"elements":[{"from":[5.3,-5.0,5.0],"to":[10.8,8.5,10.75],"faces":{"east":{"uv":[4.4375,5.5,5.125,7.1875],"tintindex":0,"rotation":0,"texture":"#0"},"south":{"uv":[6.5,5.5,7.1875,7.1875],"tintindex":0,"rotation":0,"texture":"#0"},"north":{"uv":[5.125,5.5,5.8125,7.1875],"tintindex":0,"rotation":0,"texture":"#0"},"west":{"uv":[5.8125,5.5,6.5,7.1875],"tintindex":0,"rotation":0,"texture":"#0"},"up":{"uv":[5.8125,5.5,5.125,4.8125],"tintindex":0,"rotation":0,"texture":"#0"},"down":{"uv":[6.5,4.8125,5.8125,5.5],"tintindex":0,"rotation":0,"texture":"#0"}}}],"display":{"gui":{"rotation":[30,225,0]}}}