{"textures":{"0":"modelengine:entity/pa_elephant2"},"elements":[{"from":[3.8000002,-5.0,5.0],"to":[9.3,8.5,10.75],"faces":{"east":{"uv":[0.0,0.6875,0.6875,2.375],"tintindex":0,"rotation":0,"texture":"#0"},"south":{"uv":[2.0625,0.6875,2.75,2.375],"tintindex":0,"rotation":0,"texture":"#0"},"north":{"uv":[0.6875,0.6875,1.375,2.375],"tintindex":0,"rotation":0,"texture":"#0"},"west":{"uv":[1.375,0.6875,2.0625,2.375],"tintindex":0,"rotation":0,"texture":"#0"},"up":{"uv":[1.375,0.6875,0.6875,0.0],"tintindex":0,"rotation":0,"texture":"#0"},"down":{"uv":[2.0625,0.0,1.375,0.6875],"tintindex":0,"rotation":0,"texture":"#0"}}}],"display":{"gui":{"rotation":[30,225,0]}}}