{"textures":{"0":"modelengine:entity/pa_elephant2"},"elements":[{"from":[6.5,9.0,-6.75],"to":[9.5,17.5,-3.75],"faces":{"east":{"uv":[1.0625,7.5625,1.4375,8.625],"tintindex":0,"rotation":0,"texture":"#0"},"south":{"uv":[2.1875,7.5625,2.5625,8.625],"tintindex":0,"rotation":0,"texture":"#0"},"north":{"uv":[1.4375,7.5625,1.8125,8.625],"tintindex":0,"rotation":0,"texture":"#0"},"west":{"uv":[1.8125,7.5625,2.1875,8.625],"tintindex":0,"rotation":0,"texture":"#0"},"up":{"uv":[1.8125,7.5625,1.4375,7.1875],"tintindex":0,"rotation":0,"texture":"#0"},"down":{"uv":[2.1875,7.1875,1.8125,7.5625],"tintindex":0,"rotation":0,"texture":"#0"}}}],"display":{"gui":{"rotation":[30,225,0]}}}