{"textures":{"0":"modelengine:entity/pa_elephant2"},"elements":[{"from":[4.0,-12.583452,0.89364624],"to":[12.0,11.416546,7.893648],"faces":{"east":{"uv":[6.8125,7.25,7.25,8.75],"tintindex":0,"rotation":0,"texture":"#0"},"south":{"uv":[8.1875,7.25,8.6875,8.75],"tintindex":0,"rotation":0,"texture":"#0"},"north":{"uv":[7.25,7.25,7.75,8.75],"tintindex":0,"rotation":0,"texture":"#0"},"west":{"uv":[7.75,7.25,8.1875,8.75],"tintindex":0,"rotation":0,"texture":"#0"},"up":{"uv":[7.75,7.25,7.25,6.8125],"tintindex":0,"rotation":0,"texture":"#0"},"down":{"uv":[8.25,6.8125,7.75,7.25],"tintindex":0,"rotation":0,"texture":"#0"}}}],"display":{"gui":{"rotation":[30,225,0]}}}