{
    "type": "minecraft:entity",
    "pools": [
        {
            "rolls": 1,
            "entries": [
                {
                    "type": "minecraft:loot_table",
                    "value": "incendium:artifact/patron/warping_witherblade",
                    "conditions": [
                        {
                            "condition": "minecraft:random_chance",
                            "chance": 0.33
                        },
                        {
                            "condition": "minecraft:any_of",
                            "terms": [
                                {
                                    "condition": "minecraft:location_check",
                                    "predicate": {
                                        "biomes": "incendium:inverted_forest"
                                    }
                                },
                                {
                                    "condition": "minecraft:location_check",
                                    "predicate": {
                                        "biomes": "minecraft:warped_forest"
                                    }
                                }
                            ]
                        }
                    ]
                }
            ]
        }
    ]
}