{
    "pools": [
        {
            "rolls": 1,
            "entries": [
                {
                    "type": "minecraft:item",
                    "name": "paper",
                    "functions": [
                        {
                            "function": "minecraft:set_name",
                            "name": {
                                "text": "Etheral Crafter",
                                "color": "white",
                                "italic": false
                            }
                        },
                        {
                            "function": "minecraft:set_nbt",
                            "tag": "{display:{Name:'{\"text\":\"Ragged Cloth\",\"italic\":false}'},CustomModelData:5551,eth:{ragged_cloth:1b}}"
                        }
                    ]
                }
            ]
        }
    ]
}