{
  "display": {
    "icon": {
      "item": "crossbow"
    },
    "title": {
      "translate":"incendium.advancement.ash_barrens.duel_of_the_fates.title","fallback":"Duel of the Fates"
    },
    "description": {
      "translate":"incendium.advancement.ash_barrens.duel_of_the_fates.desc","fallback":"Give a Sentry a taste of its own medicine"
    },
    "frame": "task",
    "show_toast": true,
    "announce_to_chat": true,
    "hidden": true
  },
  "parent": "incendium:ash_barrens/enter_castle",
  "criteria": {
    "requirement": {
      "trigger": "minecraft:bee_nest_destroyed",
      "conditions": {
        "block": "ancient_debris"
      }
    }
  }
}
