{
  "display": {
    "icon": {
      "item": "smooth_basalt"
    },
    "title": {
      "translate":"incendium.advancement.ash_barrens.root.title","fallback":"The Dust Settles"
    },
    "description": {
      "translate":"incendium.advancement.ash_barrens.root.desc","fallback":"Enter the Ash Barrens, the forgotten home to the Forbidden Castle"
    },
    "frame": "task",
    "show_toast": true,
    "announce_to_chat": true,
    "hidden": false
  },
  "parent": "incendium:root",
  "criteria": {
    "requirement": {
      "trigger": "minecraft:location",
      "conditions": {
        "player": {
          "location": {
            "biome": "incendium:ash_barrens",
            "player": {
              "location": {
                "biome": "incendium:ash_barrens"
              }
            }
          }
        }
      }
    }
  }
}
