{
  "spawners": {
    "water_ambient": [],
    "ambient": [],
    "misc": [],
    "water_creature": [],
    "creature": [],
    "monster": []
  },
  "spawn_costs": {},
  "carvers": {
    "air": []
  },
  "features": [
    [],
    [],
    [],
    [],
    [
      "divine_dimension:the_astral/astral_pillar"
    ]
  ],
  "temperature": 0.95,
  "downfall": 0.1,
  "effects": {
    "fog_color": 0,
    "water_color": 0,
    "water_fog_color": 0,
    "grass_color": 0,
    "sky_color": 0,
    "foliage_color": 0,
    "mood_sound": {
      "sound": "minecraft:ambient.underwater.loop.additions",
      "tick_delay": 60,
      "block_search_extent": 8,
      "offset": 2
    },
    "additions_sound": {
      "sound": "minecraft:ambient.crimson_forest.additions",
      "tick_chance": 0.01
    },
    "music": {
      "sound": "minecraft:music_disc.far",
      "min_delay": 12000,
      "max_delay": 24000,
      "replace_current_music": false
    },
    "ambient_sound": "minecraft:block.roots.step"
  },
  "precipitation": "none"
}
