{"format_version":"1.12.0","minecraft:geometry":[{"description":{"identifier":"geometry.sf_nba.duck","texture_width":64,"texture_height":64,"visible_bounds_width":3,"visible_bounds_height":2.5,"visible_bounds_offset":[0,0.75,0]},"bones":[{"name":"root","pivot":[0,8,0]},{"name":"body_rot","parent":"root","pivot":[0,8,0]},{"name":"body","parent":"body_rot","pivot":[0,8,0],"cubes":[{"origin":[-3,5,-4],"size":[6,5,8],"uv":[0,0]}]},{"name":"bowtie","parent":"body","pivot":[0,8.5,-4.25],"cubes":[{"origin":[-3,7,-4.25],"size":[6,3,0],"uv":[47,8]}]},{"name":"head_rot","parent":"body","pivot":[0,10,-2.5]},{"name":"head","parent":"head_rot","pivot":[0,10,-2.5],"cubes":[{"origin":[-2,10,-4],"size":[4,6,3],"uv":[15,14]},{"origin":[-2,10,-4],"size":[4,5,3],"uv":[2,36]}],"locators":{"lead":[0,10,-2.5]}},{"name":"bill","parent":"head","pivot":[0,9,-4],"cubes":[{"origin":[-1.5,12,-6],"size":[3,1,2],"uv":[3,48]},{"origin":[-1.5,13,-7],"size":[3,1,3],"uv":[21,0]}]},{"name":"lwing_rot","parent":"body","pivot":[3,10,-2]},{"name":"left_wing","parent":"lwing_rot","pivot":[3,10,-2],"cubes":[{"origin":[3,6,-3],"size":[1,4,6],"uv":[0,14]}]},{"name":"rwing_rot","parent":"body","pivot":[-3,10,-2]},{"name":"right_wing","parent":"rwing_rot","pivot":[-3,10,-2],"cubes":[{"origin":[-4,6,-3],"size":[1,4,6],"uv":[0,14],"mirror":true}]},{"name":"legs","parent":"root","pivot":[1,5,1]},{"name":"left_leg","parent":"legs","pivot":[1,5,1],"cubes":[{"origin":[0,0,-2],"size":[3,5,3],"uv":[12,24]}]},{"name":"right_leg","parent":"legs","pivot":[-1,5,1],"cubes":[{"origin":[-3,0,-2],"size":[3,5,3],"uv":[12,24],"mirror":true}]}]}]}