{
  "pools": [
    {
      "rolls": 10,
      "entries": [
        {
          "type": "minecraft:item",
          "weight": 40,
          "name": "minecraft:name_tag"
        },
        {
          "type": "minecraft:item",
          "weight": 60,
          "name": "minecraft:glow_ink_sac"
        },
        {
          "type": "minecraft:item",
          "weight": 40,
          "name": "minecraft:beetroot_seeds",
          "functions": [
            {
              "function": "minecraft:set_count",
              "count": {
                "min": 1,
                "max": 3
              }
            }
          ]
        },
        {
          "type": "minecraft:item",
          "weight": 20,
          "name": "minecraft:black_banner",
          "functions": [
            {
              "function": "minecraft:set_nbt",
              "tag": "{BlockEntityTag:{Base:15,Patterns:[{Pattern:flo,Color:5},{Pattern:moj,Color:5},{Pattern:lud,Color:15},{Pattern:tl,Color:14},{Pattern:cbo,Color:15},{Pattern:tts,Color:15}]},HideFlags:32,display:{Name:'[{\"text\":\"A Poppys Pledge\",\"italic\":true,\"color\":\"gold\"}]'}}"
            }
          ]
        },
        {
          "type": "minecraft:item",
          "weight": 80,
          "name": "minecraft:white_banner",
          "functions": [
            {
              "function": "minecraft:set_nbt",
              "tag": "{BlockEntityTag:{Base:0,Patterns:[{Pattern:tts,Color:4},{Pattern:bts,Color:4},{Pattern:bo,Color:4},{Pattern:flo,Color:11},{Pattern:sku,Color:11},{Pattern:gru,Color:4}]},HideFlags:32,display:{Name:'[{\"text\":\"A Sanctums Oath\",\"italic\":true,\"color\":\"gold\"}]'}}"
            }
          ]
        },
        {
          "type": "minecraft:item",
          "weight": 50,
          "name": "minecraft:iron_ingot"
        },
        {
          "type": "minecraft:item",
          "weight": 100,
          "name": "minecraft:emerald"
        },
        {
          "type": "minecraft:item",
          "weight": 10,
          "name": "minecraft:piglin_banner_pattern"
        },
        {
          "type": "minecraft:item",
          "weight": 5,
          "name": "minecraft:skull_banner_pattern"
        },
        {
          "type": "minecraft:item",
          "weight": 1,
          "name": "minecraft:mojang_banner_pattern"
        },
        {
          "type": "minecraft:item",
          "weight": 20,
          "name": "minecraft:globe_banner_pattern"
        },
        {
          "type": "minecraft:item",
          "weight": 30,
          "name": "minecraft:water_bucket"
        },
        {
          "type": "minecraft:item",
          "weight": 60,
          "name": "minecraft:bucket"
        },
        {
          "type": "minecraft:item",
          "weight": 40,
          "name": "minecraft:black_banner",
          "functions": [
            {
              "function": "minecraft:set_nbt",
              "tag": "{BlockEntityTag:{Base:15,Patterns:[{Pattern:flo,Color:4},{Pattern:bt,Color:15},{Pattern:cs,Color:8},{Pattern:hh,Color:4},{Pattern:tt,Color:11},{Pattern:ts,Color:4},{Pattern:cbo,Color:15},{Pattern:tl,Color:15},{Pattern:tr,Color:15},{Pattern:tts,Color:4},{Pattern:cbo,Color:15}]},HideFlags:32,display:{Name:'[{\"text\":\"Banner of the Blade\",\"italic\":true,\"color\":\"gold\"}]'}}"
            }
          ]
        },
        {
          "type": "minecraft:item",
          "weight": 90,
          "name": "minecraft:white_banner",
          "functions": [
            {
              "function": "minecraft:set_nbt",
              "tag": "{BlockEntityTag:{Patterns:[{Pattern:\"mr\",Color:9},{Pattern:\"bs\",Color:8},{Pattern:\"cs\",Color:7},{Pattern:\"bo\",Color:8},{Pattern:\"ms\",Color:15},{Pattern:\"hh\",Color:8},{Pattern:\"mc\",Color:8},{Pattern:\"bo\",Color:15}]},HideFlags:32,display:{Name:'[{\"text\":\"Ominous Banner\",\"italic\":true,\"color\":\"gold\"}]'}}"
            }
          ]
        },
        {
          "type": "minecraft:item",
          "weight": 30,
          "name": "minecraft:orange_dye"
        },
        {
          "type": "minecraft:item",
          "weight": 50,
          "name": "minecraft:white_dye"
        },
        {
          "type": "minecraft:item",
          "weight": 50,
          "name": "minecraft:black_dye"
        },
        {
          "type": "minecraft:item",
          "weight": 30,
          "name": "minecraft:magenta_dye"
        },
        {
          "type": "minecraft:item",
          "weight": 30,
          "name": "minecraft:purple_dye"
        },
        {
          "type": "minecraft:item",
          "weight": 30,
          "name": "minecraft:yellow_dye"
        },
        {
          "type": "minecraft:item",
          "weight": 30,
          "name": "minecraft:cyan_dye"
        },
        {
          "type": "minecraft:item",
          "weight": 30,
          "name": "minecraft:light_gray_dye"
        },
        {
          "type": "minecraft:item",
          "weight": 30,
          "name": "minecraft:gray_dye"
        },
        {
          "type": "minecraft:item",
          "weight": 30,
          "name": "minecraft:brown_dye"
        },
        {
          "type": "minecraft:item",
          "weight": 30,
          "name": "minecraft:lime_dye"
        },
        {
          "type": "minecraft:item",
          "weight": 30,
          "name": "minecraft:green_dye"
        },
        {
          "type": "minecraft:item",
          "weight": 30,
          "name": "minecraft:pink_dye"
        },
        {
          "type": "minecraft:item",
          "weight": 50,
          "name": "minecraft:light_blue_dye"
        },
        {
          "type": "minecraft:item",
          "weight": 50,
          "name": "minecraft:red_dye"
        },
        {
          "type": "minecraft:item",
          "weight": 50,
          "name": "minecraft:blue_dye"
        },
        {
          "type": "minecraft:item",
          "weight": 50,
          "name": "minecraft:lapis_lazuli",
          "functions": [
            {
              "function": "minecraft:set_count",
              "count": {
                "min": 1,
                "max": 3
              }
            }
          ]
        },
        {
          "type": "minecraft:item",
          "weight": 50,
          "name": "minecraft:loom"
        },
        {
          "type": "minecraft:item",
          "weight": 100,
          "name": "minecraft:flower_banner_pattern"
        },
        {
          "type": "minecraft:item",
          "weight": 70,
          "name": "minecraft:white_banner"
        },
        {
          "type": "minecraft:item",
          "weight": 70,
          "name": "minecraft:blue_banner"
        },
        {
          "type": "minecraft:item",
          "weight": 70,
          "name": "minecraft:red_banner"
        },
        {
          "type": "minecraft:item",
          "weight": 100,
          "name": "minecraft:red_wool"
        },
        {
          "type": "minecraft:item",
          "weight": 100,
          "name": "minecraft:white_wool"
        },
        {
          "type": "minecraft:item",
          "weight": 100,
          "name": "minecraft:blue_wool"
        },
        {
          "type": "minecraft:item",
          "weight": 300,
          "name": "minecraft:string",
          "functions": [
            {
              "function": "minecraft:set_count",
              "count": {
                "min": 1,
                "max": 2
              }
            }
          ]
        }
      ]
    }
  ]
}
