{"textures":{"0":"modelengine:entity/qmob_creaking"},"elements":[{"from":[6.5,-9.299999,6.5],"to":[9.5,11.700001,9.5],"faces":{"east":{"uv":[2.0,3.25,2.75,8.5],"tintindex":0,"rotation":0,"texture":"#0"},"south":{"uv":[2.75,3.25,3.5,8.5],"tintindex":0,"rotation":0,"texture":"#0"},"north":{"uv":[1.25,3.25,2.0,8.5],"tintindex":0,"rotation":0,"texture":"#0"},"west":{"uv":[3.5,3.25,4.25,8.5],"tintindex":0,"rotation":0,"texture":"#0"},"up":{"uv":[12.75,0.75,12.0,0.0],"tintindex":0,"rotation":0,"texture":"#0"},"down":{"uv":[12.75,0.75,12.0,1.5],"tintindex":0,"rotation":0,"texture":"#0"}}},{"from":[9.5,11.700001,6.5],"to":[9.5,12.700001,9.5],"faces":{"east":{"uv":[7.25,5.0,8.0,5.25],"tintindex":0,"rotation":0,"texture":"#0"},"west":{"uv":[8.75,4.75,9.5,5.0],"tintindex":0,"rotation":0,"texture":"#0"}}},{"from":[6.5,-11.25,9.5],"to":[9.5,-9.25,9.5],"faces":{"south":{"uv":[7.75,12.25,8.5,12.75],"tintindex":0,"rotation":0,"texture":"#0"},"north":{"uv":[5.25,12.25,6.0,12.75],"tintindex":0,"rotation":0,"texture":"#0"}}},{"from":[6.5,11.700001,6.5],"to":[9.5,12.700001,6.5],"faces":{"south":{"uv":[12.5,12.5,13.25,12.75],"tintindex":0,"rotation":0,"texture":"#0"},"north":{"uv":[12.5,12.25,13.25,12.5],"tintindex":0,"rotation":0,"texture":"#0"}}},{"from":[6.5,11.700001,9.5],"to":[9.5,12.700001,9.5],"faces":{"south":{"uv":[12.5,12.0,13.25,12.25],"tintindex":0,"rotation":0,"texture":"#0"},"north":{"uv":[12.5,11.75,13.25,12.0],"tintindex":0,"rotation":0,"texture":"#0"}}},{"from":[6.5,-11.25,6.5],"to":[9.5,-9.25,6.5],"faces":{"south":{"uv":[11.0,12.25,11.75,12.75],"tintindex":0,"rotation":0,"texture":"#0"},"north":{"uv":[8.5,12.25,9.25,12.75],"tintindex":0,"rotation":0,"texture":"#0"}}},{"from":[6.5,11.700001,6.5],"to":[6.5,12.700001,9.5],"faces":{"east":{"uv":[11.75,9.5,12.5,9.75],"tintindex":0,"rotation":0,"texture":"#0"},"west":{"uv":[12.5,11.5,13.25,11.75],"tintindex":0,"rotation":0,"texture":"#0"}}},{"from":[9.5,-11.25,6.5],"to":[9.5,-9.25,9.5],"faces":{"east":{"uv":[10.75,2.75,11.5,3.25],"tintindex":0,"rotation":0,"texture":"#0"},"west":{"uv":[12.0,4.25,12.75,4.75],"tintindex":0,"rotation":0,"texture":"#0"}}},{"from":[6.5,-11.25,6.5],"to":[6.5,-9.25,9.5],"faces":{"east":{"uv":[12.25,2.25,13.0,2.75],"tintindex":0,"rotation":0,"texture":"#0"},"west":{"uv":[4.5,12.25,5.25,12.75],"tintindex":0,"rotation":0,"texture":"#0"}}}],"display":{"gui":{"rotation":[30,225,0]}}}