{"textures":{"0":"modelengine:entity/qmob_creaking"},"elements":[{"from":[6.5,-13.5,6.5],"to":[6.5,-11.5,9.5],"faces":{"east":{"uv":[6.75,12.5,7.5,13.0],"tintindex":0,"rotation":0,"texture":"#0"},"west":{"uv":[9.25,12.5,10.0,13.0],"tintindex":0,"rotation":0,"texture":"#0"}}},{"from":[6.5,-11.5,6.5],"to":[9.5,9.5,9.5],"faces":{"east":{"uv":[5.0,0.0,5.75,5.25],"tintindex":0,"rotation":0,"texture":"#0"},"south":{"uv":[4.25,5.25,5.0,10.5],"tintindex":0,"rotation":0,"texture":"#0"},"north":{"uv":[4.25,0.0,5.0,5.25],"tintindex":0,"rotation":0,"texture":"#0"},"west":{"uv":[5.0,5.25,5.75,10.5],"tintindex":0,"rotation":0,"texture":"#0"},"up":{"uv":[12.75,3.5,12.0,2.75],"tintindex":0,"rotation":0,"texture":"#0"},"down":{"uv":[12.75,3.5,12.0,4.25],"tintindex":0,"rotation":0,"texture":"#0"}}},{"from":[6.5,-13.5,6.5],"to":[9.5,-11.5,6.5],"faces":{"south":{"uv":[10.0,12.5,10.75,13.0],"tintindex":0,"rotation":0,"texture":"#0"},"north":{"uv":[12.5,9.5,13.25,10.0],"tintindex":0,"rotation":0,"texture":"#0"}}},{"from":[6.5,-13.5,9.5],"to":[9.5,-11.5,9.5],"faces":{"south":{"uv":[12.5,10.5,13.25,11.0],"tintindex":0,"rotation":0,"texture":"#0"},"north":{"uv":[12.5,10.0,13.25,10.5],"tintindex":0,"rotation":0,"texture":"#0"}}},{"from":[9.5,-13.5,6.5],"to":[9.5,-11.5,9.5],"faces":{"east":{"uv":[11.75,12.25,12.5,12.75],"tintindex":0,"rotation":0,"texture":"#0"},"west":{"uv":[6.0,12.5,6.75,13.0],"tintindex":0,"rotation":0,"texture":"#0"}}}],"display":{"gui":{"rotation":[30,225,0]}}}