{"elements":[{"from":[7.142857,-3.1428576,7.142857],"to":[8.857143,8.857143,8.857143],"rotation":{"angle":0.0,"axis":"y","origin":[7.714286,-3.1428576,7.714286]},"faces":{"east":{"uv":[5.0,0.0,5.75,5.25],"rotation":0,"texture":"#0","tintindex":0},"south":{"uv":[4.25,5.25,5.0,10.5],"rotation":0,"texture":"#0","tintindex":0},"north":{"uv":[4.25,0.0,5.0,5.25],"rotation":0,"texture":"#0","tintindex":0},"west":{"uv":[5.0,5.25,5.75,10.5],"rotation":0,"texture":"#0","tintindex":0},"up":{"uv":[12.75,3.5,12.0,2.75],"rotation":0,"texture":"#0","tintindex":0},"down":{"uv":[12.75,3.5,12.0,4.25],"rotation":0,"texture":"#0","tintindex":0}}},{"from":[8.857143,-4.285715,7.142857],"to":[8.857143,-3.1428576,8.857143],"rotation":{"angle":0.0,"axis":"y","origin":[7.714286,-4.285715,7.714286]},"faces":{"east":{"uv":[11.75,12.25,12.5,12.75],"rotation":0,"texture":"#0","tintindex":0},"south":{"uv":[0.0,0.0,0.0,0.5],"rotation":0,"texture":"#0","tintindex":0},"north":{"uv":[0.0,0.0,0.0,0.5],"rotation":0,"texture":"#0","tintindex":0},"west":{"uv":[6.0,12.5,6.75,13.0],"rotation":0,"texture":"#0","tintindex":0},"up":{"uv":[0.0,0.75,0.0,0.0],"rotation":0,"texture":"#0","tintindex":0},"down":{"uv":[0.0,0.0,0.0,0.75],"rotation":0,"texture":"#0","tintindex":0}}},{"from":[7.142857,-4.285715,7.142857],"to":[7.142857,-3.1428576,8.857143],"rotation":{"angle":0.0,"axis":"y","origin":[6.0,-4.285715,7.714286]},"faces":{"east":{"uv":[6.75,12.5,7.5,13.0],"rotation":0,"texture":"#0","tintindex":0},"south":{"uv":[0.0,0.0,0.0,0.5],"rotation":0,"texture":"#0","tintindex":0},"north":{"uv":[0.0,0.0,0.0,0.5],"rotation":0,"texture":"#0","tintindex":0},"west":{"uv":[9.25,12.5,10.0,13.0],"rotation":0,"texture":"#0","tintindex":0},"up":{"uv":[0.0,0.75,0.0,0.0],"rotation":0,"texture":"#0","tintindex":0},"down":{"uv":[0.0,0.0,0.0,0.75],"rotation":0,"texture":"#0","tintindex":0}}},{"from":[7.142857,-4.285715,7.142857],"to":[8.857143,-3.1428576,7.142857],"rotation":{"angle":0.0,"axis":"y","origin":[6.857143,-4.285715,7.714286]},"faces":{"east":{"uv":[0.0,0.0,0.0,0.5],"rotation":0,"texture":"#0","tintindex":0},"south":{"uv":[10.0,12.5,10.75,13.0],"rotation":0,"texture":"#0","tintindex":0},"north":{"uv":[12.5,9.5,13.25,10.0],"rotation":0,"texture":"#0","tintindex":0},"west":{"uv":[0.0,0.0,0.0,0.5],"rotation":0,"texture":"#0","tintindex":0},"up":{"uv":[0.75,0.0,0.0,0.0],"rotation":0,"texture":"#0","tintindex":0},"down":{"uv":[0.75,0.0,0.0,0.0],"rotation":0,"texture":"#0","tintindex":0}}},{"from":[7.142857,-4.285715,8.857143],"to":[8.857143,-3.1428576,8.857143],"rotation":{"angle":0.0,"axis":"y","origin":[6.857143,-4.285715,9.428572]},"faces":{"east":{"uv":[0.0,0.0,0.0,0.5],"rotation":0,"texture":"#0","tintindex":0},"south":{"uv":[12.5,10.5,13.25,11.0],"rotation":0,"texture":"#0","tintindex":0},"north":{"uv":[12.5,10.0,13.25,10.5],"rotation":0,"texture":"#0","tintindex":0},"west":{"uv":[0.0,0.0,0.0,0.5],"rotation":0,"texture":"#0","tintindex":0},"up":{"uv":[0.75,0.0,0.0,0.0],"rotation":0,"texture":"#0","tintindex":0},"down":{"uv":[0.75,0.0,0.0,0.0],"rotation":0,"texture":"#0","tintindex":0}}}],"textures":{"0":"modelengine:entity/qmob_creaking"},"display":{"head":{"translation":[0.0,-6.4,0.0],"scale":[4.0,4.0,4.0]}}}