{"elements":[{"from":[7.142857,-1.8857145,7.142857],"to":[8.857143,10.114286,8.857143],"rotation":{"angle":0.0,"axis":"y","origin":[7.714286,-1.8857145,7.714286]},"faces":{"east":{"uv":[2.0,3.25,2.75,8.5],"rotation":0,"texture":"#0","tintindex":0},"south":{"uv":[2.75,3.25,3.5,8.5],"rotation":0,"texture":"#0","tintindex":0},"north":{"uv":[1.25,3.25,2.0,8.5],"rotation":0,"texture":"#0","tintindex":0},"west":{"uv":[3.5,3.25,4.25,8.5],"rotation":0,"texture":"#0","tintindex":0},"up":{"uv":[12.75,0.75,12.0,0.0],"rotation":0,"texture":"#0","tintindex":0},"down":{"uv":[12.75,0.75,12.0,1.5],"rotation":0,"texture":"#0","tintindex":0}}},{"from":[8.857143,10.114286,7.142857],"to":[8.857143,10.685715,8.857143],"rotation":{"angle":0.0,"axis":"y","origin":[7.714286,10.114286,7.714286]},"faces":{"east":{"uv":[7.25,5.0,8.0,5.25],"rotation":0,"texture":"#0","tintindex":0},"south":{"uv":[0.0,0.0,0.0,0.25],"rotation":0,"texture":"#0","tintindex":0},"north":{"uv":[0.0,0.0,0.0,0.25],"rotation":0,"texture":"#0","tintindex":0},"west":{"uv":[8.75,4.75,9.5,5.0],"rotation":0,"texture":"#0","tintindex":0},"up":{"uv":[0.0,0.75,0.0,0.0],"rotation":0,"texture":"#0","tintindex":0},"down":{"uv":[0.0,0.0,0.0,0.75],"rotation":0,"texture":"#0","tintindex":0}}},{"from":[7.142857,10.114286,7.142857],"to":[7.142857,10.685715,8.857143],"rotation":{"angle":0.0,"axis":"y","origin":[6.0,10.114286,7.714286]},"faces":{"east":{"uv":[11.75,9.5,12.5,9.75],"rotation":0,"texture":"#0","tintindex":0},"south":{"uv":[0.0,0.0,0.0,0.25],"rotation":0,"texture":"#0","tintindex":0},"north":{"uv":[0.0,0.0,0.0,0.25],"rotation":0,"texture":"#0","tintindex":0},"west":{"uv":[12.5,11.5,13.25,11.75],"rotation":0,"texture":"#0","tintindex":0},"up":{"uv":[0.0,0.75,0.0,0.0],"rotation":0,"texture":"#0","tintindex":0},"down":{"uv":[0.0,0.0,0.0,0.75],"rotation":0,"texture":"#0","tintindex":0}}},{"from":[7.142857,10.114286,8.857143],"to":[8.857143,10.685715,8.857143],"rotation":{"angle":0.0,"axis":"y","origin":[6.0,10.114286,7.714286]},"faces":{"east":{"uv":[0.0,0.0,0.0,0.25],"rotation":0,"texture":"#0","tintindex":0},"south":{"uv":[12.5,12.0,13.25,12.25],"rotation":0,"texture":"#0","tintindex":0},"north":{"uv":[12.5,11.75,13.25,12.0],"rotation":0,"texture":"#0","tintindex":0},"west":{"uv":[0.0,0.0,0.0,0.25],"rotation":0,"texture":"#0","tintindex":0},"up":{"uv":[0.75,0.0,0.0,0.0],"rotation":0,"texture":"#0","tintindex":0},"down":{"uv":[0.75,0.0,0.0,0.0],"rotation":0,"texture":"#0","tintindex":0}}},{"from":[7.142857,10.114286,7.142857],"to":[8.857143,10.685715,7.142857],"rotation":{"angle":0.0,"axis":"y","origin":[6.0,10.114286,6.0]},"faces":{"east":{"uv":[0.0,0.0,0.0,0.25],"rotation":0,"texture":"#0","tintindex":0},"south":{"uv":[12.5,12.5,13.25,12.75],"rotation":0,"texture":"#0","tintindex":0},"north":{"uv":[12.5,12.25,13.25,12.5],"rotation":0,"texture":"#0","tintindex":0},"west":{"uv":[0.0,0.0,0.0,0.25],"rotation":0,"texture":"#0","tintindex":0},"up":{"uv":[0.75,0.0,0.0,0.0],"rotation":0,"texture":"#0","tintindex":0},"down":{"uv":[0.75,0.0,0.0,0.0],"rotation":0,"texture":"#0","tintindex":0}}},{"from":[8.857143,-3.000001,7.142857],"to":[8.857143,-1.8571434,8.857143],"rotation":{"angle":0.0,"axis":"y","origin":[8.285714,-3.000001,8.0]},"faces":{"east":{"uv":[10.75,2.75,11.5,3.25],"rotation":0,"texture":"#0","tintindex":0},"south":{"uv":[0.0,0.0,0.0,0.5],"rotation":0,"texture":"#0","tintindex":0},"north":{"uv":[0.0,0.0,0.0,0.5],"rotation":0,"texture":"#0","tintindex":0},"west":{"uv":[12.0,4.25,12.75,4.75],"rotation":0,"texture":"#0","tintindex":0},"up":{"uv":[0.0,0.75,0.0,0.0],"rotation":0,"texture":"#0","tintindex":0},"down":{"uv":[0.0,0.0,0.0,0.75],"rotation":0,"texture":"#0","tintindex":0}}},{"from":[7.142857,-3.000001,7.142857],"to":[7.142857,-1.8571434,8.857143],"rotation":{"angle":0.0,"axis":"y","origin":[6.5714283,-3.000001,8.0]},"faces":{"east":{"uv":[12.25,2.25,13.0,2.75],"rotation":0,"texture":"#0","tintindex":0},"south":{"uv":[0.0,0.0,0.0,0.5],"rotation":0,"texture":"#0","tintindex":0},"north":{"uv":[0.0,0.0,0.0,0.5],"rotation":0,"texture":"#0","tintindex":0},"west":{"uv":[4.5,12.25,5.25,12.75],"rotation":0,"texture":"#0","tintindex":0},"up":{"uv":[0.0,0.75,0.0,0.0],"rotation":0,"texture":"#0","tintindex":0},"down":{"uv":[0.0,0.0,0.0,0.75],"rotation":0,"texture":"#0","tintindex":0}}},{"from":[7.142857,-3.000001,8.857143],"to":[8.857143,-1.8571434,8.857143],"rotation":{"angle":0.0,"axis":"y","origin":[7.428571,-3.000001,8.0]},"faces":{"east":{"uv":[0.0,0.0,0.0,0.5],"rotation":0,"texture":"#0","tintindex":0},"south":{"uv":[7.75,12.25,8.5,12.75],"rotation":0,"texture":"#0","tintindex":0},"north":{"uv":[5.25,12.25,6.0,12.75],"rotation":0,"texture":"#0","tintindex":0},"west":{"uv":[0.0,0.0,0.0,0.5],"rotation":0,"texture":"#0","tintindex":0},"up":{"uv":[0.75,0.0,0.0,0.0],"rotation":0,"texture":"#0","tintindex":0},"down":{"uv":[0.75,0.0,0.0,0.0],"rotation":0,"texture":"#0","tintindex":0}}},{"from":[7.142857,-3.000001,7.142857],"to":[8.857143,-1.8571434,7.142857],"rotation":{"angle":0.0,"axis":"y","origin":[7.428571,-3.000001,6.285714]},"faces":{"east":{"uv":[0.0,0.0,0.0,0.5],"rotation":0,"texture":"#0","tintindex":0},"south":{"uv":[11.0,12.25,11.75,12.75],"rotation":0,"texture":"#0","tintindex":0},"north":{"uv":[8.5,12.25,9.25,12.75],"rotation":0,"texture":"#0","tintindex":0},"west":{"uv":[0.0,0.0,0.0,0.5],"rotation":0,"texture":"#0","tintindex":0},"up":{"uv":[0.75,0.0,0.0,0.0],"rotation":0,"texture":"#0","tintindex":0},"down":{"uv":[0.75,0.0,0.0,0.0],"rotation":0,"texture":"#0","tintindex":0}}}],"textures":{"0":"modelengine:entity/qmob_creaking"},"display":{"head":{"translation":[0.0,-6.4,0.0],"scale":[4.0,4.0,4.0]}}}