{"elements":[{"from":[6.285714,5.142857,8.0],"to":[9.714286,10.857143,8.0],"rotation":{"angle":0.0,"axis":"y","origin":[7.428571,5.142857,7.428571]},"faces":{"east":{"uv":[0.0,0.0,0.0,2.5],"rotation":0,"texture":"#0","tintindex":0},"south":{"uv":[7.25,0.0,8.75,2.5],"rotation":0,"texture":"#0","tintindex":0},"north":{"uv":[6.5,5.25,8.0,7.75],"rotation":0,"texture":"#0","tintindex":0},"west":{"uv":[0.0,0.0,0.0,2.5],"rotation":0,"texture":"#0","tintindex":0},"up":{"uv":[1.5,0.0,0.0,0.0],"rotation":0,"texture":"#0","tintindex":0},"down":{"uv":[1.5,0.0,0.0,0.0],"rotation":0,"texture":"#0","tintindex":0}}}],"textures":{"0":"modelengine:entity/qmob_creaking"},"display":{"head":{"translation":[0.0,-6.4,0.0],"scale":[4.0,4.0,4.0]}}}