{"elements":[{"from":[6.285714,9.357143,6.25],"to":[9.714286,15.071428,9.678572],"rotation":{"angle":0.0,"axis":"y","origin":[6.857143,9.357143,6.8214283]},"faces":{"east":{"uv":[6.5,7.75,8.0,10.25],"rotation":0,"texture":"#0","tintindex":0},"south":{"uv":[8.0,5.0,9.5,7.5],"rotation":0,"texture":"#0","tintindex":0},"north":{"uv":[7.25,2.5,8.75,5.0],"rotation":0,"texture":"#0","tintindex":0},"west":{"uv":[8.0,7.5,9.5,10.0],"rotation":0,"texture":"#0","tintindex":0},"up":{"uv":[11.0,11.25,9.5,9.75],"rotation":0,"texture":"#0","tintindex":0},"down":{"uv":[9.5,10.0,8.0,11.5],"rotation":0,"texture":"#0","tintindex":0}}},{"from":[9.714286,15.071428,6.25],"to":[9.714286,16.785715,9.678572],"rotation":{"angle":0.0,"axis":"y","origin":[6.857143,15.071428,6.8214283]},"faces":{"east":{"uv":[8.0,11.5,9.5,12.25],"rotation":0,"texture":"#0","tintindex":0},"south":{"uv":[0.0,0.0,0.0,0.75],"rotation":0,"texture":"#0","tintindex":0},"north":{"uv":[0.0,0.0,0.0,0.75],"rotation":0,"texture":"#0","tintindex":0},"west":{"uv":[11.75,4.75,13.25,5.5],"rotation":0,"texture":"#0","tintindex":0},"up":{"uv":[0.0,1.5,0.0,0.0],"rotation":0,"texture":"#0","tintindex":0},"down":{"uv":[0.0,0.0,0.0,1.5],"rotation":0,"texture":"#0","tintindex":0}}},{"from":[6.285714,15.071428,6.25],"to":[6.285714,16.785715,9.678572],"rotation":{"angle":0.0,"axis":"y","origin":[9.142858,15.071428,6.8214283]},"faces":{"east":{"uv":[11.75,5.5,13.25,6.25],"rotation":0,"texture":"#0","tintindex":0},"south":{"uv":[0.0,0.0,0.0,0.75],"rotation":0,"texture":"#0","tintindex":0},"north":{"uv":[0.0,0.0,0.0,0.75],"rotation":0,"texture":"#0","tintindex":0},"west":{"uv":[6.25,11.75,7.75,12.5],"rotation":0,"texture":"#0","tintindex":0},"up":{"uv":[0.0,1.5,0.0,0.0],"rotation":0,"texture":"#0","tintindex":0},"down":{"uv":[0.0,0.0,0.0,1.5],"rotation":0,"texture":"#0","tintindex":0}}},{"from":[6.285714,15.071428,9.678572],"to":[9.714286,16.785715,9.678572],"rotation":{"angle":0.0,"axis":"y","origin":[10.857143,15.071428,6.8214283]},"faces":{"east":{"uv":[0.0,0.0,0.0,0.75],"rotation":0,"texture":"#0","tintindex":0},"south":{"uv":[11.75,7.0,13.25,7.75],"rotation":0,"texture":"#0","tintindex":0},"north":{"uv":[11.75,6.25,13.25,7.0],"rotation":0,"texture":"#0","tintindex":0},"west":{"uv":[0.0,0.0,0.0,0.75],"rotation":0,"texture":"#0","tintindex":0},"up":{"uv":[1.5,0.0,0.0,0.0],"rotation":0,"texture":"#0","tintindex":0},"down":{"uv":[1.5,0.0,0.0,0.0],"rotation":0,"texture":"#0","tintindex":0}}},{"from":[6.285714,15.071428,6.25],"to":[9.714286,16.785715,6.25],"rotation":{"angle":0.0,"axis":"y","origin":[10.857143,15.071428,3.392857]},"faces":{"east":{"uv":[0.0,0.0,0.0,0.75],"rotation":0,"texture":"#0","tintindex":0},"south":{"uv":[11.75,8.5,13.25,9.25],"rotation":0,"texture":"#0","tintindex":0},"north":{"uv":[11.75,7.75,13.25,8.5],"rotation":0,"texture":"#0","tintindex":0},"west":{"uv":[0.0,0.0,0.0,0.75],"rotation":0,"texture":"#0","tintindex":0},"up":{"uv":[1.5,0.0,0.0,0.0],"rotation":0,"texture":"#0","tintindex":0},"down":{"uv":[1.5,0.0,0.0,0.0],"rotation":0,"texture":"#0","tintindex":0}}},{"from":[9.714286,9.928572,7.964286],"to":[12.0,17.357143,7.97],"rotation":{"angle":0.0,"axis":"y","origin":[10.285714,9.928572,6.8214283]},"faces":{"east":{"uv":[0.0,11.75,0.25,15.0],"rotation":0,"texture":"#0","tintindex":0},"south":{"uv":[9.5,3.25,10.5,6.5],"rotation":0,"texture":"#0","tintindex":0},"north":{"uv":[8.75,0.0,9.75,3.25],"rotation":0,"texture":"#0","tintindex":0},"west":{"uv":[0.0,11.75,0.25,15.0],"rotation":0,"texture":"#0","tintindex":0},"up":{"uv":[13.5,11.5,12.5,11.25],"rotation":0,"texture":"#0","tintindex":0},"down":{"uv":[13.5,11.25,12.5,11.5],"rotation":0,"texture":"#0","tintindex":0}}},{"from":[4.0,9.357143,7.964286],"to":[6.285714,16.785715,7.97],"rotation":{"angle":0.0,"axis":"y","origin":[4.5714283,9.357143,6.8214283]},"faces":{"east":{"uv":[0.0,11.75,0.25,15.0],"rotation":0,"texture":"#0","tintindex":0},"south":{"uv":[9.75,0.0,10.75,3.25],"rotation":0,"texture":"#0","tintindex":0},"north":{"uv":[9.5,6.5,10.5,9.75],"rotation":0,"texture":"#0","tintindex":0},"west":{"uv":[0.0,11.75,0.25,15.0],"rotation":0,"texture":"#0","tintindex":0},"up":{"uv":[13.5,11.5,12.5,11.25],"rotation":0,"texture":"#0","tintindex":0},"down":{"uv":[13.5,11.25,12.5,11.5],"rotation":0,"texture":"#0","tintindex":0}}},{"from":[6.285714,5.928571,6.8214283],"to":[9.714286,9.357143,9.678572],"rotation":{"angle":0.0,"axis":"y","origin":[6.857143,3.642857,6.8214283]},"faces":{"east":{"uv":[10.5,8.25,11.75,9.75],"rotation":0,"texture":"#0","tintindex":0},"south":{"uv":[10.5,3.25,12.0,4.75],"rotation":0,"texture":"#0","tintindex":0},"north":{"uv":[6.5,10.25,8.0,11.75],"rotation":0,"texture":"#0","tintindex":0},"west":{"uv":[10.75,0.0,12.0,1.5],"rotation":0,"texture":"#0","tintindex":0},"up":{"uv":[12.25,2.75,10.75,1.5],"rotation":0,"texture":"#0","tintindex":0},"down":{"uv":[12.5,9.75,11.0,11.0],"rotation":0,"texture":"#0","tintindex":0}}}],"textures":{"0":"modelengine:entity/qmob_creaking"},"display":{"head":{"translation":[0.0,-6.4,0.0],"scale":[4.0,4.0,4.0]}}}