{"textures":{"0":"modelengine:entity/qmob_creaking"},"elements":[{"from":[6.5,-9.75,4.5],"to":[11.5,-9.74,11.5],"faces":{"east":{"uv":[11.75,9.25,13.5,9.5],"tintindex":0,"rotation":0,"texture":"#0"},"south":{"uv":[12.5,11.0,13.75,11.25],"tintindex":0,"rotation":0,"texture":"#0"},"north":{"uv":[12.5,11.0,13.75,11.25],"tintindex":0,"rotation":0,"texture":"#0"},"west":{"uv":[11.75,9.25,13.5,9.5],"tintindex":0,"rotation":0,"texture":"#0"},"up":{"uv":[6.25,12.25,5.0,10.5],"tintindex":0,"rotation":0,"texture":"#0"},"down":{"uv":[11.75,6.5,10.5,8.25],"tintindex":0,"rotation":0,"texture":"#0"}}},{"from":[9.5,11.25,6.5],"to":[9.5,12.25,9.5],"faces":{"east":{"uv":[12.75,0.0,13.5,0.25],"tintindex":0,"rotation":0,"texture":"#0"},"west":{"uv":[12.75,0.25,13.5,0.5],"tintindex":0,"rotation":0,"texture":"#0"}}},{"from":[6.5,11.25,9.5],"to":[9.5,12.25,9.5],"faces":{"south":{"uv":[12.75,1.25,13.5,1.5],"tintindex":0,"rotation":0,"texture":"#0"},"north":{"uv":[12.75,1.0,13.5,1.25],"tintindex":0,"rotation":0,"texture":"#0"}}},{"from":[6.5,-9.75,6.5],"to":[9.5,11.25,9.5],"faces":{"east":{"uv":[5.75,5.25,6.5,10.5],"tintindex":0,"rotation":0,"texture":"#0"},"south":{"uv":[0.0,6.5,0.75,11.75],"tintindex":0,"rotation":0,"texture":"#0"},"north":{"uv":[5.75,0.0,6.5,5.25],"tintindex":0,"rotation":0,"texture":"#0"},"west":{"uv":[6.5,0.0,7.25,5.25],"tintindex":0,"rotation":0,"texture":"#0"},"up":{"uv":[13.0,2.25,12.25,1.5],"tintindex":0,"rotation":0,"texture":"#0"},"down":{"uv":[4.5,12.25,3.75,13.0],"tintindex":0,"rotation":0,"texture":"#0"}}},{"from":[6.5,11.25,6.5],"to":[9.5,12.25,6.5],"faces":{"south":{"uv":[12.75,0.75,13.5,1.0],"tintindex":0,"rotation":0,"texture":"#0"},"north":{"uv":[12.75,0.5,13.5,0.75],"tintindex":0,"rotation":0,"texture":"#0"}}}],"display":{"gui":{"rotation":[30,225,0]}}}