{"elements":[{"from":[7.142857,-2.1428576,7.142857],"to":[8.857143,9.857143,8.857143],"rotation":{"angle":0.0,"axis":"y","origin":[7.714286,-2.1428576,7.714286]},"faces":{"east":{"uv":[5.75,5.25,6.5,10.5],"rotation":0,"texture":"#0","tintindex":0},"south":{"uv":[0.0,6.5,0.75,11.75],"rotation":0,"texture":"#0","tintindex":0},"north":{"uv":[5.75,0.0,6.5,5.25],"rotation":0,"texture":"#0","tintindex":0},"west":{"uv":[6.5,0.0,7.25,5.25],"rotation":0,"texture":"#0","tintindex":0},"up":{"uv":[13.0,2.25,12.25,1.5],"rotation":0,"texture":"#0","tintindex":0},"down":{"uv":[4.5,12.25,3.75,13.0],"rotation":0,"texture":"#0","tintindex":0}}},{"from":[8.857143,9.857143,7.142857],"to":[8.857143,10.428572,8.857143],"rotation":{"angle":0.0,"axis":"y","origin":[7.714286,9.857143,7.714286]},"faces":{"east":{"uv":[12.75,0.0,13.5,0.25],"rotation":0,"texture":"#0","tintindex":0},"south":{"uv":[0.0,0.0,0.0,0.25],"rotation":0,"texture":"#0","tintindex":0},"north":{"uv":[0.0,0.0,0.0,0.25],"rotation":0,"texture":"#0","tintindex":0},"west":{"uv":[12.75,0.25,13.5,0.5],"rotation":0,"texture":"#0","tintindex":0},"up":{"uv":[0.0,0.75,0.0,0.0],"rotation":0,"texture":"#0","tintindex":0},"down":{"uv":[0.0,0.0,0.0,0.75],"rotation":0,"texture":"#0","tintindex":0}}},{"from":[7.142857,9.857143,7.142857],"to":[8.857143,10.428572,7.142857],"rotation":{"angle":0.0,"axis":"y","origin":[6.857143,9.857143,7.714286]},"faces":{"east":{"uv":[0.0,0.0,0.0,0.25],"rotation":0,"texture":"#0","tintindex":0},"south":{"uv":[12.75,0.75,13.5,1.0],"rotation":0,"texture":"#0","tintindex":0},"north":{"uv":[12.75,0.5,13.5,0.75],"rotation":0,"texture":"#0","tintindex":0},"west":{"uv":[0.0,0.0,0.0,0.25],"rotation":0,"texture":"#0","tintindex":0},"up":{"uv":[0.75,0.0,0.0,0.0],"rotation":0,"texture":"#0","tintindex":0},"down":{"uv":[0.75,0.0,0.0,0.0],"rotation":0,"texture":"#0","tintindex":0}}},{"from":[7.142857,9.857143,8.857143],"to":[8.857143,10.428572,8.857143],"rotation":{"angle":0.0,"axis":"y","origin":[6.857143,9.857143,9.428572]},"faces":{"east":{"uv":[0.0,0.0,0.0,0.25],"rotation":0,"texture":"#0","tintindex":0},"south":{"uv":[12.75,1.25,13.5,1.5],"rotation":0,"texture":"#0","tintindex":0},"north":{"uv":[12.75,1.0,13.5,1.25],"rotation":0,"texture":"#0","tintindex":0},"west":{"uv":[0.0,0.0,0.0,0.25],"rotation":0,"texture":"#0","tintindex":0},"up":{"uv":[0.75,0.0,0.0,0.0],"rotation":0,"texture":"#0","tintindex":0},"down":{"uv":[0.75,0.0,0.0,0.0],"rotation":0,"texture":"#0","tintindex":0}}},{"from":[7.142857,-2.1428576,6.0],"to":[10.0,-2.1371431,10.0],"rotation":{"angle":0.0,"axis":"y","origin":[7.714286,-2.1428576,7.714286]},"faces":{"east":{"uv":[11.75,9.25,13.5,9.5],"rotation":0,"texture":"#0","tintindex":0},"south":{"uv":[12.5,11.0,13.75,11.25],"rotation":0,"texture":"#0","tintindex":0},"north":{"uv":[12.5,11.0,13.75,11.25],"rotation":0,"texture":"#0","tintindex":0},"west":{"uv":[11.75,9.25,13.5,9.5],"rotation":0,"texture":"#0","tintindex":0},"up":{"uv":[6.25,12.25,5.0,10.5],"rotation":0,"texture":"#0","tintindex":0},"down":{"uv":[11.75,6.5,10.5,8.25],"rotation":0,"texture":"#0","tintindex":0}}}],"textures":{"0":"modelengine:entity/qmob_creaking"},"display":{"head":{"translation":[0.0,-6.4,0.0],"scale":[4.0,4.0,4.0]}}}