{"elements":[{"from":[7.142857,-2.0,7.142857],"to":[8.857143,8.285714,8.857143],"rotation":{"angle":0.0,"axis":"y","origin":[7.714286,-2.0,7.714286]},"faces":{"east":{"uv":[1.5,8.5,2.25,13.0],"rotation":0,"texture":"#0","tintindex":0},"south":{"uv":[2.25,8.5,3.0,13.0],"rotation":0,"texture":"#0","tintindex":0},"north":{"uv":[0.75,8.5,1.5,13.0],"rotation":0,"texture":"#0","tintindex":0},"west":{"uv":[3.0,8.5,3.75,13.0],"rotation":0,"texture":"#0","tintindex":0},"up":{"uv":[9.5,4.0,8.75,3.25],"rotation":0,"texture":"#0","tintindex":0},"down":{"uv":[9.5,4.0,8.75,4.75],"rotation":0,"texture":"#0","tintindex":0}}},{"from":[6.0,-2.0,6.0],"to":[8.857143,-1.9942856,10.0],"rotation":{"angle":0.0,"axis":"y","origin":[7.714286,-2.0,7.714286]},"faces":{"east":{"uv":[11.75,9.25,13.5,9.5],"rotation":0,"texture":"#0","tintindex":0},"south":{"uv":[12.5,11.0,13.75,11.25],"rotation":0,"texture":"#0","tintindex":0},"north":{"uv":[12.5,11.0,13.75,11.25],"rotation":0,"texture":"#0","tintindex":0},"west":{"uv":[11.75,9.25,13.5,9.5],"rotation":0,"texture":"#0","tintindex":0},"up":{"uv":[5.0,12.25,3.75,10.5],"rotation":0,"texture":"#0","tintindex":0},"down":{"uv":[11.75,4.75,10.5,6.5],"rotation":0,"texture":"#0","tintindex":0}}}],"textures":{"0":"modelengine:entity/qmob_creaking"},"display":{"head":{"translation":[0.0,-6.4,0.0],"scale":[4.0,4.0,4.0]}}}