{"textures":{"0":"modelengine:entity/qmob_creaking"},"elements":[{"from":[2.0,1.5,5.5],"to":[8.0,14.5,10.5],"faces":{"east":{"uv":[3.0,0.0,4.25,3.25],"tintindex":0,"rotation":0,"texture":"#0"},"south":{"uv":[1.5,0.0,3.0,3.25],"tintindex":0,"rotation":0,"texture":"#0"},"north":{"uv":[0.0,0.0,1.5,3.25],"tintindex":0,"rotation":0,"texture":"#0"},"west":{"uv":[0.0,3.25,1.25,6.5],"tintindex":0,"rotation":0,"texture":"#0"},"up":{"uv":[12.5,12.25,11.0,11.0],"tintindex":0,"rotation":0,"texture":"#0"},"down":{"uv":[11.0,11.25,9.5,12.5],"tintindex":0,"rotation":0,"texture":"#0"}}}],"display":{"gui":{"rotation":[30,225,0]}}}