{"elements":[{"from":[4.5714283,4.285714,6.5714283],"to":[8.0,11.714286,9.428572],"rotation":{"angle":0.0,"axis":"y","origin":[5.142857,4.285714,7.142857]},"faces":{"east":{"uv":[3.0,0.0,4.25,3.25],"rotation":0,"texture":"#0","tintindex":0},"south":{"uv":[1.5,0.0,3.0,3.25],"rotation":0,"texture":"#0","tintindex":0},"north":{"uv":[0.0,0.0,1.5,3.25],"rotation":0,"texture":"#0","tintindex":0},"west":{"uv":[0.0,3.25,1.25,6.5],"rotation":0,"texture":"#0","tintindex":0},"up":{"uv":[12.5,12.25,11.0,11.0],"rotation":0,"texture":"#0","tintindex":0},"down":{"uv":[11.0,11.25,9.5,12.5],"rotation":0,"texture":"#0","tintindex":0}}}],"textures":{"0":"modelengine:entity/qmob_creaking"},"display":{"head":{"translation":[0.0,-6.4,0.0],"scale":[4.0,4.0,4.0]}}}