{"textures":{"0":"modelengine:entity/alligator"},"elements":[{"from":[2.5,12.0,-2.0],"to":[13.5,13.0,17.0],"faces":{"east":{"uv":[0.0,6.5,2.375,6.625],"tintindex":0,"rotation":0,"texture":"#0"},"south":{"uv":[6.125,6.5,7.5,6.625],"tintindex":0,"rotation":0,"texture":"#0"},"north":{"uv":[2.375,6.5,3.75,6.625],"tintindex":0,"rotation":0,"texture":"#0"},"west":{"uv":[3.75,6.5,6.125,6.625],"tintindex":0,"rotation":0,"texture":"#0"},"up":{"uv":[3.75,6.5,2.375,4.125],"tintindex":0,"rotation":0,"texture":"#0"},"down":{"uv":[5.125,4.125,3.75,6.5],"tintindex":0,"rotation":0,"texture":"#0"}}},{"from":[5.5,12.0,-2.0],"to":[10.5,13.0,17.0],"faces":{"east":{"uv":[5.125,6.625,7.5,6.75],"tintindex":0,"rotation":0,"texture":"#0"},"south":{"uv":[10.5,6.625,11.125,6.75],"tintindex":0,"rotation":0,"texture":"#0"},"north":{"uv":[7.5,6.625,8.125,6.75],"tintindex":0,"rotation":0,"texture":"#0"},"west":{"uv":[8.125,6.625,10.5,6.75],"tintindex":0,"rotation":0,"texture":"#0"},"up":{"uv":[8.125,6.625,7.5,4.25],"tintindex":0,"rotation":0,"texture":"#0"},"down":{"uv":[8.75,4.25,8.125,6.625],"tintindex":0,"rotation":0,"texture":"#0"}}},{"from":[1.5,3.0,-4.0],"to":[14.5,12.0,20.0],"faces":{"east":{"uv":[0.0,3.0,3.0,4.125],"tintindex":0,"rotation":0,"texture":"#0"},"south":{"uv":[7.625,3.0,9.25,4.125],"tintindex":0,"rotation":0,"texture":"#0"},"north":{"uv":[3.0,3.0,4.625,4.125],"tintindex":0,"rotation":0,"texture":"#0"},"west":{"uv":[4.625,3.0,7.625,4.125],"tintindex":0,"rotation":0,"texture":"#0"},"up":{"uv":[4.625,3.0,3.0,0.0],"tintindex":0,"rotation":0,"texture":"#0"},"down":{"uv":[6.25,0.0,4.625,3.0],"tintindex":0,"rotation":0,"texture":"#0"}}}],"display":{"gui":{"rotation":[30,225,0]}}}