{"textures":{"0":"modelengine:entity/alligator"},"elements":[{"from":[3.5,5.0,2.0],"to":[12.5,7.0,8.0],"faces":{"east":{"uv":[9.625,0.75,10.375,1.0],"tintindex":0,"rotation":0,"texture":"#0"},"south":{"uv":[12.25,0.75,13.375,1.0],"tintindex":0,"rotation":0,"texture":"#0"},"north":{"uv":[10.375,0.75,11.5,1.0],"tintindex":0,"rotation":0,"texture":"#0"},"west":{"uv":[11.5,0.75,12.25,1.0],"tintindex":0,"rotation":0,"texture":"#0"},"up":{"uv":[11.5,0.75,10.375,0.0],"tintindex":0,"rotation":0,"texture":"#0"},"down":{"uv":[12.625,0.0,11.5,0.75],"tintindex":0,"rotation":0,"texture":"#0"}}},{"from":[3.5,7.0,2.0],"to":[12.5,11.0,8.0],"faces":{"east":{"uv":[9.5,10.125,10.25,10.625],"tintindex":0,"rotation":0,"texture":"#0"},"south":{"uv":[12.125,10.125,13.25,10.625],"tintindex":0,"rotation":0,"texture":"#0"},"north":{"uv":[10.25,10.125,11.375,10.625],"tintindex":0,"rotation":0,"texture":"#0"},"west":{"uv":[11.375,10.125,12.125,10.625],"tintindex":0,"rotation":0,"texture":"#0"},"up":{"uv":[11.375,10.125,10.25,9.375],"tintindex":0,"rotation":0,"texture":"#0"},"down":{"uv":[12.5,9.375,11.375,10.125],"tintindex":0,"rotation":0,"texture":"#0"}}},{"from":[8.5,11.0,2.0],"to":[12.5,13.0,6.0],"faces":{"east":{"uv":[1.5,2.375,1.0,2.625],"tintindex":0,"rotation":0,"texture":"#0"},"south":{"uv":[2.0,2.375,1.5,2.625],"tintindex":0,"rotation":0,"texture":"#0"},"north":{"uv":[1.0,2.375,0.5,2.625],"tintindex":0,"rotation":0,"texture":"#0"},"west":{"uv":[0.5,2.375,0.0,2.625],"tintindex":0,"rotation":0,"texture":"#0"},"up":{"uv":[0.5,2.375,1.0,1.875],"tintindex":0,"rotation":0,"texture":"#0"},"down":{"uv":[1.0,1.875,1.5,2.375],"tintindex":0,"rotation":0,"texture":"#0"}}},{"from":[3.5,11.0,2.0],"to":[7.5,13.0,6.0],"faces":{"east":{"uv":[0.0,2.375,0.5,2.625],"tintindex":0,"rotation":0,"texture":"#0"},"south":{"uv":[1.5,2.375,2.0,2.625],"tintindex":0,"rotation":0,"texture":"#0"},"north":{"uv":[0.5,2.375,1.0,2.625],"tintindex":0,"rotation":0,"texture":"#0"},"west":{"uv":[1.0,2.375,1.5,2.625],"tintindex":0,"rotation":0,"texture":"#0"},"up":{"uv":[1.0,2.375,0.5,1.875],"tintindex":0,"rotation":0,"texture":"#0"},"down":{"uv":[1.5,1.875,1.0,2.375],"tintindex":0,"rotation":0,"texture":"#0"}}}],"display":{"gui":{"rotation":[30,225,0]}}}