{"textures":{"0":"modelengine:entity/alligator"},"elements":[{"from":[3.6,8.1,-0.9],"to":[12.4,9.9,7.9],"faces":{"east":{"uv":[8.75,4.125,9.875,4.375],"tintindex":0,"rotation":0,"texture":"#0"},"south":{"uv":[12.125,4.125,13.25,4.375],"tintindex":0,"rotation":0,"texture":"#0"},"north":{"uv":[9.875,4.125,11.0,4.375],"tintindex":0,"rotation":0,"texture":"#0"},"west":{"uv":[11.0,4.125,12.125,4.375],"tintindex":0,"rotation":0,"texture":"#0"},"up":{"uv":[11.0,4.125,9.875,3.0],"tintindex":0,"rotation":0,"texture":"#0"},"down":{"uv":[12.125,3.0,11.0,4.125],"tintindex":0,"rotation":0,"texture":"#0"}}},{"from":[3.5,6.0,-1.0],"to":[12.5,8.0,8.0],"faces":{"east":{"uv":[5.75,9.875,6.875,10.125],"tintindex":0,"rotation":0,"texture":"#0"},"south":{"uv":[9.125,9.875,10.25,10.125],"tintindex":0,"rotation":0,"texture":"#0"},"north":{"uv":[6.875,9.875,8.0,10.125],"tintindex":0,"rotation":0,"texture":"#0"},"west":{"uv":[8.0,9.875,9.125,10.125],"tintindex":0,"rotation":0,"texture":"#0"},"up":{"uv":[8.0,9.875,6.875,8.75],"tintindex":0,"rotation":0,"texture":"#0"},"down":{"uv":[9.125,8.75,8.0,9.875],"tintindex":0,"rotation":0,"texture":"#0"}}}],"display":{"gui":{"rotation":[30,225,0]}}}