{"textures":{"0":"modelengine:entity/alligator"},"elements":[{"from":[7.5,1.0,5.0],"to":[12.5,10.0,11.0],"faces":{"east":{"uv":[2.125,0.75,1.375,1.875],"tintindex":0,"rotation":0,"texture":"#0"},"south":{"uv":[2.75,0.75,2.125,1.875],"tintindex":0,"rotation":0,"texture":"#0"},"north":{"uv":[1.375,0.75,0.75,1.875],"tintindex":0,"rotation":0,"texture":"#0"},"west":{"uv":[0.75,0.75,0.0,1.875],"tintindex":0,"rotation":0,"texture":"#0"},"up":{"uv":[0.75,0.75,1.375,0.0],"tintindex":0,"rotation":0,"texture":"#0"},"down":{"uv":[1.375,0.0,2.0,0.75],"tintindex":0,"rotation":0,"texture":"#0"}}}],"display":{"gui":{"rotation":[30,225,0]}}}