{"textures":{"0":"modelengine:entity/alligator"},"elements":[{"from":[3.5,8.0,1.0],"to":[12.5,12.0,10.0],"faces":{"east":{"uv":[5.25,7.875,6.375,8.375],"tintindex":0,"rotation":0,"texture":"#0"},"south":{"uv":[8.625,7.875,9.75,8.375],"tintindex":0,"rotation":0,"texture":"#0"},"north":{"uv":[6.375,7.875,7.5,8.375],"tintindex":0,"rotation":0,"texture":"#0"},"west":{"uv":[7.5,7.875,8.625,8.375],"tintindex":0,"rotation":0,"texture":"#0"},"up":{"uv":[7.5,7.875,6.375,6.75],"tintindex":0,"rotation":0,"texture":"#0"},"down":{"uv":[8.625,6.75,7.5,7.875],"tintindex":0,"rotation":0,"texture":"#0"}}},{"from":[3.4,5.9,0.9],"to":[12.6,8.1,10.1],"faces":{"east":{"uv":[8.75,5.5,9.875,5.75],"tintindex":0,"rotation":0,"texture":"#0"},"south":{"uv":[12.125,5.5,13.25,5.75],"tintindex":0,"rotation":0,"texture":"#0"},"north":{"uv":[9.875,5.5,11.0,5.75],"tintindex":0,"rotation":0,"texture":"#0"},"west":{"uv":[11.0,5.5,12.125,5.75],"tintindex":0,"rotation":0,"texture":"#0"},"up":{"uv":[11.0,5.5,9.875,4.375],"tintindex":0,"rotation":0,"texture":"#0"},"down":{"uv":[12.125,4.375,11.0,5.5],"tintindex":0,"rotation":0,"texture":"#0"}}},{"from":[3.5,12.0,1.0],"to":[12.5,13.0,5.0],"faces":{"east":{"uv":[11.375,2.25,11.875,2.375],"tintindex":0,"rotation":0,"texture":"#0"},"south":{"uv":[13.5,2.25,14.625,2.375],"tintindex":0,"rotation":0,"texture":"#0"},"north":{"uv":[11.875,2.25,13.0,2.375],"tintindex":0,"rotation":0,"texture":"#0"},"west":{"uv":[13.0,2.25,13.5,2.375],"tintindex":0,"rotation":0,"texture":"#0"},"up":{"uv":[13.0,2.25,11.875,1.75],"tintindex":0,"rotation":0,"texture":"#0"},"down":{"uv":[14.125,1.75,13.0,2.25],"tintindex":0,"rotation":0,"texture":"#0"}}}],"display":{"gui":{"rotation":[30,225,0]}}}