{"textures":{"0":"modelengine:entity/alligator"},"elements":[{"from":[6.5,9.0,6.0],"to":[9.5,12.0,19.0],"faces":{"east":{"uv":[8.125,8.375,9.75,8.75],"tintindex":0,"rotation":0,"texture":"#0"},"south":{"uv":[11.75,8.375,12.125,8.75],"tintindex":0,"rotation":0,"texture":"#0"},"north":{"uv":[9.75,8.375,10.125,8.75],"tintindex":0,"rotation":0,"texture":"#0"},"west":{"uv":[10.125,8.375,11.75,8.75],"tintindex":0,"rotation":0,"texture":"#0"},"up":{"uv":[10.125,8.375,9.75,6.75],"tintindex":0,"rotation":0,"texture":"#0"},"down":{"uv":[10.5,6.75,10.125,8.375],"tintindex":0,"rotation":0,"texture":"#0"}}},{"from":[4.5,1.0,6.0],"to":[11.5,9.0,19.0],"faces":{"east":{"uv":[6.25,1.625,7.875,2.625],"tintindex":0,"rotation":0,"texture":"#0"},"south":{"uv":[10.375,1.625,11.25,2.625],"tintindex":0,"rotation":0,"texture":"#0"},"north":{"uv":[7.875,1.625,8.75,2.625],"tintindex":0,"rotation":0,"texture":"#0"},"west":{"uv":[8.75,1.625,10.375,2.625],"tintindex":0,"rotation":0,"texture":"#0"},"up":{"uv":[8.75,1.625,7.875,0.0],"tintindex":0,"rotation":0,"texture":"#0"},"down":{"uv":[9.625,0.0,8.75,1.625],"tintindex":0,"rotation":0,"texture":"#0"}}}],"display":{"gui":{"rotation":[30,225,0]}}}