{"textures":{"0":"modelengine:entity/alligator"},"elements":[{"from":[6.5,12.0,8.0],"to":[9.5,15.0,21.0],"faces":{"east":{"uv":[0.0,9.75,1.625,10.125],"tintindex":0,"rotation":0,"texture":"#0"},"south":{"uv":[3.625,9.75,4.0,10.125],"tintindex":0,"rotation":0,"texture":"#0"},"north":{"uv":[1.625,9.75,2.0,10.125],"tintindex":0,"rotation":0,"texture":"#0"},"west":{"uv":[2.0,9.75,3.625,10.125],"tintindex":0,"rotation":0,"texture":"#0"},"up":{"uv":[2.0,9.75,1.625,8.125],"tintindex":0,"rotation":0,"texture":"#0"},"down":{"uv":[2.375,8.125,2.0,9.75],"tintindex":0,"rotation":0,"texture":"#0"}}},{"from":[6.5,4.0,8.0],"to":[9.5,12.0,21.0],"faces":{"east":{"uv":[2.875,8.375,4.5,9.375],"tintindex":0,"rotation":0,"texture":"#0"},"south":{"uv":[6.5,8.375,6.875,9.375],"tintindex":0,"rotation":0,"texture":"#0"},"north":{"uv":[4.5,8.375,4.875,9.375],"tintindex":0,"rotation":0,"texture":"#0"},"west":{"uv":[4.875,8.375,6.5,9.375],"tintindex":0,"rotation":0,"texture":"#0"},"up":{"uv":[4.875,8.375,4.5,6.75],"tintindex":0,"rotation":0,"texture":"#0"},"down":{"uv":[5.25,6.75,4.875,8.375],"tintindex":0,"rotation":0,"texture":"#0"}}}],"display":{"gui":{"rotation":[30,225,0]}}}