{
  "spawners": {
    "water_ambient": [],
    "ambient": [
      {
        "type": "minecraft:bat",
        "weight": 10,
        "minCount": 8,
        "maxCount": 8
      }
    ],
    "misc": [],
    "water_creature": [],
    "creature": [
      {
        "type": "minecraft:bee",
        "weight": 1,
        "minCount": 1,
        "maxCount": 5
      },
      {
        "type": "minecraft:magma_cube",
        "weight": 20,
        "minCount": 4,
        "maxCount": 4
      },
      {
        "type": "minecraft:hoglin",
        "weight": 20,
        "minCount": 1,
        "maxCount": 3
      },
      {
        "type": "minecraft:strider",
        "weight": 60,
        "minCount": 1,
        "maxCount": 2
      }
    ],
    "monster": [
      {
        "type": "minecraft:phantom",
        "weight": 1,
        "minCount": 1,
        "maxCount": 1
      },
      {
        "type": "minecraft:creeper",
        "weight": 2,
        "minCount": 1,
        "maxCount": 1
      },
      {
        "type": "minecraft:zombie_villager",
        "weight": 55,
        "minCount": 4,
        "maxCount": 4
      },
      {
        "type": "minecraft:hoglin",
        "weight": 15,
        "minCount": 4,
        "maxCount": 4
      },
      {
        "type": "minecraft:magma_cube",
        "weight": 25,
        "minCount": 4,
        "maxCount": 4
      },
      {
        "type": "minecraft:wither_skeleton",
        "weight": 100,
        "minCount": 1,
        "maxCount": 4
      },
      {
        "type": "minecraft:enderman",
        "weight": 20,
        "minCount": 4,
        "maxCount": 4
      },
      {
        "type": "minecraft:skeleton",
        "weight": 40,
        "minCount": 1,
        "maxCount": 4
      }
    ]
  },
  "spawn_costs": {},
  "carvers": {
    "air": []
  },
  "features": [
    [],
    [
      "minecraft:fossil_upper",
      "minecraft:fossil_lower"
    ],
    [],
    [
      "minecraft:ore_coal_lower",
      "minecraft:ore_iron_upper",
      "minecraft:ore_iron_middle",
      "minecraft:ore_iron_small",
      "minecraft:ore_gold",
      "minecraft:ore_gold_lower",
      "minecraft:ore_redstone",
      "minecraft:ore_redstone_lower",
      "minecraft:ore_diamond",
      "minecraft:ore_diamond_large",
      "minecraft:ore_diamond_buried",
      "minecraft:ore_lapis",
      "minecraft:ore_emerald",
      "minecraft:ore_lapis_buried",
      "minecraft:ore_copper"
    ],
    [
      "divine_dimension:ethera/hi-blobs",
      "divine_dimension:ethera/hi-blobs2"
    ],
    [
      "divine_dimension:ethera/lava1"
    ],
    [
      "divine_dimension:ethera/redstone_blobs",
      "divine_dimension:ethera/gold_blobs",
      "divine_dimension:ethera/lapis_ore"
    ],
    [
      "divine_dimension:ethera/iron_blobs"
    ],
    [],
    [
      "minecraft:brown_mushroom_swamp",
      "minecraft:red_mushroom_swamp",
      "minecraft:brown_mushroom_normal",
      "minecraft:red_mushroom_normal",
      "divine_dimension:ethera/hi-tree",
      "minecraft:brown_mushroom_old_growth",
      "minecraft:red_mushroom_old_growth"
    ],
    [
      "minecraft:freeze_top_layer"
    ]
  ],
  "temperature": 0.95,
  "downfall": 0.1,
  "effects": {
    "fog_color": 11085341,
    "water_color": 6574669,
    "water_fog_color": 4664100,
    "grass_color": 16777215,
    "sky_color": 1835008,
    "mood_sound": {
      "sound": "minecraft:ambient.cave",
      "tick_delay": 6000,
      "block_search_extent": 8,
      "offset": 2
    }
  },
  "precipitation": "none"
}
