{
  "spawners": {
    "water_ambient": [],
    "ambient": [
      {
        "type": "minecraft:bat",
        "weight": 10,
        "minCount": 8,
        "maxCount": 8
      }
    ],
    "misc": [],
    "water_creature": [],
    "creature": [
      {
        "type": "minecraft:bee",
        "weight": 15,
        "minCount": 1,
        "maxCount": 5
      },
      {
        "type": "minecraft:sheep",
        "weight": 12,
        "minCount": 4,
        "maxCount": 4
      },
      {
        "type": "minecraft:chicken",
        "weight": 12,
        "minCount": 4,
        "maxCount": 4
      },
      {
        "type": "minecraft:horse",
        "weight": 5,
        "minCount": 2,
        "maxCount": 6
      },
      {
        "type": "minecraft:wolf",
        "weight": 5,
        "minCount": 4,
        "maxCount": 4
      }
    ],
    "monster": [
      {
        "type": "minecraft:phantom",
        "weight": 3,
        "minCount": 1,
        "maxCount": 1
      },
      {
        "type": "minecraft:creeper",
        "weight": 8,
        "minCount": 1,
        "maxCount": 1
      },
      {
        "type": "minecraft:zombie_villager",
        "weight": 65,
        "minCount": 3,
        "maxCount": 3
      },
      {
        "type": "minecraft:spider",
        "weight": 100,
        "minCount": 4,
        "maxCount": 4
      },
      {
        "type": "minecraft:zombie",
        "weight": 75,
        "minCount": 4,
        "maxCount": 4
      },
      {
        "type": "minecraft:skeleton",
        "weight": 100,
        "minCount": 4,
        "maxCount": 4
      },
      {
        "type": "minecraft:enderman",
        "weight": 10,
        "minCount": 1,
        "maxCount": 4
      },
      {
        "type": "minecraft:witch",
        "weight": 5,
        "minCount": 1,
        "maxCount": 1
      }
    ]
  },
  "spawn_costs": {
    "minecraft:pillager": {
      "energy_budget": 0.12,
      "charge": 1
    }
  },
  "carvers": {
    "air": []
  },
  "features": [
    [
      "minecraft:ore_coal_lower",
      "minecraft:ore_iron_upper",
      "minecraft:ore_iron_middle",
      "minecraft:ore_iron_small",
      "minecraft:ore_gold",
      "minecraft:ore_gold_lower",
      "minecraft:ore_redstone",
      "minecraft:ore_redstone_lower",
      "minecraft:ore_diamond",
      "minecraft:ore_diamond_large",
      "minecraft:ore_diamond_buried",
      "minecraft:ore_lapis",
      "minecraft:ore_emerald",
      "minecraft:ore_lapis_buried",
      "minecraft:ore_copper"
    ],
    [
      "minecraft:patch_sugar_cane_desert",
      "minecraft:patch_sugar_cane"
    ],
    [
      "minecraft:ore_gravel"
    ],
    [
      "divine_dimension:ethera/redstone_blobs",
      "divine_dimension:ethera/gold_blobs",
      "divine_dimension:ethera/lapis_ore"
    ],
    [
      "divine_dimension:ethera/ame_dec"
    ],
    [
      "divine_dimension:ethera/iron_blobs"
    ],
    [],
    [],
    [
      "divine_dimension:ethera/water2"
    ],
    [
      "minecraft:flower_swamp",
      "minecraft:patch_grass_normal",
      "minecraft:patch_dead_bush",
      "minecraft:patch_waterlily",
      "minecraft:brown_mushroom_swamp",
      "minecraft:red_mushroom_swamp",
      "minecraft:brown_mushroom_normal",
      "minecraft:red_mushroom_normal",
      "minecraft:patch_sugar_cane_swamp",
      "minecraft:patch_melon",
      "minecraft:spring_water",
      "minecraft:seagrass_swamp",
      "minecraft:patch_large_fern",
      "minecraft:brown_mushroom_old_growth",
      "minecraft:red_mushroom_old_growth",
      "minecraft:vines",
      "minecraft:sea_pickle",
      "minecraft:trees_windswept_forest",
      "divine_dimension:ethera/sk-tree2"
    ],
    [
      "minecraft:freeze_top_layer"
    ]
  ],
  "temperature": 0.95,
  "downfall": 0.1,
  "effects": {
    "fog_color": 10674402,
    "water_color": 10673078,
    "water_fog_color": 7452854,
    "grass_color": 7452789,
    "sky_color": 12706018,
    "foliage_color": 7452789,
    "mood_sound": {
      "sound": "minecraft:ambient.cave",
      "tick_delay": 6000,
      "block_search_extent": 8,
      "offset": 2
    }
  },
  "precipitation": "rain"
}
