{"stats":{"minecraft:custom":{"minecraft:jump":41,"minecraft:time_since_rest":145,"minecraft:leave_game":1,"minecraft:damage_dealt":416,"minecraft:walk_on_water_one_cm":300,"minecraft:sprint_one_cm":2725,"minecraft:deaths":2,"minecraft:play_time":5459,"minecraft:damage_taken":500,"minecraft:time_since_death":0,"minecraft:walk_one_cm":9525,"minecraft:sneak_time":11,"minecraft:total_world_time":5459,"minecraft:walk_under_water_one_cm":4243,"minecraft:fall_one_cm":1651,"minecraft:fly_one_cm":1998,"minecraft:player_kills":2},"minecraft:killed_by":{"minecraft:spider":1}},"DataVersion":3700}