{"stats":{"minecraft:custom":{"minecraft:time_since_rest":1880,"minecraft:crouch_one_cm":84,"minecraft:damage_taken":2439,"minecraft:play_time":47957,"minecraft:sprint_one_cm":57460,"minecraft:walk_one_cm":54032,"minecraft:deaths":6,"minecraft:sneak_time":605,"minecraft:walk_under_water_one_cm":6849,"minecraft:jump":546,"minecraft:damage_dealt":145,"minecraft:leave_game":11,"minecraft:walk_on_water_one_cm":12697,"minecraft:time_since_death":1821,"minecraft:climb_one_cm":1278,"minecraft:total_world_time":47957,"minecraft:swim_one_cm":25736,"minecraft:fall_one_cm":25117,"minecraft:fly_one_cm":120010},"minecraft:picked_up":{"minecraft:big_dripleaf":7,"minecraft:porkchop":2,"minecraft:azalea":2,"minecraft:dirt":1},"minecraft:mined":{"minecraft:short_grass":3,"minecraft:grass_block":1,"minecraft:cave_vines":2,"minecraft:azalea":2,"minecraft:big_dripleaf":1,"minecraft:big_dripleaf_stem":2},"minecraft:killed_by":{"minecraft:zombie":1},"minecraft:used":{"minecraft:big_dripleaf":7,"minecraft:azalea":17,"minecraft:dirt":1}},"DataVersion":3700}