{"stats":{"minecraft:custom":{"minecraft:time_since_rest":10598,"minecraft:crouch_one_cm":524,"minecraft:walk_one_cm":15513,"minecraft:sprint_one_cm":10765,"minecraft:play_time":26164,"minecraft:damage_taken":1000,"minecraft:deaths":1,"minecraft:sneak_time":436,"minecraft:mob_kills":5,"minecraft:jump":102,"minecraft:damage_dealt":1380,"minecraft:leave_game":2,"minecraft:time_since_death":10578,"minecraft:total_world_time":26164,"minecraft:climb_one_cm":160,"minecraft:swim_one_cm":1720,"minecraft:fall_one_cm":2678,"minecraft:fly_one_cm":251184},"minecraft:picked_up":{"minecraft:iron_ingot":4,"minecraft:porkchop":3,"minecraft:poppy":1,"minecraft:moss_carpet":1},"minecraft:killed":{"minecraft:iron_golem":1,"minecraft:wolf":2,"minecraft:pig":2},"minecraft:used":{"minecraft:porkchop":2,"minecraft:netherite_axe":8}},"DataVersion":3700}