{"stats":{"minecraft:killed":{"minecraft:wolf":9,"minecraft:pig":1,"minecraft:panda":1,"minecraft:rabbit":1,"minecraft:polar_bear":3},"minecraft:custom":{"minecraft:time_since_rest":45430,"minecraft:sprint_one_cm":78152,"minecraft:damage_absorbed":1288,"minecraft:damage_taken":10099,"minecraft:walk_one_cm":194414,"minecraft:mob_kills":16,"minecraft:damage_dealt":2792,"minecraft:swim_one_cm":116245,"minecraft:fly_one_cm":171381,"minecraft:crouch_one_cm":491,"minecraft:play_time":109553,"minecraft:deaths":11,"minecraft:sneak_time":1022,"minecraft:walk_under_water_one_cm":19102,"minecraft:jump":1136,"minecraft:leave_game":20,"minecraft:walk_on_water_one_cm":60976,"minecraft:time_since_death":45384,"minecraft:climb_one_cm":2099,"minecraft:total_world_time":109553,"minecraft:damage_resisted":580,"minecraft:fall_one_cm":33987},"minecraft:mined":{"minecraft:big_dripleaf_stem":2,"minecraft:clay":2,"minecraft:cave_vines_plant":1,"minecraft:short_grass":11,"minecraft:grass_block":1,"minecraft:cave_vines":3,"minecraft:azalea":4,"minecraft:moss_block":2,"minecraft:big_dripleaf":4},"minecraft:used":{"minecraft:big_dripleaf":7,"minecraft:azalea":19,"minecraft:netherite_sword":2,"minecraft:glow_berries":1,"minecraft:dirt":1,"minecraft:cobblestone":3,"minecraft:porkchop":2,"minecraft:cod":1,"minecraft:enchanted_golden_apple":18},"minecraft:picked_up":{"minecraft:clay_ball":8,"minecraft:salmon":2,"minecraft:big_dripleaf":7,"minecraft:porkchop":4,"minecraft:cornflower":1,"minecraft:string":1,"minecraft:dirt":1,"minecraft:moss_carpet":5,"minecraft:tropical_fish":6,"minecraft:rabbit_hide":1,"minecraft:azalea":4,"minecraft:bamboo":1,"minecraft:rabbit":2,"minecraft:glow_berries":1,"minecraft:mutton":1,"minecraft:cod":1,"minecraft:cobblestone":3},"minecraft:killed_by":{"minecraft:iron_golem":1,"minecraft:wolf":2,"minecraft:spider":1,"minecraft:zombie":1}},"DataVersion":3700}