{"stats":{"minecraft:custom":{"minecraft:jump":82,"minecraft:time_since_rest":4716,"minecraft:deaths":1,"minecraft:damage_dealt":1020,"minecraft:crouch_one_cm":103,"minecraft:play_time":20282,"minecraft:leave_game":1,"minecraft:sprint_one_cm":8750,"minecraft:damage_taken":1000,"minecraft:time_since_death":4696,"minecraft:walk_one_cm":10528,"minecraft:sneak_time":335,"minecraft:climb_one_cm":160,"minecraft:total_world_time":20282,"minecraft:mob_kills":1,"minecraft:swim_one_cm":1720,"minecraft:fall_one_cm":2678,"minecraft:fly_one_cm":217421},"minecraft:picked_up":{"minecraft:iron_ingot":4,"minecraft:poppy":1,"minecraft:moss_carpet":1},"minecraft:killed":{"minecraft:iron_golem":1},"minecraft:used":{"minecraft:netherite_axe":4}},"DataVersion":3700}