{"stats":{"minecraft:custom":{"minecraft:time_since_rest":32129,"minecraft:damage_taken":1289,"minecraft:play_time":40474,"minecraft:sprint_one_cm":47744,"minecraft:walk_one_cm":45371,"minecraft:deaths":5,"minecraft:sneak_time":248,"minecraft:walk_under_water_one_cm":3224,"minecraft:jump":460,"minecraft:damage_dealt":54,"minecraft:leave_game":10,"minecraft:walk_on_water_one_cm":8606,"minecraft:time_since_death":32080,"minecraft:climb_one_cm":680,"minecraft:total_world_time":40474,"minecraft:swim_one_cm":9567,"minecraft:fall_one_cm":20250,"minecraft:fly_one_cm":95871},"minecraft:picked_up":{"minecraft:big_dripleaf":7,"minecraft:porkchop":2,"minecraft:azalea":1,"minecraft:dirt":1},"minecraft:mined":{"minecraft:short_grass":3,"minecraft:grass_block":1,"minecraft:cave_vines":2,"minecraft:azalea":1,"minecraft:big_dripleaf":1,"minecraft:big_dripleaf_stem":2},"minecraft:killed_by":{"minecraft:zombie":1},"minecraft:used":{"minecraft:big_dripleaf":7,"minecraft:azalea":16,"minecraft:dirt":1}},"DataVersion":3700}