{"stats":{"minecraft:mined":{"minecraft:short_grass":7,"minecraft:grass_block":1,"minecraft:cave_vines":2,"minecraft:azalea":2,"minecraft:moss_block":2,"minecraft:big_dripleaf_stem":2,"minecraft:clay":1,"minecraft:big_dripleaf":4},"minecraft:custom":{"minecraft:time_since_rest":383,"minecraft:damage_taken":7343,"minecraft:crouch_one_cm":84,"minecraft:sprint_one_cm":66493,"minecraft:play_time":61621,"minecraft:walk_one_cm":75888,"minecraft:deaths":10,"minecraft:sneak_time":606,"minecraft:walk_under_water_one_cm":9512,"minecraft:mob_kills":2,"minecraft:jump":725,"minecraft:damage_dealt":336,"minecraft:leave_game":14,"minecraft:walk_on_water_one_cm":26647,"minecraft:time_since_death":322,"minecraft:total_world_time":61621,"minecraft:climb_one_cm":1845,"minecraft:swim_one_cm":84981,"minecraft:fall_one_cm":29049,"minecraft:fly_one_cm":137426},"minecraft:killed_by":{"minecraft:spider":1,"minecraft:zombie":1,"minecraft:wolf":2},"minecraft:used":{"minecraft:big_dripleaf":7,"minecraft:azalea":17,"minecraft:dirt":1},"minecraft:picked_up":{"minecraft:clay_ball":4,"minecraft:big_dripleaf":7,"minecraft:tropical_fish":2,"minecraft:porkchop":2,"minecraft:azalea":2,"minecraft:dirt":1},"minecraft:killed":{"minecraft:wolf":2}},"DataVersion":3700}