{"stats":{"minecraft:custom":{"minecraft:time_since_rest":56477,"minecraft:sprint_one_cm":67247,"minecraft:damage_taken":2747,"minecraft:walk_one_cm":93816,"minecraft:mob_kills":7,"minecraft:damage_dealt":2784,"minecraft:swim_one_cm":12199,"minecraft:fly_one_cm":1510730,"minecraft:open_barrel":12,"minecraft:open_chest":4,"minecraft:crouch_one_cm":928,"minecraft:play_time":120255,"minecraft:deaths":10,"minecraft:sneak_time":6088,"minecraft:walk_under_water_one_cm":24491,"minecraft:jump":914,"minecraft:leave_game":16,"minecraft:walk_on_water_one_cm":28999,"minecraft:time_since_death":56444,"minecraft:climb_one_cm":1029,"minecraft:total_world_time":120255,"minecraft:fall_one_cm":22198},"minecraft:killed_by":{"minecraft:player":2,"minecraft:drowned":1,"minecraft:stray":1,"minecraft:polar_bear":3,"minecraft:zombie":1,"minecraft:enderman":1},"minecraft:mined":{"minecraft:dandelion":1,"minecraft:short_grass":4,"minecraft:pointed_dripstone":1,"minecraft:grass_block":1,"minecraft:rose_bush":1},"minecraft:used":{"minecraft:netherite_block":3,"minecraft:netherite_axe":5,"minecraft:netherite_leggings":1,"minecraft:cod":2,"minecraft:bone_meal":53},"minecraft:picked_up":{"minecraft:stick":1,"minecraft:feather":5,"minecraft:salmon":1,"minecraft:dandelion":2,"minecraft:stone_button":1,"minecraft:pointed_dripstone":2,"minecraft:carrot":1,"minecraft:gunpowder":2,"minecraft:dirt":12,"minecraft:bone":1,"minecraft:peony":1,"minecraft:wheat_seeds":1,"minecraft:bone_meal":1,"minecraft:bread":1,"minecraft:light_gray_wool":1,"minecraft:sugar_cane":2,"minecraft:mutton":2,"minecraft:oak_planks":1,"minecraft:cod":2,"minecraft:snowball":16,"minecraft:sunflower":31,"minecraft:egg":2},"minecraft:killed":{"minecraft:wolf":1,"minecraft:zombie":1,"minecraft:wither_skeleton":1,"minecraft:creeper":2,"minecraft:polar_bear":2}},"DataVersion":3700}