{"stats":{"minecraft:used":{"minecraft:netherite_sword":42,"minecraft:ender_eye":16,"minecraft:stripped_birch_log":1,"minecraft:horse_spawn_egg":1,"minecraft:torch":2,"minecraft:cobblestone":89,"minecraft:porkchop":2,"minecraft:glass_pane":1,"minecraft:splash_potion":5},"minecraft:custom":{"minecraft:time_since_rest":1010,"minecraft:sprint_one_cm":71548,"minecraft:damage_taken":13755,"minecraft:walk_one_cm":88015,"minecraft:mob_kills":15,"minecraft:damage_dealt":4114,"minecraft:swim_one_cm":94816,"minecraft:fly_one_cm":443421,"minecraft:open_chest":7,"minecraft:crouch_one_cm":1031,"minecraft:play_time":112590,"minecraft:deaths":11,"minecraft:sneak_time":2705,"minecraft:walk_under_water_one_cm":4538,"minecraft:jump":542,"minecraft:leave_game":12,"minecraft:walk_on_water_one_cm":6460,"minecraft:time_since_death":961,"minecraft:climb_one_cm":777,"minecraft:total_world_time":112590,"minecraft:fall_one_cm":24506,"minecraft:horse_one_cm":9962},"minecraft:killed_by":{"minecraft:ravager":1,"minecraft:wolf":2,"minecraft:polar_bear":1,"minecraft:zombie":2},"minecraft:picked_up":{"minecraft:shelter_pottery_sherd":1,"minecraft:lilac":2,"minecraft:chicken":1,"minecraft:salmon":2,"minecraft:leather":2,"minecraft:porkchop":4,"minecraft:brick":3,"minecraft:netherite_sword":1,"minecraft:rabbit_hide":2,"minecraft:iron_ingot":4,"minecraft:saddle":3,"minecraft:pink_tulip":2,"minecraft:ender_eye":1,"minecraft:rabbit":2},"minecraft:mined":{"minecraft:large_fern":1,"minecraft:flowering_azalea":1,"minecraft:lilac":3,"minecraft:cave_vines_plant":1,"minecraft:short_grass":3,"minecraft:cave_vines":1,"minecraft:decorated_pot":1,"minecraft:pink_tulip":2,"minecraft:tall_grass":1},"minecraft:killed":{"minecraft:horse":1,"minecraft:wolf":7,"minecraft:pig":1,"minecraft:chicken":1,"minecraft:iron_golem":1,"minecraft:rabbit":1,"minecraft:ravager":1,"minecraft:villager":1,"minecraft:polar_bear":1}},"DataVersion":3700}