{"stats":{"minecraft:used":{"minecraft:torch":2,"minecraft:netherite_sword":17,"minecraft:cobblestone":89,"minecraft:stripped_birch_log":1,"minecraft:glass_pane":1},"minecraft:custom":{"minecraft:time_since_rest":17684,"minecraft:open_chest":6,"minecraft:crouch_one_cm":53,"minecraft:walk_one_cm":9518,"minecraft:play_time":17684,"minecraft:sprint_one_cm":22527,"minecraft:damage_taken":30,"minecraft:sneak_time":749,"minecraft:walk_under_water_one_cm":884,"minecraft:mob_kills":1,"minecraft:jump":55,"minecraft:damage_dealt":788,"minecraft:time_since_death":17684,"minecraft:walk_on_water_one_cm":1007,"minecraft:total_world_time":17684,"minecraft:climb_one_cm":19,"minecraft:fall_one_cm":2620,"minecraft:fly_one_cm":129946},"minecraft:killed":{"minecraft:iron_golem":1},"minecraft:picked_up":{"minecraft:iron_ingot":4}},"DataVersion":3700}