{"stats":{"minecraft:killed":{"minecraft:iron_golem":1,"minecraft:horse":1},"minecraft:used":{"minecraft:netherite_sword":19,"minecraft:ender_eye":16,"minecraft:torch":2,"minecraft:cobblestone":89,"minecraft:stripped_birch_log":1,"minecraft:glass_pane":1,"minecraft:horse_spawn_egg":1},"minecraft:picked_up":{"minecraft:leather":2,"minecraft:iron_ingot":4,"minecraft:ender_eye":1,"minecraft:saddle":1},"minecraft:custom":{"minecraft:time_since_rest":39713,"minecraft:open_chest":7,"minecraft:crouch_one_cm":132,"minecraft:play_time":39713,"minecraft:sprint_one_cm":25820,"minecraft:damage_taken":110,"minecraft:walk_one_cm":17601,"minecraft:sneak_time":2128,"minecraft:walk_under_water_one_cm":1568,"minecraft:mob_kills":2,"minecraft:jump":88,"minecraft:damage_dealt":1028,"minecraft:leave_game":2,"minecraft:walk_on_water_one_cm":1007,"minecraft:time_since_death":39713,"minecraft:climb_one_cm":19,"minecraft:total_world_time":39713,"minecraft:fall_one_cm":3701,"minecraft:fly_one_cm":295173,"minecraft:horse_one_cm":9962}},"DataVersion":3700}