{"stats":{"minecraft:mined":{"minecraft:lilac":1,"minecraft:grass_block":1,"minecraft:vine":2},"minecraft:custom":{"minecraft:time_since_rest":18453,"minecraft:damage_absorbed":400,"minecraft:sprint_one_cm":56896,"minecraft:damage_taken":3603,"minecraft:walk_one_cm":42472,"minecraft:drop":1,"minecraft:damage_dealt":110,"minecraft:swim_one_cm":177413,"minecraft:fly_one_cm":474109,"minecraft:open_barrel":4,"minecraft:open_chest":13,"minecraft:crouch_one_cm":584,"minecraft:play_time":105950,"minecraft:deaths":8,"minecraft:sneak_time":2559,"minecraft:walk_under_water_one_cm":131539,"minecraft:boat_one_cm":26035,"minecraft:jump":484,"minecraft:leave_game":11,"minecraft:walk_on_water_one_cm":37611,"minecraft:time_since_death":18428,"minecraft:climb_one_cm":32,"minecraft:total_world_time":105950,"minecraft:damage_resisted":218,"minecraft:fall_one_cm":34918,"minecraft:horse_one_cm":429765},"minecraft:dropped":{"minecraft:chiseled_bookshelf":1},"minecraft:picked_up":{"minecraft:lilac":1,"minecraft:chiseled_bookshelf":1,"minecraft:skeleton_horse_spawn_egg":1,"minecraft:cut_sandstone":16,"minecraft:sand":2,"minecraft:gunpowder":5,"minecraft:dirt":1,"minecraft:stone_pressure_plate":1,"minecraft:bone":12,"minecraft:rotten_flesh":8,"minecraft:kelp":3,"minecraft:wheat_seeds":2,"minecraft:saddle":1,"minecraft:horse_spawn_egg":1,"minecraft:emerald":3,"minecraft:rabbit":1,"minecraft:chest":3},"minecraft:used":{"minecraft:wandering_trader_spawn_egg":1,"minecraft:ender_eye":1,"minecraft:birch_boat":2,"minecraft:lilac":1,"minecraft:totem_of_undying":1,"minecraft:horse_spawn_egg":2,"minecraft:dirt":1,"minecraft:potion":2,"minecraft:goat_horn":5,"minecraft:end_portal_frame":16,"minecraft:oak_boat":2,"minecraft:skeleton_horse_spawn_egg":1,"minecraft:enchanted_golden_apple":2},"minecraft:killed_by":{"minecraft:husk":2,"minecraft:drowned":2,"minecraft:guardian":1}},"DataVersion":3700}