{"stats":{"minecraft:custom":{"minecraft:time_since_rest":32865,"minecraft:sprint_one_cm":62812,"minecraft:damage_taken":2747,"minecraft:walk_one_cm":75391,"minecraft:mob_kills":4,"minecraft:damage_dealt":1805,"minecraft:swim_one_cm":12199,"minecraft:fly_one_cm":1376209,"minecraft:open_barrel":11,"minecraft:open_chest":4,"minecraft:crouch_one_cm":928,"minecraft:play_time":96643,"minecraft:deaths":10,"minecraft:sneak_time":5202,"minecraft:walk_under_water_one_cm":24491,"minecraft:jump":761,"minecraft:leave_game":7,"minecraft:walk_on_water_one_cm":28999,"minecraft:time_since_death":32832,"minecraft:climb_one_cm":1029,"minecraft:total_world_time":96643,"minecraft:fall_one_cm":22198},"minecraft:killed_by":{"minecraft:player":2,"minecraft:drowned":1,"minecraft:stray":1,"minecraft:polar_bear":3,"minecraft:zombie":1,"minecraft:enderman":1},"minecraft:mined":{"minecraft:dandelion":1,"minecraft:short_grass":4,"minecraft:pointed_dripstone":1,"minecraft:grass_block":1,"minecraft:rose_bush":1},"minecraft:used":{"minecraft:netherite_block":3,"minecraft:netherite_axe":5,"minecraft:netherite_leggings":1,"minecraft:cod":2,"minecraft:bone_meal":40},"minecraft:picked_up":{"minecraft:stick":1,"minecraft:feather":5,"minecraft:salmon":1,"minecraft:dandelion":1,"minecraft:pointed_dripstone":2,"minecraft:carrot":1,"minecraft:dirt":12,"minecraft:bone":1,"minecraft:wheat_seeds":1,"minecraft:bone_meal":1,"minecraft:bread":1,"minecraft:light_gray_wool":1,"minecraft:sugar_cane":2,"minecraft:mutton":2,"minecraft:oak_planks":1,"minecraft:cod":2,"minecraft:snowball":16,"minecraft:sunflower":31},"minecraft:killed":{"minecraft:zombie":1,"minecraft:wither_skeleton":1,"minecraft:polar_bear":2}},"DataVersion":3700}