{"stats":{"minecraft:used":{"minecraft:netherite_sword":42,"minecraft:ender_eye":16,"minecraft:stripped_birch_log":1,"minecraft:horse_spawn_egg":1,"minecraft:torch":2,"minecraft:cobblestone":89,"minecraft:porkchop":2,"minecraft:glass_pane":1,"minecraft:splash_potion":5},"minecraft:custom":{"minecraft:time_since_rest":142,"minecraft:sprint_one_cm":70682,"minecraft:damage_taken":12505,"minecraft:walk_one_cm":83948,"minecraft:mob_kills":15,"minecraft:damage_dealt":4036,"minecraft:swim_one_cm":87626,"minecraft:fly_one_cm":441421,"minecraft:open_chest":7,"minecraft:crouch_one_cm":1031,"minecraft:play_time":108341,"minecraft:deaths":10,"minecraft:sneak_time":2705,"minecraft:walk_under_water_one_cm":2606,"minecraft:jump":524,"minecraft:leave_game":11,"minecraft:walk_on_water_one_cm":5345,"minecraft:time_since_death":0,"minecraft:climb_one_cm":771,"minecraft:total_world_time":108341,"minecraft:fall_one_cm":24231,"minecraft:horse_one_cm":9962},"minecraft:killed_by":{"minecraft:ravager":1,"minecraft:wolf":1,"minecraft:polar_bear":1,"minecraft:zombie":2},"minecraft:picked_up":{"minecraft:shelter_pottery_sherd":1,"minecraft:lilac":1,"minecraft:chicken":1,"minecraft:salmon":2,"minecraft:leather":2,"minecraft:porkchop":4,"minecraft:brick":3,"minecraft:netherite_sword":1,"minecraft:rabbit_hide":2,"minecraft:iron_ingot":4,"minecraft:saddle":3,"minecraft:pink_tulip":2,"minecraft:ender_eye":1,"minecraft:rabbit":2},"minecraft:mined":{"minecraft:large_fern":1,"minecraft:flowering_azalea":1,"minecraft:lilac":2,"minecraft:cave_vines_plant":1,"minecraft:short_grass":3,"minecraft:cave_vines":1,"minecraft:decorated_pot":1,"minecraft:tall_grass":1,"minecraft:pink_tulip":2},"minecraft:killed":{"minecraft:horse":1,"minecraft:wolf":7,"minecraft:pig":1,"minecraft:chicken":1,"minecraft:iron_golem":1,"minecraft:rabbit":1,"minecraft:ravager":1,"minecraft:villager":1,"minecraft:polar_bear":1}},"DataVersion":3700}