{"stats":{"minecraft:used":{"minecraft:netherite_sword":42,"minecraft:ender_eye":16,"minecraft:stripped_birch_log":1,"minecraft:horse_spawn_egg":1,"minecraft:torch":2,"minecraft:cobblestone":89,"minecraft:porkchop":2,"minecraft:glass_pane":1},"minecraft:custom":{"minecraft:time_since_rest":21056,"minecraft:sprint_one_cm":68492,"minecraft:damage_taken":8810,"minecraft:walk_one_cm":76467,"minecraft:mob_kills":15,"minecraft:damage_dealt":3680,"minecraft:swim_one_cm":72642,"minecraft:fly_one_cm":421276,"minecraft:open_chest":7,"minecraft:crouch_one_cm":1019,"minecraft:play_time":100228,"minecraft:deaths":7,"minecraft:sneak_time":2679,"minecraft:walk_under_water_one_cm":1568,"minecraft:jump":456,"minecraft:leave_game":10,"minecraft:walk_on_water_one_cm":1236,"minecraft:time_since_death":17763,"minecraft:climb_one_cm":771,"minecraft:total_world_time":100228,"minecraft:fall_one_cm":20522,"minecraft:horse_one_cm":9962},"minecraft:killed_by":{"minecraft:wolf":1,"minecraft:polar_bear":1,"minecraft:zombie":1},"minecraft:picked_up":{"minecraft:shelter_pottery_sherd":1,"minecraft:lilac":1,"minecraft:chicken":1,"minecraft:salmon":2,"minecraft:leather":2,"minecraft:porkchop":4,"minecraft:brick":3,"minecraft:netherite_sword":1,"minecraft:rabbit_hide":2,"minecraft:iron_ingot":4,"minecraft:saddle":3,"minecraft:pink_tulip":2,"minecraft:ender_eye":1,"minecraft:rabbit":2},"minecraft:mined":{"minecraft:large_fern":1,"minecraft:flowering_azalea":1,"minecraft:lilac":2,"minecraft:cave_vines_plant":1,"minecraft:short_grass":2,"minecraft:cave_vines":1,"minecraft:decorated_pot":1,"minecraft:pink_tulip":2},"minecraft:killed":{"minecraft:horse":1,"minecraft:wolf":7,"minecraft:pig":1,"minecraft:chicken":1,"minecraft:iron_golem":1,"minecraft:rabbit":1,"minecraft:ravager":1,"minecraft:villager":1,"minecraft:polar_bear":1}},"DataVersion":3700}