{"stats":{"minecraft:killed_by":{"minecraft:stray":1,"minecraft:polar_bear":1,"minecraft:zombie":1,"minecraft:player":2,"minecraft:enderman":1},"minecraft:custom":{"minecraft:open_barrel":2,"minecraft:open_chest":4,"minecraft:time_since_rest":40501,"minecraft:crouch_one_cm":451,"minecraft:play_time":53610,"minecraft:sprint_one_cm":29593,"minecraft:deaths":7,"minecraft:damage_taken":1842,"minecraft:walk_one_cm":31384,"minecraft:sneak_time":3478,"minecraft:walk_under_water_one_cm":18577,"minecraft:mob_kills":2,"minecraft:jump":354,"minecraft:damage_dealt":638,"minecraft:leave_game":2,"minecraft:walk_on_water_one_cm":27155,"minecraft:time_since_death":40060,"minecraft:climb_one_cm":220,"minecraft:total_world_time":53610,"minecraft:swim_one_cm":8113,"minecraft:fall_one_cm":8705,"minecraft:fly_one_cm":933840},"minecraft:killed":{"minecraft:zombie":1,"minecraft:polar_bear":1},"minecraft:mined":{"minecraft:grass_block":1},"minecraft:picked_up":{"minecraft:stick":1,"minecraft:feather":5,"minecraft:salmon":1,"minecraft:wheat_seeds":1,"minecraft:bread":1,"minecraft:carrot":1,"minecraft:oak_planks":1,"minecraft:dirt":12,"minecraft:snowball":16}},"DataVersion":3700}