{"stats":{"minecraft:used":{"minecraft:netherite_sword":24,"minecraft:ender_eye":16,"minecraft:torch":2,"minecraft:cobblestone":89,"minecraft:stripped_birch_log":1,"minecraft:glass_pane":1,"minecraft:horse_spawn_egg":1},"minecraft:custom":{"minecraft:time_since_rest":47818,"minecraft:open_chest":7,"minecraft:crouch_one_cm":375,"minecraft:play_time":47818,"minecraft:sprint_one_cm":35607,"minecraft:damage_taken":170,"minecraft:walk_one_cm":30675,"minecraft:sneak_time":2285,"minecraft:walk_under_water_one_cm":1568,"minecraft:mob_kills":6,"minecraft:jump":120,"minecraft:damage_dealt":1363,"minecraft:leave_game":5,"minecraft:walk_on_water_one_cm":1007,"minecraft:time_since_death":47818,"minecraft:climb_one_cm":19,"minecraft:total_world_time":47818,"minecraft:fall_one_cm":4559,"minecraft:fly_one_cm":331566,"minecraft:horse_one_cm":9962},"minecraft:picked_up":{"minecraft:chicken":1,"minecraft:leather":2,"minecraft:iron_ingot":4,"minecraft:ender_eye":1,"minecraft:saddle":1},"minecraft:killed":{"minecraft:iron_golem":1,"minecraft:horse":1,"minecraft:wolf":3,"minecraft:chicken":1}},"DataVersion":3700}