{"stats":{"minecraft:used":{"minecraft:stone":1},"minecraft:custom":{"minecraft:jump":22,"minecraft:time_since_rest":7091,"minecraft:damage_dealt":45,"minecraft:leave_game":1,"minecraft:deaths":1,"minecraft:sprint_one_cm":2163,"minecraft:play_time":7458,"minecraft:damage_taken":240,"minecraft:time_since_death":6944,"minecraft:walk_one_cm":1754,"minecraft:sneak_time":78,"minecraft:total_world_time":7458,"minecraft:fall_one_cm":1495,"minecraft:fly_one_cm":89783,"minecraft:horse_one_cm":419361},"minecraft:picked_up":{"minecraft:wheat_seeds":1}},"DataVersion":3700}