{"stats":{"minecraft:picked_up":{"minecraft:wheat_seeds":2},"minecraft:killed_by":{"minecraft:guardian":1},"minecraft:custom":{"minecraft:jump":172,"minecraft:open_chest":1,"minecraft:time_since_rest":6196,"minecraft:crouch_one_cm":125,"minecraft:damage_taken":380,"minecraft:walk_one_cm":5445,"minecraft:leave_game":1,"minecraft:sprint_one_cm":19746,"minecraft:play_time":8098,"minecraft:time_since_death":6176,"minecraft:walk_on_water_one_cm":13575,"minecraft:deaths":1,"minecraft:sneak_time":157,"minecraft:total_world_time":8098,"minecraft:walk_under_water_one_cm":12895,"minecraft:swim_one_cm":41537,"minecraft:fall_one_cm":9791,"minecraft:fly_one_cm":49745}},"DataVersion":3700}