{"stats":{"minecraft:killed_by":{"minecraft:stray":1,"minecraft:polar_bear":1,"minecraft:zombie":1,"minecraft:player":2,"minecraft:drowned":1,"minecraft:enderman":1},"minecraft:custom":{"minecraft:open_barrel":2,"minecraft:open_chest":4,"minecraft:time_since_rest":20,"minecraft:damage_taken":2087,"minecraft:crouch_one_cm":521,"minecraft:sprint_one_cm":41627,"minecraft:play_time":58702,"minecraft:walk_one_cm":41347,"minecraft:deaths":8,"minecraft:sneak_time":3867,"minecraft:walk_under_water_one_cm":23485,"minecraft:mob_kills":2,"minecraft:jump":473,"minecraft:damage_dealt":758,"minecraft:leave_game":2,"minecraft:walk_on_water_one_cm":27285,"minecraft:time_since_death":0,"minecraft:total_world_time":58702,"minecraft:climb_one_cm":220,"minecraft:swim_one_cm":12199,"minecraft:fall_one_cm":14925,"minecraft:fly_one_cm":951991},"minecraft:killed":{"minecraft:zombie":1,"minecraft:polar_bear":1},"minecraft:mined":{"minecraft:pointed_dripstone":1,"minecraft:short_grass":4,"minecraft:grass_block":1,"minecraft:rose_bush":1,"minecraft:dandelion":1},"minecraft:picked_up":{"minecraft:stick":1,"minecraft:feather":5,"minecraft:salmon":1,"minecraft:wheat_seeds":1,"minecraft:dandelion":1,"minecraft:bread":1,"minecraft:pointed_dripstone":2,"minecraft:light_gray_wool":1,"minecraft:carrot":1,"minecraft:mutton":2,"minecraft:oak_planks":1,"minecraft:snowball":16,"minecraft:dirt":12}},"DataVersion":3700}