{"stats":{"minecraft:custom":{"minecraft:time_since_rest":4092,"minecraft:crouch_one_cm":239,"minecraft:play_time":18523,"minecraft:sprint_one_cm":13988,"minecraft:damage_taken":620,"minecraft:deaths":1,"minecraft:walk_one_cm":19704,"minecraft:sneak_time":142,"minecraft:walk_under_water_one_cm":4530,"minecraft:mob_kills":1,"minecraft:drop":1,"minecraft:aviate_one_cm":361561,"minecraft:jump":119,"minecraft:damage_dealt":80,"minecraft:leave_game":2,"minecraft:walk_on_water_one_cm":5846,"minecraft:time_since_death":4072,"minecraft:climb_one_cm":2585,"minecraft:total_world_time":18523,"minecraft:swim_one_cm":13399,"minecraft:fall_one_cm":8004,"minecraft:fly_one_cm":209596},"minecraft:mined":{"minecraft:grass":1},"minecraft:used":{"minecraft:golden_leggings":1,"minecraft:glow_berries":1,"minecraft:firework_rocket":18,"minecraft:turtle_helmet":1,"minecraft:elytra":1,"minecraft:splash_potion":3,"minecraft:leather_boots":1},"minecraft:picked_up":{"minecraft:wheat_seeds":2,"minecraft:glow_berries":2,"minecraft:mutton":2,"minecraft:white_wool":1},"minecraft:killed":{"minecraft:sheep":1},"minecraft:dropped":{"minecraft:golden_leggings":1}},"DataVersion":3218}