{"stats":{"minecraft:picked_up":{"minecraft:chiseled_bookshelf":1,"minecraft:cut_sandstone":16,"minecraft:sand":2,"minecraft:gunpowder":5,"minecraft:dirt":1,"minecraft:stone_pressure_plate":1,"minecraft:bone":12,"minecraft:rotten_flesh":8,"minecraft:kelp":3,"minecraft:wheat_seeds":2,"minecraft:emerald":3,"minecraft:rabbit":1,"minecraft:chest":3},"minecraft:custom":{"minecraft:time_since_rest":2132,"minecraft:sprint_one_cm":52698,"minecraft:damage_absorbed":400,"minecraft:damage_taken":2723,"minecraft:walk_one_cm":30302,"minecraft:drop":1,"minecraft:damage_dealt":40,"minecraft:swim_one_cm":177413,"minecraft:fly_one_cm":361220,"minecraft:open_barrel":4,"minecraft:open_chest":13,"minecraft:crouch_one_cm":274,"minecraft:play_time":60988,"minecraft:deaths":5,"minecraft:sneak_time":1469,"minecraft:walk_under_water_one_cm":110762,"minecraft:boat_one_cm":26035,"minecraft:jump":449,"minecraft:leave_game":8,"minecraft:walk_on_water_one_cm":32413,"minecraft:time_since_death":2112,"minecraft:climb_one_cm":32,"minecraft:total_world_time":60988,"minecraft:damage_resisted":218,"minecraft:fall_one_cm":31307,"minecraft:horse_one_cm":408936},"minecraft:dropped":{"minecraft:chiseled_bookshelf":1},"minecraft:killed_by":{"minecraft:drowned":2,"minecraft:guardian":1},"minecraft:used":{"minecraft:wandering_trader_spawn_egg":1,"minecraft:birch_boat":2,"minecraft:totem_of_undying":1,"minecraft:dirt":1,"minecraft:potion":2,"minecraft:oak_boat":2,"minecraft:enchanted_golden_apple":2},"minecraft:mined":{"minecraft:grass_block":1,"minecraft:vine":2}},"DataVersion":3700}