{"stats":{"minecraft:picked_up":{"minecraft:shelter_pottery_sherd":1,"minecraft:lilac":2,"minecraft:chicken":1,"minecraft:glow_ink_sac":3,"minecraft:salmon":2,"minecraft:leather":2,"minecraft:porkchop":4,"minecraft:brick":3,"minecraft:netherite_sword":1,"minecraft:rabbit_hide":2,"minecraft:iron_ingot":4,"minecraft:saddle":3,"minecraft:pink_tulip":2,"minecraft:ender_eye":1,"minecraft:rabbit":2,"minecraft:bamboo":1},"minecraft:used":{"minecraft:netherite_sword":42,"minecraft:ender_eye":16,"minecraft:stripped_birch_log":1,"minecraft:horse_spawn_egg":1,"minecraft:bamboo":1,"minecraft:torch":2,"minecraft:cobblestone":89,"minecraft:porkchop":2,"minecraft:glass_pane":1,"minecraft:splash_potion":5},"minecraft:killed":{"minecraft:horse":1,"minecraft:wolf":7,"minecraft:pig":1,"minecraft:panda":1,"minecraft:chicken":1,"minecraft:iron_golem":1,"minecraft:rabbit":1,"minecraft:ravager":1,"minecraft:villager":1,"minecraft:polar_bear":1},"minecraft:mined":{"minecraft:large_fern":1,"minecraft:flowering_azalea":1,"minecraft:lilac":3,"minecraft:cave_vines_plant":1,"minecraft:short_grass":4,"minecraft:cave_vines":1,"minecraft:decorated_pot":1,"minecraft:pink_tulip":2,"minecraft:tall_grass":1},"minecraft:custom":{"minecraft:time_since_rest":17515,"minecraft:sprint_one_cm":79128,"minecraft:damage_taken":15300,"minecraft:walk_one_cm":98090,"minecraft:mob_kills":17,"minecraft:damage_dealt":4472,"minecraft:swim_one_cm":102279,"minecraft:fly_one_cm":570674,"minecraft:open_chest":7,"minecraft:crouch_one_cm":1139,"minecraft:play_time":130568,"minecraft:deaths":12,"minecraft:sneak_time":2726,"minecraft:walk_under_water_one_cm":6023,"minecraft:jump":634,"minecraft:leave_game":12,"minecraft:walk_on_water_one_cm":6561,"minecraft:time_since_death":17496,"minecraft:climb_one_cm":1133,"minecraft:total_world_time":130568,"minecraft:fall_one_cm":24506,"minecraft:horse_one_cm":9962},"minecraft:killed_by":{"minecraft:ravager":1,"minecraft:wolf":2,"minecraft:polar_bear":1,"minecraft:zombie":3}},"DataVersion":3700}