{"stats":{"minecraft:picked_up":{"minecraft:bone":12,"minecraft:rotten_flesh":8,"minecraft:chiseled_bookshelf":1,"minecraft:cut_sandstone":16,"minecraft:wheat_seeds":2,"minecraft:sand":2,"minecraft:emerald":3,"minecraft:rabbit":1,"minecraft:gunpowder":5,"minecraft:chest":3,"minecraft:dirt":1,"minecraft:stone_pressure_plate":1},"minecraft:custom":{"minecraft:open_chest":3,"minecraft:time_since_rest":26448,"minecraft:crouch_one_cm":274,"minecraft:sprint_one_cm":50760,"minecraft:play_time":49023,"minecraft:damage_taken":1940,"minecraft:walk_one_cm":29336,"minecraft:deaths":4,"minecraft:sneak_time":1255,"minecraft:walk_under_water_one_cm":43178,"minecraft:drop":1,"minecraft:boat_one_cm":12054,"minecraft:jump":434,"minecraft:damage_dealt":40,"minecraft:leave_game":8,"minecraft:time_since_death":26428,"minecraft:walk_on_water_one_cm":26354,"minecraft:total_world_time":49023,"minecraft:climb_one_cm":32,"minecraft:swim_one_cm":83675,"minecraft:fall_one_cm":31038,"minecraft:fly_one_cm":304479,"minecraft:horse_one_cm":408936},"minecraft:dropped":{"minecraft:chiseled_bookshelf":1},"minecraft:killed_by":{"minecraft:guardian":1,"minecraft:drowned":1},"minecraft:used":{"minecraft:wandering_trader_spawn_egg":1,"minecraft:dirt":1,"minecraft:birch_boat":2},"minecraft:mined":{"minecraft:grass_block":1,"minecraft:vine":2}},"DataVersion":3700}