{"stats":{"minecraft:used":{"minecraft:chest":1},"minecraft:picked_up":{"minecraft:wheat":10,"minecraft:experience_bottle":1,"minecraft:tripwire_hook":5,"minecraft:dark_oak_log":2},"minecraft:custom":{"minecraft:jump":105,"minecraft:open_chest":3,"minecraft:time_since_rest":33475,"minecraft:leave_game":1,"minecraft:damage_dealt":125,"minecraft:sprint_one_cm":5031,"minecraft:play_time":33475,"minecraft:damage_taken":210,"minecraft:time_since_death":33475,"minecraft:walk_one_cm":12536,"minecraft:sneak_time":56,"minecraft:total_world_time":33475,"minecraft:fall_one_cm":2403,"minecraft:fly_one_cm":68996}},"DataVersion":3105}