{"stats":{"minecraft:custom":{"minecraft:jump":35,"minecraft:open_chest":2,"minecraft:time_since_rest":40753,"minecraft:crouch_one_cm":62,"minecraft:leave_game":3,"minecraft:sprint_one_cm":2111,"minecraft:play_time":40753,"minecraft:damage_taken":208,"minecraft:time_since_death":40753,"minecraft:walk_one_cm":5469,"minecraft:sneak_time":2126,"minecraft:total_world_time":40753,"minecraft:fly_one_cm":517889,"minecraft:open_barrel":3},"minecraft:picked_up":{"minecraft:salmon":2,"minecraft:snowball":7}},"DataVersion":3700}