{"stats":{"minecraft:used":{"minecraft:netherite_sword":3,"minecraft:bow":22},"minecraft:killed":{"minecraft:skeleton":1,"minecraft:pig":1,"minecraft:creeper":1},"minecraft:picked_up":{"minecraft:feather":2,"minecraft:chicken":1,"minecraft:arrow":5,"minecraft:rotten_flesh":2,"minecraft:salmon":4,"minecraft:bow":1,"minecraft:netherite_sword":1,"minecraft:porkchop":2,"minecraft:gunpowder":5,"minecraft:snowball":14,"minecraft:egg":4},"minecraft:custom":{"minecraft:open_barrel":4,"minecraft:open_chest":2,"minecraft:time_since_rest":4536,"minecraft:damage_taken":868,"minecraft:crouch_one_cm":436,"minecraft:walk_one_cm":21899,"minecraft:sprint_one_cm":14755,"minecraft:play_time":126903,"minecraft:deaths":3,"minecraft:sneak_time":3080,"minecraft:walk_under_water_one_cm":86,"minecraft:mob_kills":3,"minecraft:jump":292,"minecraft:damage_dealt":378,"minecraft:leave_game":13,"minecraft:walk_on_water_one_cm":292,"minecraft:time_since_death":4455,"minecraft:total_world_time":126903,"minecraft:fall_one_cm":4512,"minecraft:fly_one_cm":773587,"minecraft:player_kills":1},"minecraft:killed_by":{"minecraft:iron_golem":2}},"DataVersion":3700}