{"stats":{"minecraft:custom":{"minecraft:jump":94,"minecraft:open_chest":2,"minecraft:time_since_rest":96275,"minecraft:damage_dealt":55,"minecraft:crouch_one_cm":258,"minecraft:leave_game":8,"minecraft:sprint_one_cm":2709,"minecraft:play_time":96275,"minecraft:damage_taken":208,"minecraft:time_since_death":96275,"minecraft:walk_one_cm":11433,"minecraft:sneak_time":2742,"minecraft:total_world_time":96275,"minecraft:mob_kills":2,"minecraft:fly_one_cm":657171,"minecraft:open_barrel":4},"minecraft:used":{"minecraft:bow":22},"minecraft:picked_up":{"minecraft:porkchop":1,"minecraft:gunpowder":2,"minecraft:salmon":2,"minecraft:snowball":7,"minecraft:egg":2},"minecraft:killed":{"minecraft:creeper":1,"minecraft:pig":1}},"DataVersion":3700}