{"stats":{"minecraft:picked_up":{"minecraft:snowball":7},"minecraft:custom":{"minecraft:jump":18,"minecraft:open_chest":2,"minecraft:time_since_rest":33602,"minecraft:crouch_one_cm":57,"minecraft:leave_game":1,"minecraft:sprint_one_cm":2111,"minecraft:play_time":33602,"minecraft:damage_taken":208,"minecraft:time_since_death":33602,"minecraft:walk_one_cm":1889,"minecraft:sneak_time":1827,"minecraft:total_world_time":33602,"minecraft:fly_one_cm":515153,"minecraft:open_barrel":3}},"DataVersion":3700}