{"stats":{"minecraft:custom":{"minecraft:jump":72,"minecraft:open_chest":2,"minecraft:time_since_rest":63282,"minecraft:damage_dealt":55,"minecraft:crouch_one_cm":101,"minecraft:leave_game":6,"minecraft:sprint_one_cm":2192,"minecraft:play_time":63282,"minecraft:damage_taken":208,"minecraft:time_since_death":63282,"minecraft:walk_one_cm":9372,"minecraft:sneak_time":2224,"minecraft:total_world_time":63282,"minecraft:mob_kills":1,"minecraft:fly_one_cm":529361,"minecraft:open_barrel":3},"minecraft:used":{"minecraft:bow":19},"minecraft:picked_up":{"minecraft:salmon":2,"minecraft:snowball":7,"minecraft:egg":1},"minecraft:killed":{"minecraft:pig":1}},"DataVersion":3700}