{"stats":{"minecraft:custom":{"minecraft:open_barrel":4,"minecraft:time_since_rest":111319,"minecraft:open_chest":2,"minecraft:crouch_one_cm":258,"minecraft:play_time":111319,"minecraft:sprint_one_cm":2849,"minecraft:walk_one_cm":12109,"minecraft:damage_taken":208,"minecraft:sneak_time":2773,"minecraft:mob_kills":3,"minecraft:jump":111,"minecraft:damage_dealt":378,"minecraft:leave_game":10,"minecraft:time_since_death":111319,"minecraft:total_world_time":111319,"minecraft:fly_one_cm":661025,"minecraft:player_kills":1},"minecraft:killed":{"minecraft:skeleton":1,"minecraft:pig":1,"minecraft:creeper":1},"minecraft:picked_up":{"minecraft:arrow":2,"minecraft:salmon":2,"minecraft:porkchop":1,"minecraft:gunpowder":2,"minecraft:snowball":7,"minecraft:egg":2},"minecraft:used":{"minecraft:netherite_sword":3,"minecraft:bow":22}},"DataVersion":3700}