{"stats":{"minecraft:custom":{"minecraft:jump":41,"minecraft:open_chest":2,"minecraft:time_since_rest":51285,"minecraft:crouch_one_cm":62,"minecraft:leave_game":6,"minecraft:sprint_one_cm":2192,"minecraft:play_time":51285,"minecraft:damage_taken":208,"minecraft:time_since_death":51285,"minecraft:walk_one_cm":5924,"minecraft:sneak_time":2173,"minecraft:total_world_time":51285,"minecraft:fly_one_cm":525925,"minecraft:open_barrel":3},"minecraft:picked_up":{"minecraft:salmon":2,"minecraft:snowball":7}},"DataVersion":3700}