{"stats":{"minecraft:dropped":{"minecraft:netherite_leggings":1},"minecraft:custom":{"minecraft:time_since_rest":14115,"minecraft:sprint_one_cm":15436,"minecraft:walk_one_cm":40060,"minecraft:damage_taken":1038,"minecraft:damage_blocked_by_shield":360,"minecraft:mob_kills":4,"minecraft:drop":1,"minecraft:damage_dealt":4836,"minecraft:fly_one_cm":815429,"minecraft:player_kills":1,"minecraft:open_barrel":4,"minecraft:open_chest":2,"minecraft:crouch_one_cm":436,"minecraft:play_time":144900,"minecraft:deaths":4,"minecraft:sneak_time":3138,"minecraft:walk_under_water_one_cm":86,"minecraft:jump":400,"minecraft:damage_dealt_resisted":666,"minecraft:leave_game":13,"minecraft:time_since_death":14071,"minecraft:walk_on_water_one_cm":292,"minecraft:total_world_time":144900,"minecraft:fall_one_cm":5652},"minecraft:mined":{"minecraft:lilac":1,"minecraft:short_grass":4},"minecraft:picked_up":{"minecraft:lilac":2,"minecraft:netherite_boots":1,"minecraft:feather":2,"minecraft:chicken":1,"minecraft:salmon":4,"minecraft:porkchop":2,"minecraft:shield":1,"minecraft:gunpowder":5,"minecraft:netherite_leggings":2,"minecraft:arrow":5,"minecraft:rotten_flesh":2,"minecraft:bow":1,"minecraft:netherite_helmet":1,"minecraft:wheat_seeds":2,"minecraft:netherite_sword":2,"minecraft:netherite_axe":1,"minecraft:netherite_chestplate":1,"minecraft:snowball":14,"minecraft:egg":4},"minecraft:killed_by":{"minecraft:iron_golem":3},"minecraft:used":{"minecraft:netherite_sword":62,"minecraft:netherite_axe":7,"minecraft:shield":8,"minecraft:bow":22},"minecraft:killed":{"minecraft:skeleton":1,"minecraft:pig":1,"minecraft:iron_golem":1,"minecraft:creeper":1}},"DataVersion":3700}