{"stats":{"minecraft:killed_by":{"minecraft:iron_golem":2},"minecraft:custom":{"minecraft:open_barrel":4,"minecraft:time_since_rest":829,"minecraft:open_chest":2,"minecraft:crouch_one_cm":436,"minecraft:deaths":3,"minecraft:play_time":123196,"minecraft:sprint_one_cm":14755,"minecraft:walk_one_cm":21517,"minecraft:damage_taken":868,"minecraft:sneak_time":3063,"minecraft:walk_under_water_one_cm":86,"minecraft:mob_kills":3,"minecraft:jump":290,"minecraft:damage_dealt":378,"minecraft:leave_game":11,"minecraft:walk_on_water_one_cm":292,"minecraft:time_since_death":748,"minecraft:total_world_time":123196,"minecraft:fall_one_cm":4512,"minecraft:fly_one_cm":768069,"minecraft:player_kills":1},"minecraft:killed":{"minecraft:skeleton":1,"minecraft:pig":1,"minecraft:creeper":1},"minecraft:picked_up":{"minecraft:chicken":1,"minecraft:feather":2,"minecraft:arrow":5,"minecraft:rotten_flesh":2,"minecraft:salmon":4,"minecraft:bow":1,"minecraft:netherite_sword":1,"minecraft:porkchop":2,"minecraft:gunpowder":5,"minecraft:snowball":14,"minecraft:egg":4},"minecraft:used":{"minecraft:netherite_sword":3,"minecraft:bow":22}},"DataVersion":3700}