{"textures":{"0":"modelengine:entity/pa_grizzl_bear"},"elements":[{"from":[11.5,11.5,1.5],"to":[11.5,13.5,14.5],"faces":{"east":{"uv":[5.125,9.0,8.375,9.5],"tintindex":0,"rotation":0,"texture":"#0"},"west":{"uv":[8.375,9.0,11.625,9.5],"tintindex":0,"rotation":0,"texture":"#0"}}},{"from":[5.5,12.0,1.5],"to":[5.5,13.5,14.0],"faces":{"east":{"uv":[0.0,9.0,3.125,9.375],"tintindex":0,"rotation":0,"texture":"#0"},"west":{"uv":[3.125,9.0,6.25,9.375],"tintindex":0,"rotation":0,"texture":"#0"}}},{"from":[5.0,14.0,1.0],"to":[12.0,21.5,15.0],"faces":{"east":{"uv":[0.0,3.5,3.5,5.375],"tintindex":0,"rotation":0,"texture":"#0"},"south":{"uv":[8.75,3.5,10.5,5.375],"tintindex":0,"rotation":0,"texture":"#0"},"north":{"uv":[3.5,3.5,5.25,5.375],"tintindex":0,"rotation":0,"texture":"#0"},"west":{"uv":[5.25,3.5,8.75,5.375],"tintindex":0,"rotation":0,"texture":"#0"},"up":{"uv":[5.25,3.5,3.5,0.0],"tintindex":0,"rotation":0,"texture":"#0"},"down":{"uv":[7.0,0.0,5.25,3.5],"tintindex":0,"rotation":0,"texture":"#0"}}},{"from":[4.5,13.5,4.0],"to":[12.5,22.0,10.0],"faces":{"east":{"uv":[3.375,13.875,4.875,16.0],"tintindex":0,"rotation":0,"texture":"#0"},"south":{"uv":[8.375,13.875,10.375,16.0],"tintindex":0,"rotation":0,"texture":"#0"},"north":{"uv":[4.875,13.875,6.875,16.0],"tintindex":0,"rotation":0,"texture":"#0"},"west":{"uv":[6.875,13.875,8.375,16.0],"tintindex":0,"rotation":0,"texture":"#0"},"up":{"uv":[6.875,13.875,4.875,12.375],"tintindex":0,"rotation":0,"texture":"#0"},"down":{"uv":[8.875,12.375,6.875,13.875],"tintindex":0,"rotation":0,"texture":"#0"}}}],"display":{"gui":{"rotation":[30,225,0]}}}