{"textures":{"0":"modelengine:entity/pa_grizzl_bear"},"elements":[{"from":[9.5,18.0,9.0],"to":[12.5,20.0,11.0],"faces":{"east":{"uv":[1.75,2.375,2.0,2.625],"tintindex":0,"rotation":0,"texture":"#0"},"south":{"uv":[2.625,2.375,3.0,2.625],"tintindex":0,"rotation":0,"texture":"#0"},"north":{"uv":[2.0,2.375,2.375,2.625],"tintindex":0,"rotation":0,"texture":"#0"},"west":{"uv":[2.375,2.375,2.625,2.625],"tintindex":0,"rotation":0,"texture":"#0"},"up":{"uv":[2.375,2.375,2.0,2.125],"tintindex":0,"rotation":0,"texture":"#0"},"down":{"uv":[2.75,2.125,2.375,2.375],"tintindex":0,"rotation":0,"texture":"#0"}}},{"from":[2.5,8.0,5.0],"to":[12.5,18.0,13.0],"faces":{"east":{"uv":[7.125,1.0,8.125,2.25],"tintindex":0,"rotation":0,"texture":"#0"},"south":{"uv":[10.375,1.0,11.625,2.25],"tintindex":0,"rotation":0,"texture":"#0"},"north":{"uv":[8.125,1.0,9.375,2.25],"tintindex":0,"rotation":0,"texture":"#0"},"west":{"uv":[9.375,1.0,10.375,2.25],"tintindex":0,"rotation":0,"texture":"#0"},"up":{"uv":[9.375,1.0,8.125,0.0],"tintindex":0,"rotation":0,"texture":"#0"},"down":{"uv":[10.625,0.0,9.375,1.0],"tintindex":0,"rotation":0,"texture":"#0"}}},{"from":[2.5,18.0,9.0],"to":[5.5,20.0,11.0],"faces":{"east":{"uv":[1.75,2.375,2.0,2.625],"tintindex":0,"rotation":0,"texture":"#0"},"south":{"uv":[2.625,2.375,3.0,2.625],"tintindex":0,"rotation":0,"texture":"#0"},"north":{"uv":[2.0,2.375,2.375,2.625],"tintindex":0,"rotation":0,"texture":"#0"},"west":{"uv":[2.375,2.375,2.625,2.625],"tintindex":0,"rotation":0,"texture":"#0"},"up":{"uv":[2.375,2.375,2.0,2.125],"tintindex":0,"rotation":0,"texture":"#0"},"down":{"uv":[2.75,2.125,2.375,2.375],"tintindex":0,"rotation":0,"texture":"#0"}}},{"from":[5.5,9.0,0.0],"to":[9.5,14.0,5.0],"faces":{"east":{"uv":[0.0,2.75,0.625,3.375],"tintindex":0,"rotation":0,"texture":"#0"},"south":{"uv":[1.75,2.75,2.25,3.375],"tintindex":0,"rotation":0,"texture":"#0"},"north":{"uv":[0.625,2.75,1.125,3.375],"tintindex":0,"rotation":0,"texture":"#0"},"west":{"uv":[1.125,2.75,1.75,3.375],"tintindex":0,"rotation":0,"texture":"#0"},"up":{"uv":[1.125,2.75,0.625,2.125],"tintindex":0,"rotation":0,"texture":"#0"},"down":{"uv":[1.625,2.125,1.125,2.75],"tintindex":0,"rotation":0,"texture":"#0"}}}],"display":{"gui":{"rotation":[30,225,0]}}}