{"textures":{"0":"modelengine:entity/pa_grizzl_bear"},"elements":[{"from":[5.5,-2.0,4.0],"to":[11.5,9.0,12.0],"faces":{"east":{"uv":[0.0,10.5,1.0,11.875],"tintindex":0,"rotation":0,"texture":"#0"},"south":{"uv":[2.75,10.5,3.5,11.875],"tintindex":0,"rotation":0,"texture":"#0"},"north":{"uv":[1.0,10.5,1.75,11.875],"tintindex":0,"rotation":0,"texture":"#0"},"west":{"uv":[1.75,10.5,2.75,11.875],"tintindex":0,"rotation":0,"texture":"#0"},"up":{"uv":[1.75,10.5,1.0,9.5],"tintindex":0,"rotation":0,"texture":"#0"},"down":{"uv":[2.5,9.5,1.75,10.5],"tintindex":0,"rotation":0,"texture":"#0"}}}],"display":{"gui":{"rotation":[30,225,0]}}}