{"textures":{"0":"modelengine:entity/pa_grizzl_bear"},"elements":[{"from":[6.0,-8.0,5.0],"to":[12.0,10.0,12.0],"faces":{"east":{"uv":[9.25,10.625,10.125,12.875],"tintindex":0,"rotation":0,"texture":"#0"},"south":{"uv":[11.75,10.625,12.5,12.875],"tintindex":0,"rotation":0,"texture":"#0"},"north":{"uv":[10.125,10.625,10.875,12.875],"tintindex":0,"rotation":0,"texture":"#0"},"west":{"uv":[10.875,10.625,11.75,12.875],"tintindex":0,"rotation":0,"texture":"#0"},"up":{"uv":[10.875,10.625,10.125,9.75],"tintindex":0,"rotation":0,"texture":"#0"},"down":{"uv":[11.625,9.75,10.875,10.625],"tintindex":0,"rotation":0,"texture":"#0"}}}],"display":{"gui":{"rotation":[30,225,0]}}}