{"textures":{"0":"modelengine:entity/pa_grizzl_bear"},"elements":[{"from":[4.0,-9.0,5.0],"to":[10.0,9.0,12.0],"faces":{"east":{"uv":[11.75,10.625,10.875,12.875],"tintindex":0,"rotation":0,"texture":"#0"},"south":{"uv":[12.5,10.625,11.75,12.875],"tintindex":0,"rotation":0,"texture":"#0"},"north":{"uv":[10.875,10.625,10.125,12.875],"tintindex":0,"rotation":0,"texture":"#0"},"west":{"uv":[10.125,10.625,9.25,12.875],"tintindex":0,"rotation":0,"texture":"#0"},"up":{"uv":[10.125,10.625,10.875,9.75],"tintindex":0,"rotation":0,"texture":"#0"},"down":{"uv":[10.875,9.75,11.625,10.625],"tintindex":0,"rotation":0,"texture":"#0"}}}],"display":{"gui":{"rotation":[30,225,0]}}}