{
    "connectors": [{
        "targetName": "*",
        "innerConnector": false,
        "rotateConnector": false,
        "name": "",
        "pools": ["stronghold/paths"],
        "position": {
            "x": 0,
            "y": 0,
            "z": 0
        },
        "direction": "UP_POSITIVE_Y"
    }],
    "max2dDim": {
        "nullSupport": false,
        "check": {},
        "time": {},
        "write": {}
    },
    "max3dDim": {
        "nullSupport": false,
        "check": {},
        "time": {},
        "write": {}
    },
    "object": "jigsaw/stronghold/floor/3x3/flat",
    "placementOptions": {"bore": true}
}
