{
    "connectors": [{
        "targetName": "*",
        "innerConnector": false,
        "rotateConnector": false,
        "name": "",
        "position": {
            "x": 0,
            "y": -3,
            "z": -3
        },
        "direction": "NORTH_NEGATIVE_Z"
    }],
    "max2dDim": {
        "nullSupport": false,
        "check": {},
        "time": {},
        "write": {}
    },
    "max3dDim": {
        "nullSupport": false,
        "check": {},
        "time": {},
        "write": {}
    },
    "object": "jigsaw/stronghold/room/small-cell",
    "placementOptions": {"bore": true}
}
