{
    "connectors": [
        {
            "targetName": "*",
            "innerConnector": false,
            "rotateConnector": false,
            "name": "",
            "pools": ["stronghold/paths"],
            "position": {
                "x": 3,
                "y": -3,
                "z": 2
            },
            "direction": "EAST_POSITIVE_X"
        },
        {
            "targetName": "*",
            "innerConnector": false,
            "rotateConnector": false,
            "name": "",
            "pools": ["stronghold/paths"],
            "position": {
                "x": 0,
                "y": -3,
                "z": -7
            },
            "direction": "NORTH_NEGATIVE_Z"
        },
        {
            "targetName": "*",
            "innerConnector": true,
            "rotateConnector": false,
            "name": "",
            "pools": ["stronghold/ceiling-5x5"],
            "position": {
                "x": 0,
                "y": 2,
                "z": -4
            },
            "direction": "UP_POSITIVE_Y"
        },
        {
            "targetName": "*",
            "innerConnector": true,
            "rotateConnector": false,
            "name": "",
            "pools": ["stronghold/ceiling-5x5"],
            "position": {
                "x": 0,
                "y": 2,
                "z": 2
            },
            "direction": "UP_POSITIVE_Y"
        }
    ],
    "max2dDim": {
        "nullSupport": false,
        "check": {},
        "time": {},
        "write": {}
    },
    "max3dDim": {
        "nullSupport": false,
        "check": {},
        "time": {},
        "write": {}
    },
    "placementOptions": {
        "bore": true,
        "chance": 0
    },
    "object": "jigsaw/stronghold/room/witch-room"
}
