{
    "pools": [
        {
            "rolls": {
                "min": 6,
                "max": 8
            },
            "entries": [
                {
                    "type": "loot_table",
                    "weight": 10,
                    "name": "divine_dimension:groups/loot/sapphire_oasis"
                },
                {
                    "type": "loot_table",
                    "weight": 3,
                    "name": "divine_dimension:items/food/larvae",
                    "functions": [
                        {
                            "function": "set_count",
                            "count": {
                                "min": 1,
                                "max": 3
                            }
                        }
                    ]
                },
                {
                    "type": "loot_table",
                    "weight": 3,
                    "name": "divine_dimension:items/materials/needle",
                    "functions": [
                        {
                            "function": "set_count",
                            "count": {
                                "min": 1,
                                "max": 3
                            }
                        }
                    ]
                },
                {
                    "type": "item",
                    "weight": 5,
                    "name": "minecraft:string",
                    "functions": [
                        {
                            "function": "set_count",
                            "count": {
                                "min": 1,
                                "max": 3
                            }
                        }
                    ]
                },
                {
                    "type": "item",
                    "weight": 3,
                    "name": "minecraft:honeycomb",
                    "functions": [
                        {
                            "function": "set_count",
                            "count": {
                                "min": 1,
                                "max": 3
                            }
                        }
                    ]
                },
                {
                    "type": "item",
                    "weight": 2,
                    "name": "minecraft:honey_block",
                    "functions": [
                        {
                            "function": "set_count",
                            "count": {
                                "min": 1,
                                "max": 2
                            }
                        }
                    ]
                },
                {
                    "type": "loot_table",
                    "weight": 2,
                    "name": "divine_dimension:items/materials/key_fragment",
                    "functions": [
                        {
                            "function": "set_count",
                            "count": {
                                "min": 1,
                                "max": 3
                            }
                        }
                    ]
                }
            ]
        },
        {
            "rolls": {
                "min": 0,
                "max": 1
            },
            "entries": [
                {
                    "type": "loot_table",
                    "weight": 1,
                    "name": "divine_dimension:groups/relics/tier1"
                },
                {
                    "type": "loot_table",
                    "weight": 2,
                    "name": "divine_dimension:groups/loot/rare_items"
                },
                {
                    "type": "loot_table",
                    "weight": 3,
                    "name": "divine_dimension:items/other/larvae_spawn_egg"
                }
            ]
        }
    ]
}