{"elements":[{"from":[5.714286,2.8571424,5.714286],"to":[9.714286,8.571428,9.714286],"rotation":{"angle":0.0,"axis":"y","origin":[4.0,2.8571424,12.571428]},"faces":{"east":{"uv":[9.875,8.25,10.75,9.5],"rotation":0,"texture":"#0","tintindex":0},"south":{"uv":[12.5,8.25,13.375,9.5],"rotation":0,"texture":"#0","tintindex":0},"north":{"uv":[10.75,8.25,11.625,9.5],"rotation":0,"texture":"#0","tintindex":0},"west":{"uv":[11.625,8.25,12.5,9.5],"rotation":0,"texture":"#0","tintindex":0},"up":{"uv":[11.625,8.25,10.75,7.375],"rotation":0,"texture":"#0","tintindex":0},"down":{"uv":[12.5,7.375,11.625,8.25],"rotation":0,"texture":"#0","tintindex":0}}}],"textures":{"0":"modelengine:entity/pa_rhinoceros"},"display":{"head":{"translation":[0.0,-6.4,0.0],"scale":[4.0,4.0,4.0]}}}