{"elements":[{"from":[6.285714,2.8571424,7.428571],"to":[10.285714,8.571428,11.428572],"rotation":{"angle":0.0,"axis":"y","origin":[13.142858,2.8571424,14.285715]},"faces":{"east":{"uv":[9.875,8.25,10.75,9.5],"rotation":0,"texture":"#0","tintindex":0},"south":{"uv":[12.5,8.25,13.375,9.5],"rotation":0,"texture":"#0","tintindex":0},"north":{"uv":[10.75,8.25,11.625,9.5],"rotation":0,"texture":"#0","tintindex":0},"west":{"uv":[11.625,8.25,12.5,9.5],"rotation":0,"texture":"#0","tintindex":0},"up":{"uv":[11.625,8.25,10.75,7.375],"rotation":0,"texture":"#0","tintindex":0},"down":{"uv":[12.5,7.375,11.625,8.25],"rotation":0,"texture":"#0","tintindex":0}}}],"textures":{"0":"modelengine:entity/pa_rhinoceros"},"display":{"head":{"translation":[0.0,-6.4,0.0],"scale":[4.0,4.0,4.0]}}}