{"elements":[{"from":[1.1428566,13.714286,1.1428566],"to":[13.714286,26.857143,12.571428],"rotation":{"angle":0.0,"axis":"y","origin":[8.0,8.0,8.0]},"faces":{"east":{"uv":[0.0,2.5,2.5,5.375],"rotation":0,"texture":"#0","tintindex":0},"south":{"uv":[7.75,2.5,10.5,5.375],"rotation":0,"texture":"#0","tintindex":0},"north":{"uv":[2.5,2.5,5.25,5.375],"rotation":0,"texture":"#0","tintindex":0},"west":{"uv":[5.25,2.5,7.75,5.375],"rotation":0,"texture":"#0","tintindex":0},"up":{"uv":[5.25,2.5,2.5,0.0],"rotation":0,"texture":"#0","tintindex":0},"down":{"uv":[8.0,0.0,5.25,2.5],"rotation":0,"texture":"#0","tintindex":0}}},{"from":[2.2857141,13.714286,12.571428],"to":[12.571428,25.142859,24.57143],"rotation":{"angle":0.0,"axis":"y","origin":[8.0,8.0,8.0]},"faces":{"east":{"uv":[0.0,8.125,2.625,10.625],"rotation":0,"texture":"#0","tintindex":0},"south":{"uv":[7.5,8.125,9.75,10.625],"rotation":0,"texture":"#0","tintindex":0},"north":{"uv":[2.625,8.125,4.875,10.625],"rotation":0,"texture":"#0","tintindex":0},"west":{"uv":[4.875,8.125,7.5,10.625],"rotation":0,"texture":"#0","tintindex":0},"up":{"uv":[4.875,8.125,2.625,5.5],"rotation":0,"texture":"#0","tintindex":0},"down":{"uv":[7.125,5.5,4.875,8.125],"rotation":0,"texture":"#0","tintindex":0}}}],"textures":{"0":"modelengine:entity/pa_rhinoceros"},"display":{"head":{"translation":[0.0,-6.4,0.0],"scale":[4.0,4.0,4.0]}}}