{"textures":{"0":"modelengine:entity/pa_rhinoceros"},"elements":[{"from":[3.0,13.0,12.0],"to":[12.0,23.0,22.5],"faces":{"east":{"uv":[0.0,8.125,2.625,10.625],"tintindex":0,"rotation":0,"texture":"#0"},"south":{"uv":[7.5,8.125,9.75,10.625],"tintindex":0,"rotation":0,"texture":"#0"},"north":{"uv":[2.625,8.125,4.875,10.625],"tintindex":0,"rotation":0,"texture":"#0"},"west":{"uv":[4.875,8.125,7.5,10.625],"tintindex":0,"rotation":0,"texture":"#0"},"up":{"uv":[4.875,8.125,2.625,5.5],"tintindex":0,"rotation":0,"texture":"#0"},"down":{"uv":[7.125,5.5,4.875,8.125],"tintindex":0,"rotation":0,"texture":"#0"}}},{"from":[2.0,13.0,2.0],"to":[13.0,24.5,12.0],"faces":{"east":{"uv":[0.0,2.5,2.5,5.375],"tintindex":0,"rotation":0,"texture":"#0"},"south":{"uv":[7.75,2.5,10.5,5.375],"tintindex":0,"rotation":0,"texture":"#0"},"north":{"uv":[2.5,2.5,5.25,5.375],"tintindex":0,"rotation":0,"texture":"#0"},"west":{"uv":[5.25,2.5,7.75,5.375],"tintindex":0,"rotation":0,"texture":"#0"},"up":{"uv":[5.25,2.5,2.5,0.0],"tintindex":0,"rotation":0,"texture":"#0"},"down":{"uv":[8.0,0.0,5.25,2.5],"tintindex":0,"rotation":0,"texture":"#0"}}}],"display":{"gui":{"rotation":[30,225,0]}}}