{"textures":{"0":"modelengine:entity/pa_rhinoceros"},"elements":[{"from":[6.5,17.5,-7.5],"to":[8.5,23.5,-5.0],"faces":{"east":{"uv":[0.0,0.625,0.625,2.125],"tintindex":0,"rotation":0,"texture":"#0"},"south":{"uv":[1.75,0.625,2.25,2.125],"tintindex":0,"rotation":0,"texture":"#0"},"north":{"uv":[0.625,0.625,1.125,2.125],"tintindex":0,"rotation":0,"texture":"#0"},"west":{"uv":[1.125,0.625,1.75,2.125],"tintindex":0,"rotation":0,"texture":"#0"},"up":{"uv":[1.125,0.625,0.625,0.0],"tintindex":0,"rotation":0,"texture":"#0"},"down":{"uv":[1.625,0.0,1.125,0.625],"tintindex":0,"rotation":0,"texture":"#0"}}}],"display":{"gui":{"rotation":[30,225,0]}}}