{"elements":[{"from":[6.285714,18.857143,-9.714287],"to":[8.571428,25.714287,-6.8571434],"rotation":{"angle":0.0,"axis":"y","origin":[8.0,8.0,8.0]},"faces":{"east":{"uv":[0.0,0.625,0.625,2.125],"rotation":0,"texture":"#0","tintindex":0},"south":{"uv":[1.75,0.625,2.25,2.125],"rotation":0,"texture":"#0","tintindex":0},"north":{"uv":[0.625,0.625,1.125,2.125],"rotation":0,"texture":"#0","tintindex":0},"west":{"uv":[1.125,0.625,1.75,2.125],"rotation":0,"texture":"#0","tintindex":0},"up":{"uv":[1.125,0.625,0.625,0.0],"rotation":0,"texture":"#0","tintindex":0},"down":{"uv":[1.625,0.0,1.125,0.625],"rotation":0,"texture":"#0","tintindex":0}}}],"textures":{"0":"modelengine:entity/pa_rhinoceros"},"display":{"head":{"translation":[0.0,-6.4,0.0],"scale":[4.0,4.0,4.0]}}}