{"elements":[{"from":[6.285714,18.857143,-6.8571434],"to":[8.571428,21.142857,-4.5714293],"rotation":{"angle":0.0,"axis":"y","origin":[8.0,8.0,8.0]},"faces":{"east":{"uv":[0.0,6.0,0.5,6.5],"rotation":0,"texture":"#0","tintindex":0},"south":{"uv":[1.5,6.0,2.0,6.5],"rotation":0,"texture":"#0","tintindex":0},"north":{"uv":[0.5,6.0,1.0,6.5],"rotation":0,"texture":"#0","tintindex":0},"west":{"uv":[1.0,6.0,1.5,6.5],"rotation":0,"texture":"#0","tintindex":0},"up":{"uv":[1.0,6.0,0.5,5.5],"rotation":0,"texture":"#0","tintindex":0},"down":{"uv":[1.5,5.5,1.0,6.0],"rotation":0,"texture":"#0","tintindex":0}}}],"textures":{"0":"modelengine:entity/pa_rhinoceros"},"display":{"head":{"translation":[0.0,-6.4,0.0],"scale":[4.0,4.0,4.0]}}}