{"elements":[{"from":[4.0,0.5714283,5.142857],"to":[10.857143,8.571428,10.285714],"rotation":{"angle":0.0,"axis":"y","origin":[8.0,-5.714287,17.142857]},"faces":{"east":{"uv":[9.5,5.5,10.625,7.25],"rotation":0,"texture":"#0","tintindex":0},"south":{"uv":[13.25,5.5,14.75,7.25],"rotation":0,"texture":"#0","tintindex":0},"north":{"uv":[10.625,5.5,12.125,7.25],"rotation":0,"texture":"#0","tintindex":0},"west":{"uv":[12.125,5.5,13.25,7.25],"rotation":0,"texture":"#0","tintindex":0},"up":{"uv":[12.125,5.5,10.625,4.375],"rotation":0,"texture":"#0","tintindex":0},"down":{"uv":[13.625,4.375,12.125,5.5],"rotation":0,"texture":"#0","tintindex":0}}},{"from":[5.142857,0.5714283,-0.57142925],"to":[9.714286,5.142857,5.142857],"rotation":{"angle":0.0,"axis":"y","origin":[8.0,-5.714287,17.142857]},"faces":{"east":{"uv":[8.125,1.25,9.375,2.25],"rotation":0,"texture":"#0","tintindex":0},"south":{"uv":[11.625,1.25,12.625,2.25],"rotation":0,"texture":"#0","tintindex":0},"north":{"uv":[9.375,1.25,10.375,2.25],"rotation":0,"texture":"#0","tintindex":0},"west":{"uv":[10.375,1.25,11.625,2.25],"rotation":0,"texture":"#0","tintindex":0},"up":{"uv":[10.375,1.25,9.375,0.0],"rotation":0,"texture":"#0","tintindex":0},"down":{"uv":[11.375,0.0,10.375,1.25],"rotation":0,"texture":"#0","tintindex":0}}},{"from":[10.857143,6.857143,8.0],"to":[12.571428,10.285714,8.571428],"rotation":{"angle":-22.5,"axis":"z","origin":[11.428572,8.571428,17.142857]},"faces":{"east":{"uv":[0.0,6.75,0.125,7.5],"rotation":0,"texture":"#0","tintindex":0},"south":{"uv":[0.625,6.75,1.0,7.5],"rotation":0,"texture":"#0","tintindex":0},"north":{"uv":[0.125,6.75,0.5,7.5],"rotation":0,"texture":"#0","tintindex":0},"west":{"uv":[0.5,6.75,0.625,7.5],"rotation":0,"texture":"#0","tintindex":0},"up":{"uv":[0.5,6.75,0.125,6.625],"rotation":0,"texture":"#0","tintindex":0},"down":{"uv":[0.875,6.625,0.5,6.75],"rotation":0,"texture":"#0","tintindex":0}}},{"from":[2.2857141,6.857143,8.0],"to":[4.0,10.285714,8.571428],"rotation":{"angle":22.5,"axis":"z","origin":[3.4285712,8.571428,17.142857]},"faces":{"east":{"uv":[0.0,6.75,0.125,7.5],"rotation":0,"texture":"#0","tintindex":0},"south":{"uv":[0.625,6.75,1.0,7.5],"rotation":0,"texture":"#0","tintindex":0},"north":{"uv":[0.125,6.75,0.5,7.5],"rotation":0,"texture":"#0","tintindex":0},"west":{"uv":[0.5,6.75,0.625,7.5],"rotation":0,"texture":"#0","tintindex":0},"up":{"uv":[0.5,6.75,0.125,6.625],"rotation":0,"texture":"#0","tintindex":0},"down":{"uv":[0.875,6.625,0.5,6.75],"rotation":0,"texture":"#0","tintindex":0}}}],"textures":{"0":"modelengine:entity/pa_rhinoceros"},"display":{"head":{"translation":[0.0,-6.4,0.0],"scale":[4.0,4.0,4.0]}}}