{"textures":{"0":"modelengine:entity/pa_rhinoceros"},"elements":[{"from":[-6.0,-1.0,3.0],"to":[2.0,10.0,12.0],"faces":{"east":{"uv":[8.75,10.75,9.875,12.125],"tintindex":0,"rotation":0,"texture":"#0"},"south":{"uv":[12.0,10.75,13.0,12.125],"tintindex":0,"rotation":0,"texture":"#0"},"north":{"uv":[9.875,10.75,10.875,12.125],"tintindex":0,"rotation":0,"texture":"#0"},"west":{"uv":[10.875,10.75,12.0,12.125],"tintindex":0,"rotation":0,"texture":"#0"},"up":{"uv":[10.875,10.75,9.875,9.625],"tintindex":0,"rotation":0,"texture":"#0"},"down":{"uv":[11.875,9.625,10.875,10.75],"tintindex":0,"rotation":0,"texture":"#0"}}}],"display":{"gui":{"rotation":[30,225,0]}}}