{"elements":[{"from":[0.0,2.8571424,5.142857],"to":[4.5714283,9.142858,10.285714],"rotation":{"angle":0.0,"axis":"y","origin":[5.714286,2.8571424,-6.285715]},"faces":{"east":{"uv":[8.75,10.75,9.875,12.125],"rotation":0,"texture":"#0","tintindex":0},"south":{"uv":[12.0,10.75,13.0,12.125],"rotation":0,"texture":"#0","tintindex":0},"north":{"uv":[9.875,10.75,10.875,12.125],"rotation":0,"texture":"#0","tintindex":0},"west":{"uv":[10.875,10.75,12.0,12.125],"rotation":0,"texture":"#0","tintindex":0},"up":{"uv":[10.875,10.75,9.875,9.625],"rotation":0,"texture":"#0","tintindex":0},"down":{"uv":[11.875,9.625,10.875,10.75],"rotation":0,"texture":"#0","tintindex":0}}}],"textures":{"0":"modelengine:entity/pa_rhinoceros"},"display":{"head":{"translation":[0.0,-6.4,0.0],"scale":[4.0,4.0,4.0]}}}