[
    {
      "function": "minecraft:set_nbt",
      "tag": "{CustomModelData:5551,AttributeModifiers:[{AttributeName:\"generic.attack_damage\",Amount:6,Slot:mainhand,Name:\"generic.attack_damage\",UUID:[I;-12254,56158,111118,-112316]},{AttributeName:\"generic.attack_speed\",Amount:-2.4,Slot:mainhand,Name:\"generic.attack_speed\",UUID:[I;-12254,56258,111118,-112516]}],display:{Name:'[{\"text\":\"Onyx Sword\",\"italic\":false,\"color\":\"gold\"}]',Lore:['[{\"text\":\"Stores some kinetic energy from each strike,\",\"italic\":false,\"color\":\"white\"}]','[{\"text\":\"becoming stronger as it wears away.\",\"italic\":false,\"color\":\"white\"},{\"text\":\"\",\"italic\":false,\"color\":\"dark_purple\"}]','[{\"text\":\"\",\"italic\":false,\"color\":\"dark_purple\"}]','[{\"text\":\"When in Main Hand:\",\"italic\":false,\"color\":\"gray\"},{\"text\":\"\",\"italic\":false,\"color\":\"dark_purple\"}]','[{\"text\":\" 7 Attack Damage\",\"italic\":false,\"color\":\"dark_green\"}]','[{\"text\":\" 1.6 Attack Speed\",\"italic\":false,\"color\":\"dark_green\"}]']},HideFlags:2,eth:{item:11b,onyx_sword:1b}}"
    }
  ]
  