{"textures":{"0":"modelengine:entity/kangaroo"},"elements":[{"from":[5.5,4.0,5.83333],"to":[10.5,9.0,10.83333],"faces":{"east":{"uv":[10.2,8.2,11.2,9.2],"tintindex":0,"rotation":0,"texture":"#0"},"south":{"uv":[13.2,8.2,14.2,9.2],"tintindex":0,"rotation":0,"texture":"#0"},"north":{"uv":[11.2,8.2,12.2,9.2],"tintindex":0,"rotation":0,"texture":"#0"},"west":{"uv":[12.2,8.2,13.2,9.2],"tintindex":0,"rotation":0,"texture":"#0"},"up":{"uv":[12.2,8.2,11.2,7.2000003],"tintindex":0,"rotation":0,"texture":"#0"},"down":{"uv":[13.2,7.2000003,12.2,8.2],"tintindex":0,"rotation":0,"texture":"#0"}}},{"from":[6.3,8.8,6.6333303],"to":[9.7,10.2,10.03333],"faces":{"east":{"uv":[0.0,8.0,0.6,8.2],"tintindex":0,"rotation":0,"texture":"#0"},"south":{"uv":[1.8000001,8.0,2.4,8.2],"tintindex":0,"rotation":0,"texture":"#0"},"north":{"uv":[0.6,8.0,1.2,8.2],"tintindex":0,"rotation":0,"texture":"#0"},"west":{"uv":[1.2,8.0,1.8000001,8.2],"tintindex":0,"rotation":0,"texture":"#0"},"up":{"uv":[1.2,8.0,0.6,7.4],"tintindex":0,"rotation":0,"texture":"#0"},"down":{"uv":[1.8000001,7.4,1.2,8.0],"tintindex":0,"rotation":0,"texture":"#0"}}},{"from":[10.5,7.0,5.83333],"to":[11.5,9.0,8.83333],"faces":{"east":{"uv":[6.8,0.6,7.4,1.0],"tintindex":0,"rotation":0,"texture":"#0"},"south":{"uv":[8.2,0.6,8.400001,1.0],"tintindex":0,"rotation":0,"texture":"#0"},"north":{"uv":[7.4,0.6,7.6,1.0],"tintindex":0,"rotation":0,"texture":"#0"},"west":{"uv":[7.6,0.6,8.2,1.0],"tintindex":0,"rotation":0,"texture":"#0"},"up":{"uv":[7.6,0.6,7.4,0.0],"tintindex":0,"rotation":0,"texture":"#0"},"down":{"uv":[7.8,0.0,7.6,0.6],"tintindex":0,"rotation":0,"texture":"#0"}}}],"display":{"gui":{"rotation":[30,225,0]}}}