{"textures":{"0":"modelengine:entity/kangaroo"},"elements":[{"from":[5.5,5.0,4.25],"to":[10.5,19.0,10.25],"faces":{"east":{"uv":[6.0,9.400001,7.2000003,12.2],"tintindex":0,"rotation":0,"texture":"#0"},"south":{"uv":[9.400001,9.400001,10.400001,12.2],"tintindex":0,"rotation":0,"texture":"#0"},"north":{"uv":[7.2000003,9.400001,8.2,12.2],"tintindex":0,"rotation":0,"texture":"#0"},"west":{"uv":[8.2,9.400001,9.400001,12.2],"tintindex":0,"rotation":0,"texture":"#0"},"up":{"uv":[8.2,9.400001,7.2000003,8.2],"tintindex":0,"rotation":0,"texture":"#0"},"down":{"uv":[9.2,8.2,8.2,9.400001],"tintindex":0,"rotation":0,"texture":"#0"}}},{"from":[6.5,14.0,0.25000095],"to":[9.5,18.0,4.25],"faces":{"east":{"uv":[10.400001,10.0,11.2,10.8],"tintindex":0,"rotation":0,"texture":"#0"},"south":{"uv":[12.6,10.0,13.2,10.8],"tintindex":0,"rotation":0,"texture":"#0"},"north":{"uv":[11.2,10.0,11.8,10.8],"tintindex":0,"rotation":0,"texture":"#0"},"west":{"uv":[11.8,10.0,12.6,10.8],"tintindex":0,"rotation":0,"texture":"#0"},"up":{"uv":[11.8,10.0,11.2,9.2],"tintindex":0,"rotation":0,"texture":"#0"},"down":{"uv":[12.400001,9.2,11.8,10.0],"tintindex":0,"rotation":0,"texture":"#0"}}}],"display":{"gui":{"rotation":[30,225,0]}}}