{"textures":{"0":"modelengine:entity/kangaroo"},"elements":[{"from":[6.5,4.5,4.0],"to":[9.5,11.5,12.0],"faces":{"east":{"uv":[9.400001,5.4,11.0,6.8],"tintindex":0,"rotation":0,"texture":"#0"},"south":{"uv":[13.2,5.4,13.8,6.8],"tintindex":0,"rotation":0,"texture":"#0"},"north":{"uv":[11.0,5.4,11.6,6.8],"tintindex":0,"rotation":0,"texture":"#0"},"west":{"uv":[11.6,5.4,13.2,6.8],"tintindex":0,"rotation":0,"texture":"#0"},"up":{"uv":[11.6,5.4,11.0,3.8],"tintindex":0,"rotation":0,"texture":"#0"},"down":{"uv":[12.2,3.8,11.6,5.4],"tintindex":0,"rotation":0,"texture":"#0"}}}],"display":{"gui":{"rotation":[30,225,0]}}}