{"textures":{"0":"modelengine:entity/kangaroo"},"elements":[{"from":[6.5,1.0,6.5],"to":[9.5,8.0,9.5],"faces":{"east":{"uv":[0.0,6.0,0.6,7.4],"tintindex":0,"rotation":0,"texture":"#0"},"south":{"uv":[1.8000001,6.0,2.4,7.4],"tintindex":0,"rotation":0,"texture":"#0"},"north":{"uv":[0.6,6.0,1.2,7.4],"tintindex":0,"rotation":0,"texture":"#0"},"west":{"uv":[1.2,6.0,1.8000001,7.4],"tintindex":0,"rotation":0,"texture":"#0"},"up":{"uv":[1.2,6.0,0.6,5.4],"tintindex":0,"rotation":0,"texture":"#0"},"down":{"uv":[1.8000001,5.4,1.2,6.0],"tintindex":0,"rotation":0,"texture":"#0"}}}],"display":{"gui":{"rotation":[30,225,0]}}}