{"textures":{"0":"modelengine:entity/kangaroo"},"elements":[{"from":[7.5,-1.0,6.5],"to":[10.5,9.0,9.5],"faces":{"east":{"uv":[1.8000001,0.6,1.2,2.6000001],"tintindex":0,"rotation":0,"texture":"#0"},"south":{"uv":[2.4,0.6,1.8000001,2.6000001],"tintindex":0,"rotation":0,"texture":"#0"},"north":{"uv":[1.2,0.6,0.6,2.6000001],"tintindex":0,"rotation":0,"texture":"#0"},"west":{"uv":[0.6,0.6,0.0,2.6000001],"tintindex":0,"rotation":0,"texture":"#0"},"up":{"uv":[0.6,0.6,1.2,0.0],"tintindex":0,"rotation":0,"texture":"#0"},"down":{"uv":[1.2,0.0,1.8000001,0.6],"tintindex":0,"rotation":0,"texture":"#0"}}}],"display":{"gui":{"rotation":[30,225,0]}}}