{"textures":{"0":"modelengine:entity/kangaroo"},"elements":[{"from":[6.0,6.0,-3.5],"to":[10.0,8.0,10.5],"faces":{"east":{"uv":[6.4,8.2,3.6000001,8.6],"tintindex":0,"rotation":0,"texture":"#0"},"south":{"uv":[7.2000003,8.2,6.4,8.6],"tintindex":0,"rotation":0,"texture":"#0"},"north":{"uv":[3.6000001,8.2,2.8,8.6],"tintindex":0,"rotation":0,"texture":"#0"},"west":{"uv":[2.8,8.2,0.0,8.6],"tintindex":0,"rotation":0,"texture":"#0"},"up":{"uv":[2.8,8.2,3.6000001,5.4],"tintindex":0,"rotation":0,"texture":"#0"},"down":{"uv":[3.6000001,5.4,4.4,8.2],"tintindex":0,"rotation":0,"texture":"#0"}}}],"display":{"gui":{"rotation":[30,225,0]}}}