{"textures":{"0":"modelengine:entity/kangaroo"},"elements":[{"from":[7.5,8.0,7.4999995],"to":[10.5,13.999998,8.5],"faces":{"east":{"uv":[5.4,5.6,5.2000003,6.8],"tintindex":0,"rotation":0,"texture":"#0"},"south":{"uv":[6.0,5.6,5.4,6.8],"tintindex":0,"rotation":0,"texture":"#0"},"north":{"uv":[5.2000003,5.6,4.6,6.8],"tintindex":0,"rotation":0,"texture":"#0"},"west":{"uv":[4.6,5.6,4.4,6.8],"tintindex":0,"rotation":0,"texture":"#0"},"up":{"uv":[4.6,5.6,5.2000003,5.4],"tintindex":0,"rotation":0,"texture":"#0"},"down":{"uv":[5.2000003,5.4,5.8,5.6],"tintindex":0,"rotation":0,"texture":"#0"}}}],"display":{"gui":{"rotation":[30,225,0]}}}