{"textures":{"0":"modelengine:entity/kangaroo"},"elements":[{"from":[6.5,6.5,8.0],"to":[9.5,9.5,19.0],"faces":{"east":{"uv":[0.0,10.8,2.2,11.400001],"tintindex":0,"rotation":0,"texture":"#0"},"south":{"uv":[5.0,10.8,5.6,11.400001],"tintindex":0,"rotation":0,"texture":"#0"},"north":{"uv":[2.2,10.8,2.8,11.400001],"tintindex":0,"rotation":0,"texture":"#0"},"west":{"uv":[2.8,10.8,5.0,11.400001],"tintindex":0,"rotation":0,"texture":"#0"},"up":{"uv":[2.8,10.8,2.2,8.6],"tintindex":0,"rotation":0,"texture":"#0"},"down":{"uv":[3.4,8.6,2.8,10.8],"tintindex":0,"rotation":0,"texture":"#0"}}}],"display":{"gui":{"rotation":[30,225,0]}}}