{"textures":{"0":"modelengine:entity/kangaroo"},"elements":[{"from":[5.5,6.0,8.0],"to":[10.5,10.0,19.0],"faces":{"east":{"uv":[6.8,2.2,9.0,3.0],"tintindex":0,"rotation":0,"texture":"#0"},"south":{"uv":[12.2,2.2,13.2,3.0],"tintindex":0,"rotation":0,"texture":"#0"},"north":{"uv":[9.0,2.2,10.0,3.0],"tintindex":0,"rotation":0,"texture":"#0"},"west":{"uv":[10.0,2.2,12.2,3.0],"tintindex":0,"rotation":0,"texture":"#0"},"up":{"uv":[10.0,2.2,9.0,0.0],"tintindex":0,"rotation":0,"texture":"#0"},"down":{"uv":[11.0,0.0,10.0,2.2],"tintindex":0,"rotation":0,"texture":"#0"}}}],"display":{"gui":{"rotation":[30,225,0]}}}