{
  "processors": [
    {
      "processor_type": "minecraft:rule",
      "rules": [
        {
          "input_predicate": {
            "block": "minecraft:grass",
            "predicate_type": "minecraft:random_block_match",
            "probability": 0.6
          },
          "location_predicate": {
            "predicate_type": "minecraft:always_true"
          },
          "output_state": {
            "Name": "minecraft:air"
          }
        },
        {
          "input_predicate": {
            "block": "minecraft:grass",
            "predicate_type": "minecraft:random_block_match",
            "probability": 0.02
          },
          "location_predicate": {
            "predicate_type": "minecraft:always_true"
          },
          "output_state": {
            "Name": "minecraft:dandelion"
          }
        },
        {
          "input_predicate": {
            "block": "minecraft:grass",
            "predicate_type": "minecraft:random_block_match",
            "probability": 0.02
          },
          "location_predicate": {
            "predicate_type": "minecraft:always_true"
          },
          "output_state": {
            "Name": "minecraft:poppy"
          }
        },
        {
          "input_predicate": {
            "block": "minecraft:grass",
            "predicate_type": "minecraft:random_block_match",
            "probability": 0.01
          },
          "location_predicate": {
            "predicate_type": "minecraft:always_true"
          },
          "output_state": {
            "Name": "minecraft:azure_bluet"
          }
        },
        {
          "input_predicate": {
            "block": "minecraft:grass",
            "predicate_type": "minecraft:random_block_match",
            "probability": 0.01
          },
          "location_predicate": {
            "predicate_type": "minecraft:always_true"
          },
          "output_state": {
            "Name": "minecraft:cornflower"
          }
        },
        {
          "input_predicate": {
            "block": "minecraft:grass",
            "predicate_type": "minecraft:random_block_match",
            "probability": 0.01
          },
          "location_predicate": {
            "predicate_type": "minecraft:always_true"
          },
          "output_state": {
            "Name": "minecraft:oxeye_daisy"
          }
        },
        {
          "input_predicate": {
            "block": "minecraft:grass",
            "predicate_type": "minecraft:random_block_match",
            "probability": 0.005
          },
          "location_predicate": {
            "predicate_type": "minecraft:always_true"
          },
          "output_state": {
            "Name": "minecraft:allium"
          }
        },
        {
          "input_predicate": {
            "block": "minecraft:grass",
            "predicate_type": "minecraft:random_block_match",
            "probability": 0.005
          },
          "location_predicate": {
            "predicate_type": "minecraft:always_true"
          },
          "output_state": {
            "Name": "minecraft:orange_tulip"
          }
        },
        {
          "input_predicate": {
            "block": "minecraft:grass",
            "predicate_type": "minecraft:random_block_match",
            "probability": 0.005
          },
          "location_predicate": {
            "predicate_type": "minecraft:always_true"
          },
          "output_state": {
            "Name": "minecraft:pink_tulip"
          }
        },
        {
          "input_predicate": {
            "block": "minecraft:grass",
            "predicate_type": "minecraft:random_block_match",
            "probability": 0.005
          },
          "location_predicate": {
            "predicate_type": "minecraft:always_true"
          },
          "output_state": {
            "Name": "minecraft:red_tulip"
          }
        },
        {
          "input_predicate": {
            "block": "minecraft:grass",
            "predicate_type": "minecraft:random_block_match",
            "probability": 0.005
          },
          "location_predicate": {
            "predicate_type": "minecraft:always_true"
          },
          "output_state": {
            "Name": "minecraft:white_tulip"
          }
        },
        {
          "input_predicate": {
            "block": "minecraft:grass_block",
            "predicate_type": "minecraft:random_block_match",
            "probability": 0.2
          },
          "location_predicate": {
            "predicate_type": "minecraft:always_true"
          },
          "output_state": {
            "Name": "minecraft:coarse_dirt"
          }
        },
        {
          "input_predicate": {
            "block": "minecraft:coarse_dirt",
            "predicate_type": "minecraft:random_block_match",
            "probability": 0.05
          },
          "location_predicate": {
            "predicate_type": "minecraft:always_true"
          },
          "output_state": {
            "Name": "minecraft:dirt"
          }
        },
        {
          "input_predicate": {
            "block": "minecraft:wheat",
            "predicate_type": "minecraft:random_block_match",
            "probability": 0.3
          },
          "location_predicate": {
            "predicate_type": "minecraft:always_true"
          },
          "output_state": {
            "Name": "minecraft:carrots",
            "Properties": {
              "age": "0"
            }
          }
        },
        {
          "input_predicate": {
            "block": "minecraft:wheat",
            "predicate_type": "minecraft:random_block_match",
            "probability": 0.2
          },
          "location_predicate": {
            "predicate_type": "minecraft:always_true"
          },
          "output_state": {
            "Name": "minecraft:potatoes",
            "Properties": {
              "age": "0"
            }
          }
        },
        {
          "input_predicate": {
            "block": "minecraft:wheat",
            "predicate_type": "minecraft:random_block_match",
            "probability": 0.1
          },
          "location_predicate": {
            "predicate_type": "minecraft:always_true"
          },
          "output_state": {
            "Name": "minecraft:beetroots",
            "Properties": {
              "age": "0"
            }
          }
        },
        {
          "input_predicate": {
            "block": "minecraft:stone",
            "predicate_type": "minecraft:random_block_match",
            "probability": 0.01
          },
          "location_predicate": {
            "predicate_type": "minecraft:always_true"
          },
          "output_state": {
            "Name": "minecraft:andesite"
          }
        },
        {
          "input_predicate": {
            "block": "minecraft:stone",
            "predicate_type": "minecraft:random_block_match",
            "probability": 0.01
          },
          "location_predicate": {
            "predicate_type": "minecraft:always_true"
          },
          "output_state": {
            "Name": "minecraft:diorite"
          }
        },
        {
          "input_predicate": {
            "block": "minecraft:stone",
            "predicate_type": "minecraft:random_block_match",
            "probability": 0.01
          },
          "location_predicate": {
            "predicate_type": "minecraft:always_true"
          },
          "output_state": {
            "Name": "minecraft:granite"
          }
        },
		{
          "input_predicate": {
            "block": "minecraft:seagrass",
            "predicate_type": "minecraft:random_block_match",
            "probability": 0.6
          },
          "location_predicate": {
            "predicate_type": "minecraft:always_true"
          },
          "output_state": {
            "Name": "minecraft:water"
          }
        }
      ]
    }
  ]
}