{
  "processors": [
    {
      "processor_type": "minecraft:rule",
      "rules": [
        {
          "input_predicate": {
            "block": "minecraft:grass",
            "predicate_type": "minecraft:random_block_match",
            "probability": 0.6
          },
          "location_predicate": {
            "predicate_type": "minecraft:always_true"
          },
          "output_state": {
            "Name": "minecraft:cave_air"
          }
        },
        {
          "input_predicate": {
            "block": "minecraft:grass",
            "predicate_type": "minecraft:random_block_match",
            "probability": 0.02
          },
          "location_predicate": {
            "predicate_type": "minecraft:always_true"
          },
          "output_state": {
            "Name": "minecraft:dandelion"
          }
        },
        {
          "input_predicate": {
            "block": "minecraft:grass",
            "predicate_type": "minecraft:random_block_match",
            "probability": 0.02
          },
          "location_predicate": {
            "predicate_type": "minecraft:always_true"
          },
          "output_state": {
            "Name": "minecraft:poppy"
          }
        },
        {
          "input_predicate": {
            "block": "minecraft:grass",
            "predicate_type": "minecraft:random_block_match",
            "probability": 0.01
          },
          "location_predicate": {
            "predicate_type": "minecraft:always_true"
          },
          "output_state": {
            "Name": "minecraft:azure_bluet"
          }
        },
        {
          "input_predicate": {
            "block": "minecraft:grass",
            "predicate_type": "minecraft:random_block_match",
            "probability": 0.01
          },
          "location_predicate": {
            "predicate_type": "minecraft:always_true"
          },
          "output_state": {
            "Name": "minecraft:cornflower"
          }
        },
        {
          "input_predicate": {
            "block": "minecraft:grass",
            "predicate_type": "minecraft:random_block_match",
            "probability": 0.01
          },
          "location_predicate": {
            "predicate_type": "minecraft:always_true"
          },
          "output_state": {
            "Name": "minecraft:oxeye_daisy"
          }
        },
        {
          "input_predicate": {
            "block": "minecraft:grass",
            "predicate_type": "minecraft:random_block_match",
            "probability": 0.005
          },
          "location_predicate": {
            "predicate_type": "minecraft:always_true"
          },
          "output_state": {
            "Name": "minecraft:allium"
          }
        },
        {
          "input_predicate": {
            "block": "minecraft:grass",
            "predicate_type": "minecraft:random_block_match",
            "probability": 0.005
          },
          "location_predicate": {
            "predicate_type": "minecraft:always_true"
          },
          "output_state": {
            "Name": "minecraft:orange_tulip"
          }
        },
        {
          "input_predicate": {
            "block": "minecraft:grass",
            "predicate_type": "minecraft:random_block_match",
            "probability": 0.005
          },
          "location_predicate": {
            "predicate_type": "minecraft:always_true"
          },
          "output_state": {
            "Name": "minecraft:pink_tulip"
          }
        },
        {
          "input_predicate": {
            "block": "minecraft:grass",
            "predicate_type": "minecraft:random_block_match",
            "probability": 0.005
          },
          "location_predicate": {
            "predicate_type": "minecraft:always_true"
          },
          "output_state": {
            "Name": "minecraft:red_tulip"
          }
        },
        {
          "input_predicate": {
            "block": "minecraft:grass",
            "predicate_type": "minecraft:random_block_match",
            "probability": 0.005
          },
          "location_predicate": {
            "predicate_type": "minecraft:always_true"
          },
          "output_state": {
            "Name": "minecraft:white_tulip"
          }
        },
		{
          "input_predicate": {
            "block": "minecraft:seagrass",
            "predicate_type": "minecraft:random_block_match",
            "probability": 0.6
          },
          "location_predicate": {
            "predicate_type": "minecraft:always_true"
          },
          "output_state": {
            "Name": "minecraft:water"
          }
        }
      ]
    }
  ]
}