{
  "processors": [
    {
      "processor_type": "minecraft:rule",
      "rules": [
        {
          "input_predicate": {
            "block": "minecraft:grass_block",
            "predicate_type": "minecraft:random_block_match",
            "probability": 0.5
          },
          "location_predicate": {
            "predicate_type": "minecraft:always_true"
          },
          "output_state": {
            "Name": "minecraft:coarse_dirt"
          }
        },
        {
          "input_predicate": {
            "block": "minecraft:grass",
            "predicate_type": "minecraft:random_block_match",
            "probability": 0.6
          },
          "location_predicate": {
            "predicate_type": "minecraft:always_true"
          },
          "output_state": {
            "Name": "minecraft:cave_air"
          }
        },
        {
          "input_predicate": {
            "block": "minecraft:grass",
            "predicate_type": "minecraft:random_block_match",
            "probability": 0.01
          },
          "location_predicate": {
            "predicate_type": "minecraft:always_true"
          },
          "output_state": {
            "Name": "minecraft:dandelion"
          }
        },
        {
          "input_predicate": {
            "block": "minecraft:grass",
            "predicate_type": "minecraft:random_block_match",
            "probability": 0.01
          },
          "location_predicate": {
            "predicate_type": "minecraft:always_true"
          },
          "output_state": {
            "Name": "minecraft:poppy"
          }
        }
      ]
    }
  ]
}