{
  "type": "minecraft:chest",
  "pools": [
    {
      "rolls": 1,
      "entries": [
        {
          "type": "minecraft:empty",
		  "weight": 1
        },
        {
          "type": "minecraft:loot_table",
		  "weight": 1,
          "name": "minecraft:chests/village/village_cartographer"
        },
        {
          "type": "minecraft:loot_table",
		  "weight": 1,
          "name": "minecraft:chests/village/village_fletcher"
        },
        {
          "type": "minecraft:loot_table",
		  "weight": 1,
          "name": "minecraft:chests/village/village_mason"
        },
        {
          "type": "minecraft:loot_table",
		  "weight": 1,
          "name": "minecraft:chests/village/village_tannery"
        }
      ]
    }
  ]
}
