{
    "display": {
        "icon": {
            "id": "minecraft:spectral_arrow"
        },
        "title": {
            "translate":"incendium.advancement.quartz_flats.sanctum.vault_hunter.title","fallback":"Vault Hunter"
        },
        "description": {
            "translate":"incendium.advancement.quartz_flats.sanctum.vault_hunter.desc","fallback":"Infiltrate the Sanctum vault and silence its guards to remove Mining Fatigue"
        },
        "frame": "challenge",
        "show_toast": true,
        "announce_to_chat": true,
        "hidden": false
    },
    "parent": "incendium:quartz_flats/sanctum/root",
    "criteria": {
        "requirement": {
            "trigger": "minecraft:player_killed_entity",
            "conditions": {
                "entity": [
                    {
                        "condition": "minecraft:entity_properties",
                        "entity": "this",
                        "predicate": {
                            "type": "minecraft:pillager",
                            "custom_data": "{Tags:[\"in.sanctum_guardian\"]}",
                            "location": {
                                "structures": "incendium:sanctum"
                            }
                        }
                    }
                ]
            }
        }
    }
}