{"format_version":"1.12.0","minecraft:geometry":[{"description":{"identifier":"geometry.pa_grizzl_bear","texture_width":128,"texture_height":128,"visible_bounds_width":7,"visible_bounds_height":4,"visible_bounds_offset":[0,2,0]},"bones":[{"name":"body","pivot":[1,-1,3],"cubes":[{"origin":[-7,11,-11],"size":[14,15,28],"uv":[0,0]},{"origin":[-8,10,-5],"size":[16,17,12],"uv":[27,99]},{"origin":[6,7,-10],"size":[0,3,25],"uv":[0,47]},{"origin":[-6,6,-10],"size":[0,4,26],"uv":[41,46]}],"locators":{"lead":[0,11,-15]}},{"name":"h_head","parent":"body","pivot":[0,14,-16],"cubes":[{"origin":[-4.5,14,-19],"size":[10,10,8],"uv":[57,0]},{"origin":[-1.5,15,-24],"size":[4,5,5],"uv":[0,17]},{"origin":[2.5,24,-15],"size":[3,2,2],"uv":[14,17]},{"origin":[-4.5,24,-15],"size":[3,2,2],"uv":[14,17]}]},{"name":"rightArm","parent":"h_head","pivot":[-2.5,10,-22]},{"name":"rightItem","parent":"rightArm","pivot":[-4,12.05,-27.6],"rotation":[-1.3,-120,20]},{"name":"leg0","parent":"body","pivot":[-3.5,10,12],"cubes":[{"origin":[-7,0,8],"size":[6,11,8],"uv":[0,76]}]},{"name":"leg1","parent":"body","pivot":[3.5,10,12],"cubes":[{"origin":[0.5,0,8],"size":[6,11,8],"uv":[0,76],"mirror":true}]},{"name":"leg2","parent":"body","pivot":[-3.5,16,-7],"cubes":[{"origin":[-7.5,0,-10],"size":[6,18,7],"uv":[74,78]}]},{"name":"leg3","parent":"body","pivot":[3.5,17,-7],"cubes":[{"origin":[1.5,0,-10],"size":[6,18,7],"uv":[74,78],"mirror":true}]}]}]}