{
    "pools": [
        {
            "rolls": 1,
            "entries": [
                {
                    "type": "minecraft:item",
                    "name": "item_frame",
                    "functions": [
                        {
                            "function": "minecraft:set_name",
                            "name": {
                                "text": "Etheral Crafter",
                                "color": "white",
                                "italic": false
                            }
                        },
                        {
                            "function": "minecraft:set_nbt",
                            "tag": "{display:{Name:'{\"text\":\"Etheral Crafter\",\"italic\":false}'},CustomModelData:1191007,EntityTag:{Tags:[\"global.ignore\",\"eth.block\",\"eth.entity\",\"eth.crafter\"],Item:{id:\"minecraft:item_frame\",Count:1b,tag:{CustomModelData:1191007,eth:{entity:1b,block:1b,crafter:1b}}},Invulnerable:1b,Invisible:1b,Fixed:1b}}"
                        }
                    ]
                }
            ]
        }
    ]
}