{
  "condition": "minecraft:alternative",
  "terms": [
    {
      "condition": "minecraft:entity_properties",
      "entity": "this",
      "predicate": {
        "equipment": {
          "mainhand": {
            "items": [
              "minecraft:crossbow"
            ],
            "nbt": "{Unbreakable:1,CustomModelData:5550,display:{Lore:['[{\"text\":\"Unleash my flame upon the vile.\",\"color\":\"white\"}]','[{\"text\":\"Feel my searing power as your foes\",\"italic\":true,\"color\":\"white\"}]','[{\"text\":\"tremble before my might!\",\"italic\":true,\"color\":\"white\"},{\"text\":\"\",\"italic\":false,\"color\":\"dark_purple\"}]','[{\"text\":\"\",\"italic\":false,\"color\":\"dark_purple\"}]','[{\"text\":\"Divine Power:\",\"italic\":false,\"color\":\"gray\"},{\"text\":\"\",\"italic\":false,\"color\":\"dark_purple\"}]','[{\"text\":\"Dragon Breath\",\"italic\":false,\"color\":\"red\"}]']},HideFlags:127}"
          }
        }
      }
    },
    {
      "condition": "minecraft:entity_properties",
      "entity": "this",
      "predicate": {
        "equipment": {
          "offhand": {
            "items": [
              "minecraft:crossbow"
            ],
            "nbt": "{Unbreakable:1,CustomModelData:5550,display:{Lore:['[{\"text\":\"Unleash my flame upon the vile.\",\"color\":\"white\"}]','[{\"text\":\"Feel my searing power as your foes\",\"italic\":true,\"color\":\"white\"}]','[{\"text\":\"tremble before my might!\",\"italic\":true,\"color\":\"white\"},{\"text\":\"\",\"italic\":false,\"color\":\"dark_purple\"}]','[{\"text\":\"\",\"italic\":false,\"color\":\"dark_purple\"}]','[{\"text\":\"Divine Power:\",\"italic\":false,\"color\":\"gray\"},{\"text\":\"\",\"italic\":false,\"color\":\"dark_purple\"}]','[{\"text\":\"Dragon Breath\",\"italic\":false,\"color\":\"red\"}]']},HideFlags:127}"
          }
        }
      }
    }
  ]
}
