{
  "condition": "minecraft:entity_properties",
  "entity": "this",
  "predicate": {
    "equipment": {
      "mainhand": {
        "items": [
          "minecraft:netherite_axe"
        ],
        "nbt": "{Unbreakable:1,RepairCost:9999,CustomModelData:5553,AttributeModifiers:[{AttributeName:\"generic.attack_damage\",Amount:30,Slot:mainhand,Name:\"generic.attack_damage\",UUID:[I;-12251,29977,15128,-59954]},{AttributeName:\"generic.attack_speed\",Amount:-2,Slot:mainhand,Name:\"generic.attack_speed\",UUID:[I;-12251,30077,15128,-60154]},{AttributeName:\"generic.attack_knockback\",Amount:4,Slot:mainhand,Name:\"generic.attack_knockback\",UUID:[I;-12251,30177,15128,-60354]}],display:{Name:'[{\"text\":\"Kronos\\' Axe of Time\",\"italic\":false,\"bold\":true,\"color\":\"dark_purple\"}]',Lore:['[{\"text\":\"The controller of time has come to strike\",\"italic\":false,\"color\":\"white\"}]','[{\"text\":\"you down! Gather your allies and prepare\",\"italic\":false,\"color\":\"white\"}]','[{\"text\":\"to stop the ultimate evil!\",\"italic\":false,\"color\":\"white\"},{\"text\":\"\",\"italic\":false,\"color\":\"dark_purple\"}]','[{\"text\":\"\",\"italic\":false,\"color\":\"dark_purple\"}]','[{\"text\":\"When in Main Hand:\",\"italic\":false,\"color\":\"gray\"},{\"text\":\"\",\"italic\":false,\"color\":\"dark_purple\"}]','[{\"text\":\" \",\"italic\":false,\"color\":\"white\"},{\"text\":\"30 Attack Damage\",\"italic\":false,\"color\":\"dark_green\"}]','[{\"text\":\" 2 Attack Speed\",\"italic\":false,\"color\":\"dark_green\"},{\"text\":\"\",\"italic\":false,\"color\":\"dark_purple\"}]','[{\"text\":\"\",\"italic\":false,\"color\":\"dark_purple\"}]','[{\"text\":\"Divine Power:\",\"italic\":false,\"color\":\"dark_red\"}]','[{\"text\":\" \",\"italic\":false,\"color\":\"dark_red\"},{\"text\":\"Temporal Shock\",\"color\":\"light_purple\"}]']},HideFlags:103}"
      }
    }
  }
}
