{
  "condition": "minecraft:entity_properties",
  "entity": "this",
  "predicate": {
    "equipment": {
      "mainhand": {
        "items": [
          "minecraft:bow"
        ],
        "nbt": "{Unbreakable:1,RepairCost:9999,CustomModelData:5550,display:{Name:'[{\"text\":\"Bow of Light\",\"italic\":false,\"color\":\"dark_red\"}]',Lore:['[{\"text\":\"As a token of completion and mastery of\",\"italic\":true,\"color\":\"white\"}]','[{\"text\":\"the bow, you have been granted the light\",\"italic\":true,\"color\":\"white\"}]','[{\"text\":\"of the heavens in material form.\",\"italic\":true,\"color\":\"white\"},{\"text\":\"\",\"italic\":false,\"color\":\"dark_purple\"}]','[{\"text\":\"\",\"italic\":false,\"color\":\"dark_purple\"}]','[{\"text\":\"Divine Power:\",\"italic\":false,\"color\":\"gray\"}]','[{\"text\":\"Light Arrows\",\"italic\":false,\"color\":\"yellow\"}]']},Enchantments:[{id:infinity,lvl:1},{id:power,lvl:4},{id:punch,lvl:2}],HideFlags:127}"
      }
    }
  }
}
