{
    "feature": "divine_dimension:ethera/lake",
    "placement": [
        {
            "type": "minecraft:rarity_filter",
            "chance": 14
        },
        {
            "type": "minecraft:in_square"
        },
        {
            "type": "minecraft:height_range",
            "height": {
                "min_inclusive": {
                    "above_bottom": 0
                },
                "max_inclusive": {
                    "below_top": 0
                },
                "type": "minecraft:uniform"
            }
        },
        {
            "type": "minecraft:biome"
        }
    ]
}
