{
    "feature": "divine_dimension:ethera/sa-tree",
    "placement": [
        {
            "type": "minecraft:count",
            "count": {
                "type": "minecraft:biased_to_bottom",
                "value": {
                    "min_inclusive": 0,
                    "max_inclusive": 1
                }
            }
        },
        {
            "type": "minecraft:in_square"
        },
        {
            "type": "heightmap",
            "heightmap": "WORLD_SURFACE_WG"
        },
        {
            "type": "minecraft:surface_water_depth_filter",
            "max_water_depth": 0
        },
        {
            "type": "minecraft:biome"
        }
    ]
}
