{
    "pools": [
        {
            "rolls": 1,
            "entries": [
                {
                    "type": "item",
                    "weight": 5,
                    "name": "minecraft:wooden_hoe",
                    "functions": [
                        {
                            "function": "set_nbt",
                            "tag": "{eth:{type1:1b,mechahorse_spawn:1b}}"
                        }
                    ]
                },
                {
                    "type": "item",
                    "weight": 4,
                    "name": "minecraft:stone_hoe",
                    "functions": [
                        {
                            "function": "set_nbt",
                            "tag": "{eth:{type2:1b,mechahorse_spawn:1b}}"
                        }
                    ]
                },
                {
                    "type": "item",
                    "weight": 3,
                    "name": "minecraft:iron_hoe",
                    "functions": [
                        {
                            "function": "set_nbt",
                            "tag": "{eth:{type3:1b,mechahorse_spawn:1b}}"
                        }
                    ]
                },
                {
                    "type": "item",
                    "weight": 2,
                    "name": "minecraft:golden_hoe",
                    "functions": [
                        {
                            "function": "set_nbt",
                            "tag": "{eth:{type4:1b,mechahorse_spawn:1b}}"
                        }
                    ]
                },
                {
                    "type": "item",
                    "weight": 1,
                    "name": "minecraft:diamond_hoe",
                    "functions": [
                        {
                            "function": "set_nbt",
                            "tag": "{eth:{type5:1b,mechahorse_spawn:1b}}"
                        }
                    ]
                }
            ]
        }
    ]
}