{
  "incendium:technical/scroll_of_returning": {
    "criteria": {
      "log_spam_fixer": "2024-10-16 02:01:23 +0000"
    },
    "done": false
  },
  "incendium:technical/using/ragnarok": {
    "criteria": {
      "log_spam_fixer": "2024-10-16 02:01:23 +0000"
    },
    "done": false
  },
  "imalittlhigh:folhors": {
    "criteria": {
      "1": "2024-10-16 02:01:22 +0000"
    },
    "done": true
  },
  "seavil:setup_flying": {
    "criteria": {
      "tick": "2024-10-16 02:01:22 +0000"
    },
    "done": true
  },
  "stellarity:cursed_tome/root": {
    "criteria": {
      "requirement": "2024-10-16 02:01:22 +0000"
    },
    "done": true
  },
  "minecraft:recipes/decorations/crafting_table": {
    "criteria": {
      "unlock_right_away": "2024-10-16 02:01:22 +0000"
    },
    "done": true
  },
  "incendium:technical/using/trailblazer": {
    "criteria": {
      "log_spam_fixer": "2024-10-16 02:01:23 +0000"
    },
    "done": false
  },
  "minecraft:adventure/adventuring_time": {
    "criteria": {
      "minecraft:cold_ocean": "2024-10-16 02:05:33 +0000",
      "minecraft:taiga": "2024-10-16 02:05:40 +0000",
      "minecraft:plains": "2024-10-16 02:01:23 +0000"
    },
    "done": false
  },
  "imalittlhigh:root": {
    "criteria": {
      "1": "2024-10-16 02:01:22 +0000"
    },
    "done": true
  },
  "incendium:technical/using/shield": {
    "criteria": {
      "log_spam_fixer": "2024-10-16 02:01:23 +0000"
    },
    "done": false
  },
  "incendium:technical/new_player": {
    "criteria": {
      "requirement": "2024-10-16 02:01:22 +0000"
    },
    "done": true
  },
  "DataVersion": 3700
}