{
  "minecraft:recipes/misc/charcoal": {
    "criteria": {
      "has_log": "2024-10-02 13:00:56 +0000"
    },
    "done": true
  },
  "minecraft:recipes/combat/crossbow": {
    "criteria": {
      "has_tripwire_hook": "2024-10-02 13:00:54 +0000"
    },
    "done": true
  },
  "minecraft:recipes/building_blocks/dark_oak_wood": {
    "criteria": {
      "has_log": "2024-10-02 13:00:56 +0000"
    },
    "done": true
  },
  "minecraft:recipes/food/bread": {
    "criteria": {
      "has_wheat": "2024-10-02 13:00:55 +0000"
    },
    "done": true
  },
  "minecraft:recipes/building_blocks/dark_oak_planks": {
    "criteria": {
      "has_log": "2024-10-02 13:00:56 +0000"
    },
    "done": true
  },
  "minecraft:recipes/redstone/trapped_chest": {
    "criteria": {
      "has_tripwire_hook": "2024-10-02 13:00:54 +0000"
    },
    "done": true
  },
  "minecraft:recipes/building_blocks/hay_block": {
    "criteria": {
      "has_wheat": "2024-10-02 13:00:55 +0000"
    },
    "done": true
  },
  "minecraft:adventure/adventuring_time": {
    "criteria": {
      "minecraft:taiga": "2024-10-02 13:01:37 +0000",
      "minecraft:grove": "2024-10-02 12:57:17 +0000",
      "minecraft:jagged_peaks": "2024-10-02 12:55:36 +0000",
      "minecraft:old_growth_spruce_taiga": "2024-10-02 13:01:38 +0000"
    },
    "done": false
  },
  "DataVersion": 3105
}