{
  "minecraft:recipes/decorations/snow": {
    "criteria": {
      "has_snowball": "2024-08-02 22:37:19 +0000"
    },
    "done": true
  },
  "minecraft:recipes/decorations/crafting_table": {
    "criteria": {
      "unlock_right_away": "2024-08-02 22:36:30 +0000"
    },
    "done": true
  },
  "minecraft:adventure/adventuring_time": {
    "criteria": {
      "minecraft:desert": "2024-08-02 22:44:31 +0000",
      "minecraft:birch_forest": "2024-08-02 22:42:25 +0000",
      "minecraft:snowy_plains": "2024-08-02 22:36:31 +0000",
      "minecraft:windswept_hills": "2024-08-02 22:53:12 +0000",
      "minecraft:old_growth_spruce_taiga": "2024-08-02 22:53:03 +0000",
      "minecraft:plains": "2024-08-02 22:51:14 +0000"
    },
    "done": false
  },
  "minecraft:recipes/building_blocks/snow_block": {
    "criteria": {
      "has_snowball": "2024-08-02 22:37:19 +0000"
    },
    "done": true
  },
  "DataVersion": 3700
}