{
    "name": "Tropical Dungeon",
    "rarity": 1,
    "maxPicked": 4,
    "minPicked": 2,
    "loot": [
        {
            "type": "wet_sponge",
            "maxAmount": 9,
            "slotTypes": "STORAGE"
        },
        {
            "type": "prismarine",
            "maxAmount": 20,
            "slotTypes": "STORAGE"
        },
        {
            "type": "sea_lantern",
            "maxAmount": 10,
            "slotTypes": "STORAGE"
        },
        {
            "type": "kelp",
            "maxAmount": 5,
            "slotTypes": "STORAGE"
        },
        {
            "type": "conduit",
            "maxamount": 1,
            "slottypes": "STORAGE",
            "rarity": 2
        },
        {
            "type": "axolotl_bucket",
            "maxamount": 5,
            "slottypes": "STORAGE"
        },
        {
            "type": "heart_of_the_sea",
            "maxamount": 1,
            "slottypes": "STORAGE"
        },
        {
            "type": "nautilus_shell",
            "maxamount": 5,
            "slottypes": "STORAGE"
        },
        {
            "type": "trident",
            "maxamount": 1,
            "slottypes": "STORAGE",
            "rarity": 2
        }
    ]
}
