{
  "pools": [
    {
      "rolls": 1,
      "entries": [
        {
          "type": "minecraft:item",
          "name": "minecraft:shield",
          "functions": [
            {
              "function": "minecraft:set_nbt",
              "tag": "{display:{Name:'[{\"text\":\"Buckler\",\"italic\":false,\"color\":\"gold\"}]',Lore:['[{\"text\":\"A small, round center-grip shield enchanted\",\"italic\":false,\"color\":\"white\"}]','[{\"text\":\"to enhance your riposte following a parry.\",\"italic\":false,\"color\":\"white\"},{\"text\":\"\",\"italic\":false,\"color\":\"dark_purple\"}]','[{\"text\":\"\",\"italic\":false,\"color\":\"dark_purple\"}]','[{\"text\":\"Allows You to Counterattack After Blocking\",\"italic\":false,\"color\":\"gray\"}]']},Enchantments:[{id:mending,lvl:1},{id:unbreaking,lvl:3}],HideFlags:63,eth:{buckler:1b}}"
            }
          ]
        }
      ]
    }
  ]
}
