{
  "pools": [
    {
      "rolls": 1,
      "entries": [
        {
          "type": "minecraft:item",
          "name": "minecraft:golden_helmet",
          "functions": [
            {
              "function": "minecraft:set_nbt",
              "tag": "{AttributeModifiers:[{AttributeName:\"generic.armor\",Amount:-6,Slot:head,Name:\"generic.armor\",UUID:[I;-12251,87718,184426,-175436]},{AttributeName:\"generic.attack_damage\",Amount:0.25,Slot:head,Operation:1,Name:\"generic.attack_damage\",UUID:[I;-12251,87818,184426,-175636]}],display:{Name:'[{\"text\":\"Crown of Thorns\",\"italic\":false,\"color\":\"gold\"}]',Lore:['[{\"text\":\"Woven from the brambles of the Far Woods,\",\"italic\":false,\"color\":\"white\"}]','[{\"text\":\"this uncomfortable crown draws on your life\",\"italic\":false,\"color\":\"white\"}]','[{\"text\":\"force to amplify the force of your blows.\",\"italic\":false,\"color\":\"white\"},{\"text\":\"\",\"italic\":false,\"color\":\"dark_purple\"}]','[{\"text\":\"\",\"italic\":false,\"color\":\"dark_purple\"}]','[{\"text\":\"When on Head:\",\"italic\":false,\"color\":\"gray\"},{\"text\":\"\",\"italic\":false,\"color\":\"dark_purple\"}]','[{\"text\":\" -6 Armor\",\"italic\":false,\"color\":\"red\"},{\"text\":\"\",\"italic\":false,\"color\":\"dark_purple\"}]','[{\"text\":\" +25% Base Attack Damage\",\"italic\":false,\"color\":\"blue\"}]']},Enchantments:[{id:mending,lvl:1},{id:unbreaking,lvl:3}],HideFlags:63,eth:{crown_of_thorns:1b}}"
            }
          ]
        }
      ]
    }
  ]
}
