{
  "pools": [
    {
      "rolls": 1,
      "entries": [
        {
          "type": "minecraft:item",
          "name": "minecraft:netherite_sword",
          "functions": [
            {
              "function": "minecraft:set_nbt",
              "tag": "{AttributeModifiers:[{AttributeName:\"generic.attack_damage\",Amount:9,Slot:mainhand,Name:\"generic.attack_damage\",UUID:[I;-12254,19758,111118,-39516]},{AttributeName:\"generic.attack_damage\",Amount:-2,Slot:mainhand,Name:\"generic.attack_damage\",UUID:[I;-12254,19858,111118,-39716]}],display:{Name:'[{\"text\":\"Cursed Cutlass\",\"italic\":false,\"color\":\"gold\"}]',Lore:['[{\"text\":\"Curiously, this curved blade glows with power\",\"italic\":false,\"color\":\"white\"}]','[{\"text\":\"when wielded from horseback. Perhaps it was\",\"italic\":false,\"color\":\"white\"}]','[{\"text\":\"meant to be a sabre?\",\"italic\":false,\"color\":\"white\"},{\"text\":\"\",\"italic\":false,\"color\":\"dark_purple\"}]','[{\"text\":\"\",\"italic\":false,\"color\":\"dark_purple\"}]','[{\"text\":\"When in Main Hand:\",\"italic\":false,\"color\":\"gray\"},{\"text\":\"\",\"italic\":false,\"color\":\"dark_purple\"}]','[{\"text\":\" 10 Attack Damage\",\"italic\":false,\"color\":\"dark_green\"}]','[{\"text\":\" 2 Attack Speed\",\"italic\":false,\"color\":\"dark_green\"}]']},HideFlags:103,CustomModelData:5552,eth:{item:13b,cursed_cutlass:1b}}"
            }
          ]
        }
      ]
    }
  ]
}
