{
  "pools": [
    {
      "rolls": 1,
      "entries": [
        {
          "type": "minecraft:item",
          "name": "minecraft:crossbow",
          "functions": [
            {
              "function": "minecraft:set_nbt",
              "tag": "{Unbreakable:1,RepairCost:999999,CustomModelData:5555,display:{Name:'[{\"text\":\"Dragon\\'s Orb\",\"italic\":false,\"color\":\"dark_red\"}]',Lore:['[{\"text\":\"At last you have mastered the pure essence\",\"italic\":false,\"color\":\"white\"}]','[{\"text\":\"of your \",\"italic\":false,\"color\":\"white\"},{\"text\":\"Divine Power\",\"color\":\"gold\"},{\"text\":\". Now behold: the\",\"color\":\"white\"}]','[{\"text\":\"celestial capstone of your long journey.\",\"italic\":false,\"color\":\"white\"},{\"text\":\"\",\"italic\":false,\"color\":\"dark_purple\"}]','[{\"text\":\"\",\"italic\":false,\"color\":\"dark_purple\"}]','[{\"text\":\"Divine Power:\",\"italic\":false,\"color\":\"gray\"}]','[{\"text\":\"Dance of Dragons\",\"italic\":false,\"color\":\"light_purple\"}]']},HideFlags:127,eth:{spells:1b,dragon:1b},Charged:1b}"
            }
          ]
        }
      ]
    }
  ]
}
