{
    "pools": [
        {
            "rolls": 1,
            "entries": [
                {
                    "type": "minecraft:item",
                    "name": "crossbow",
                    "functions": [
                        {
                            "function": "minecraft:set_name",
                            "name": {
                                "text": "Dragon's Roar",
                                "color": "gold",
                                "italic": false
                            }
                        },
                        {
                            "function": "minecraft:set_nbt",
                            "tag": "{Unbreakable:1,CustomModelData:5550,display:{Lore:['[{\"text\":\"Unleash my flame upon the vile.\",\"color\":\"white\"}]','[{\"text\":\"Feel my searing power as your foes\",\"italic\":true,\"color\":\"white\"}]','[{\"text\":\"tremble before my might!\",\"italic\":true,\"color\":\"white\"},{\"text\":\"\",\"italic\":false,\"color\":\"dark_purple\"}]','[{\"text\":\"\",\"italic\":false,\"color\":\"dark_purple\"}]','[{\"text\":\"Divine Power:\",\"italic\":false,\"color\":\"gray\"},{\"text\":\"\",\"italic\":false,\"color\":\"dark_purple\"}]','[{\"text\":\"Dragon Breath\",\"italic\":false,\"color\":\"red\"}]']},HideFlags:127,Charged:1b}"
                        }
                    ]
                }
            ]
        }
    ]
}