{
  "pools": [
    {
      "rolls": 1,
      "entries": [
        {
          "type": "minecraft:item",
          "name": "minecraft:netherite_axe",
          "functions": [
            {
              "function": "minecraft:set_nbt",
              "tag": "{Unbreakable:1,RepairCost:9999,CustomModelData:5554,AttributeModifiers:[{AttributeName:\"generic.attack_damage\",Amount:30,Slot:mainhand,Name:\"generic.attack_damage\",UUID:[I;-12251,86418,184426,-172836]},{AttributeName:\"generic.attack_speed\",Amount:-3.5,Slot:mainhand,Name:\"generic.attack_speed\",UUID:[I;-12251,86518,184426,-173036]}],display:{Name:'[{\"text\":\"God Splitter\",\"italic\":false,\"color\":\"dark_red\"}]',Lore:['[{\"text\":\"The pinnacle of raw divine might, your\",\"italic\":false,\"color\":\"white\"}]','[{\"text\":\"path to power grants you an axe to fell\",\"italic\":false,\"color\":\"white\"}]','[{\"text\":\"the mightiest of foes.\",\"italic\":false,\"color\":\"white\"},{\"text\":\"\",\"italic\":false,\"color\":\"dark_purple\"}]','[{\"text\":\"\",\"italic\":false,\"color\":\"dark_purple\"}]','[{\"text\":\"When in Main Hand:\",\"italic\":false,\"color\":\"gray\"},{\"text\":\"\",\"italic\":false,\"color\":\"dark_purple\"}]','[{\"text\":\" 30 Attack Damage\",\"italic\":false,\"color\":\"dark_green\"}]','[{\"text\":\" 0.5 Attack Speed\",\"italic\":false,\"color\":\"dark_green\"}]']},HideFlags:103}"
            }
          ]
        }
      ]
    }
  ]
}
