{
    "pools": [
        {
            "rolls": 1,
            "entries": [
                {
                    "type": "minecraft:item",
                    "name": "shield",
                    "functions": [
                        {
                            "function": "minecraft:set_nbt",
                            "tag": "{AttributeModifiers:[{AttributeName:\"generic.armor_toughness\",Amount:2,Slot:offhand,Name:\"generic.armor_toughness\",UUID:[I;-122314,44578,163445,-89156]}],display:{Name:'[{\"text\":\"Mirror Shield\",\"italic\":false,\"color\":\"gold\"}]',Lore:['[{\"text\":\"This polished shields divine essence\",\"italic\":false,\"color\":\"white\"}]','[{\"text\":\"allows it to focus a searing beam from\",\"italic\":false,\"color\":\"white\"}]','[{\"text\":\"ambient light when raised in defense\",\"italic\":false,\"color\":\"white\"},{\"text\":\"\",\"italic\":false,\"color\":\"dark_purple\"}]','[{\"text\":\"\",\"italic\":false,\"color\":\"dark_purple\"}]','[{\"text\":\"When in Offhand:\",\"italic\":false,\"color\":\"gray\"},{\"text\":\"\",\"italic\":false,\"color\":\"dark_purple\"}]','[{\"text\":\"+2 Toughness\",\"italic\":false,\"color\":\"blue\"},{\"text\":\"\",\"italic\":false,\"color\":\"dark_purple\"}]','[{\"text\":\"\",\"italic\":false,\"color\":\"dark_purple\"}]','[{\"text\":\"When Blocking in Light:\",\"italic\":false,\"color\":\"gray\"},{\"text\":\"\",\"italic\":false,\"color\":\"dark_purple\"}]','[{\"text\":\"Sun Beam I\",\"italic\":false,\"color\":\"yellow\"}]']},HideFlags:2}"
                        }
                    ]
                }
            ]
        }
    ]
}