{
  "pools": [
    {
      "rolls": 1,
      "entries": [
        {
          "type": "minecraft:item",
          "name": "minecraft:iron_sword",
          "functions": [
            {
              "function": "minecraft:set_nbt",
              "tag": "{CustomModelData:5552,AttributeModifiers:[{AttributeName:\"generic.attack_damage\",Amount:13,Slot:mainhand,Name:\"generic.attack_damage\",UUID:[I;-12254,36758,111118,-73516]},{AttributeName:\"generic.attack_speed\",Amount:-3.2,Slot:mainhand,Name:\"generic.attack_speed\",UUID:[I;-12254,36858,111118,-73716]}],display:{Name:'[{\"text\":\"Mourning Star\",\"italic\":false,\"color\":\"gold\"}]',Lore:['[{\"text\":\"A bloodthirsty mace that strikes\",\"italic\":false,\"color\":\"white\"}]','[{\"text\":\"faster with each consecutive hit.\",\"italic\":false,\"color\":\"white\"},{\"text\":\"\",\"italic\":false,\"color\":\"dark_purple\"}]','[{\"text\":\"\",\"italic\":false,\"color\":\"dark_purple\"}]','[{\"text\":\"When in Main Hand:\",\"italic\":false,\"color\":\"gray\"},{\"text\":\"\",\"italic\":false,\"color\":\"dark_purple\"}]','[{\"text\":\" 14 Attack Damage\",\"italic\":false,\"color\":\"dark_green\"}]','[{\"text\":\" 0.8 Attack Speed\",\"italic\":false,\"color\":\"dark_green\"}]']},HideFlags:2,eth:{tick_item:4b,mourning_star:1b}}"
            }
          ]
        }
      ]
    }
  ]
}
