{
  "pools": [
    {
      "rolls": 1,
      "entries": [
        {
          "type": "minecraft:item",
          "name": "minecraft:crossbow",
          "functions": [
            {
              "function": "minecraft:set_nbt",
              "tag": "{Unbreakable:1,CustomModelData:5554,display:{Name:'[{\"text\":\"Necronomicon\",\"italic\":false,\"color\":\"gold\"}]',Lore:['[{\"text\":\"A curiously well-preserved tome containing\",\"italic\":false,\"color\":\"white\"}]','[{\"text\":\"ancient knowledge and deathly incantations...\",\"italic\":false,\"color\":\"white\"}]','[{\"text\":\"Oh look here, something for returning dead\",\"italic\":false,\"color\":\"white\"}]','[{\"text\":\"things to their eternal rest. We\\'ll just\",\"italic\":false,\"color\":\"white\"}]','[{\"text\":\"use that one.\",\"italic\":false,\"color\":\"white\"},{\"text\":\"\",\"italic\":false,\"color\":\"dark_purple\"}]','[{\"text\":\"\",\"italic\":false,\"color\":\"dark_purple\"}]','[{\"text\":\"Divine Power:\",\"italic\":false,\"color\":\"gold\"},{\"text\":\"\",\"italic\":false,\"color\":\"dark_purple\"}]','[{\"text\":\" Eternal Rest\",\"italic\":false,\"color\":\"dark_purple\"}]']},Enchantments:[{id:quick_charge,lvl:6}],HideFlags:127,eth:{spells:1b,necronomicon:1b},Charged:1b}"
            }
          ]
        }
      ]
    }
  ]
}
