{
  "pools": [
    {
      "rolls": 1,
      "entries": [
        {
          "type": "minecraft:item",
          "name": "minecraft:bow",
          "functions": [
            {
              "function": "minecraft:set_nbt",
              "tag": "{display:{Name:'[{\"text\":\"Phantom Bow\",\"italic\":false,\"color\":\"gold\"}]',Lore:['[{\"text\":\"A bow made for a war long in the past,\",\"italic\":false,\"color\":\"white\"}]','[{\"text\":\"its limbs echo the bloodlust of the\",\"italic\":false,\"color\":\"white\"}]','[{\"text\":\"soldiers who fell in battle.\",\"italic\":false,\"color\":\"white\"},{\"text\":\"\",\"italic\":false,\"color\":\"dark_purple\"}]','[{\"text\":\"\",\"italic\":false,\"color\":\"dark_purple\"}]','[{\"text\":\"Divine Property:\",\"italic\":false,\"color\":\"gray\"},{\"text\":\"\",\"italic\":false,\"color\":\"dark_purple\"}]','[{\"text\":\"Ghost Arrows\",\"italic\":false,\"color\":\"light_purple\"}]']},eth:{tick_item:5b,phantom_bow:1b}}"
            }
          ]
        }
      ]
    }
  ]
}
