{
  "pools": [
    {
      "rolls": 1,
      "entries": [
        {
          "type": "minecraft:item",
          "name": "minecraft:netherite_shovel",
          "functions": [
            {
              "function": "minecraft:set_name",
              "name": {
                "text": "Polydeuces' Gauntlets",
                "color": "dark_red",
                "italic": false
              }
            },
            {
              "function": "minecraft:set_nbt",
              "tag": "{Unbreakable:1,RepairCost:99999,CustomModelData:5552,AttributeModifiers:[{AttributeName:\"generic.attack_damage\",Amount:4,Slot:mainhand,Operation:1,Name:\"generic.attack_damage\",UUID:[I;-122427,10466,1303,-20932]},{AttributeName:\"generic.attack_speed\",Amount:1,Slot:offhand,Name:\"generic.attack_speed\",UUID:[I;-122427,10566,1303,-21132]}],display:{Lore:['[{\"text\":\"As a sign of completion, you have been granted a\",\"color\":\"white\"}]','[{\"text\":\"set of these powerful boxing gauntlets. Divine\",\"italic\":true,\"color\":\"white\"}]','[{\"text\":\"power courses through them, enough to punch through\",\"italic\":true,\"color\":\"white\"}]','[{\"text\":\"chromium...\",\"italic\":true,\"color\":\"white\"},{\"text\":\"\",\"italic\":false,\"color\":\"dark_purple\"}]','[{\"text\":\"\",\"italic\":false,\"color\":\"dark_purple\"}]','[{\"text\":\"When in Mainhand:\",\"italic\":false,\"color\":\"gray\"}]','[{\"text\":\"+300% Attack Damage\",\"italic\":false,\"color\":\"blue\"},{\"text\":\"\",\"italic\":false,\"color\":\"dark_purple\"}]','[{\"text\":\"\",\"italic\":false,\"color\":\"dark_purple\"}]','[{\"text\":\"When in Offhand:\",\"italic\":false,\"color\":\"gray\"},{\"text\":\"\",\"italic\":false,\"color\":\"dark_purple\"}]','[{\"text\":\"+1 Attack Speed\",\"italic\":false,\"color\":\"blue\"}]']},Enchantments:[{id:vanishing_curse,lvl:1},{id:knockback,lvl:1}],HideFlags:123}"
            }
          ]
        }
      ]
    }
  ]
}
