{
    "pools": [
        {
            "rolls": 1,
            "entries": [
                {
                    "type": "minecraft:item",
                    "name": "netherite_axe",
                    "functions": [
                        {
                            "function": "minecraft:set_nbt",
                            "tag": "{Unbreakable:1,RepairCost:99999,CustomModelData:5551,AttributeModifiers:[{AttributeName:\"generic.attack_damage\",Amount:15,Slot:mainhand,Name:\"generic.attack_damage\",UUID:[I;-122320,66292,184759,-132584]},{AttributeName:\"generic.attack_speed\",Amount:-3,Slot:mainhand,Name:\"generic.attack_speed\",UUID:[I;-122320,66392,184759,-132784]}],display:{Name:'[{\"text\":\"Rolling Storm\",\"italic\":false,\"color\":\"gold\"}]',Lore:['[{\"text\":\"Heed the wrath of the heavens, for\",\"color\":\"white\"}]','[{\"text\":\"the power of the storm gods dwells\",\"italic\":true,\"color\":\"white\"}]','[{\"text\":\"within this legendary hammer.\",\"italic\":true,\"color\":\"white\"},{\"text\":\"\",\"italic\":false,\"color\":\"dark_purple\"}]','[{\"text\":\"\",\"italic\":false,\"color\":\"dark_purple\"}]','[{\"text\":\"When in Main Hand:\",\"italic\":false,\"color\":\"gray\"},{\"text\":\"\",\"italic\":false,\"color\":\"dark_purple\"}]','[{\"text\":\" 16 Attack Damage\",\"italic\":false,\"color\":\"dark_green\"}]','[{\"text\":\" 1 Attack Speed\",\"italic\":false,\"color\":\"dark_green\"},{\"text\":\"\",\"italic\":false,\"color\":\"dark_purple\"}]','[{\"text\":\"\",\"italic\":false,\"color\":\"dark_purple\"}]','[{\"text\":\"Divine Power:\",\"italic\":false,\"color\":\"gray\"},{\"text\":\"\",\"italic\":false,\"color\":\"dark_purple\"}]','[{\"text\":\"Thunder Wave\",\"italic\":false,\"color\":\"dark_purple\"}]']},HideFlags:127}"
                        }
                    ]
                }
            ]
        }
    ]
}
