{
    "pools": [
        {
            "rolls": 1,
            "entries": [
                {
                    "type": "minecraft:item",
                    "name": "leather_boots",
                    "functions": [
                        {
                            "function": "minecraft:set_nbt",
                            "tag": "{display:{Name:'{\"text\":\"Sky Runners\",\"color\":\"gold\",\"italic\":false}',Lore:['{\"text\":\"The vastness of the skies are the sea upon\",\"color\":\"white\",\"italic\":true}','{\"text\":\"which I sail. Do not be afraid, sprint forth\",\"color\":\"white\",\"italic\":true}','[{\"text\":\"and run free across the void!\",\"color\":\"white\",\"italic\":true}]','{\"text\":\" \"}','[{\"text\":\"When Worn While Sprinting:\",\"color\":\"gray\",\"italic\":false}]','[{\"text\":\"Sky Step\",\"color\":\"aqua\",\"italic\":false}]']},HideFlags:71,RepairCost:9999,Unbreakable:1b,Enchantments:[{id:\"minecraft:feather_falling\",lvl:4s},{id:\"minecraft:depth_strider\",lvl:2s},{id:\"minecraft:soul_speed\",lvl:3s}],AttributeModifiers:[{AttributeName:\"generic.armor\",Name:\"generic.armor\",Amount:0,Operation:0,UUID:[I;-743086115,-2121776001,-1723769779,-995470236],Slot:\"feet\"}]}"
                        }
                    ]
                }
            ]
        }
    ]
}