{
    "pools": [
        {
            "rolls": 1,
            "entries": [
                {
                    "type": "minecraft:item",
                    "name": "shield",
                    "functions": [
                        {
                            "function": "minecraft:set_nbt",
                            "tag": "{AttributeModifiers:[{AttributeName:\"generic.armor_toughness\",Amount:4,Slot:offhand,Name:\"generic.armor_toughness\",UUID:[I;-122314,63278,163445,-126556]}],display:{Name:'[{\"text\":\"Sun Shield\",\"italic\":false,\"color\":\"gold\"}]',Lore:['[{\"text\":\"Gleaming with divine power, this shield\",\"italic\":false,\"color\":\"white\"}]','[{\"text\":\"is said to be capable of shining a beam\",\"italic\":false,\"color\":\"white\"}]','[{\"text\":\"of concentrated sun light to vaporize\",\"italic\":false,\"color\":\"white\"}]','[{\"text\":\"your foes.\",\"italic\":false,\"color\":\"white\"},{\"text\":\"\",\"italic\":false,\"color\":\"dark_purple\"}]','[{\"text\":\"\",\"italic\":false,\"color\":\"dark_purple\"}]','[{\"text\":\"When in Offhand:\",\"italic\":false,\"color\":\"gray\"},{\"text\":\"\",\"italic\":false,\"color\":\"dark_purple\"}]','[{\"text\":\"+4 Toughness\",\"italic\":false,\"color\":\"blue\"},{\"text\":\"\",\"italic\":false,\"color\":\"dark_purple\"}]','[{\"text\":\"\",\"italic\":false,\"color\":\"dark_purple\"}]','[{\"text\":\"When Blocking:\",\"italic\":false,\"color\":\"gray\"},{\"text\":\"\",\"italic\":false,\"color\":\"dark_purple\"}]','[{\"text\":\"Sun Beam II\",\"italic\":false,\"color\":\"yellow\"}]']},HideFlags:2}"
                        }
                    ]
                }
            ]
        }
    ]
}