{
  "pools": [
    {
      "rolls": 1,
      "entries": [
        {
          "type": "minecraft:item",
          "name": "minecraft:iron_axe",
          "functions": [
            {
              "function": "minecraft:set_nbt",
              "tag": "{AttributeModifiers:[{AttributeName:\"generic.attack_damage\",Amount:19,Slot:mainhand,Name:\"generic.attack_damage\",UUID:[I;-12254,102358,111118,-204716]},{AttributeName:\"generic.attack_speed\",Amount:-3,Slot:mainhand,Name:\"generic.attack_speed\",UUID:[I;-12254,102458,111118,-204916]}],display:{Name:'[{\"text\":\"Vengeful Hammer\",\"italic\":false,\"color\":\"gold\"}]',Lore:['[{\"text\":\"A wrathful power swells up from within this\",\"italic\":false,\"color\":\"white\"}]','[{\"text\":\"hammer as you suffer injuries.\",\"italic\":false,\"color\":\"white\"}]','[{\"text\":\"There is only one way to unleash its fury.\",\"italic\":true,\"color\":\"white\"},{\"text\":\"\",\"italic\":false,\"color\":\"dark_purple\"}]','[{\"text\":\"\",\"italic\":false,\"color\":\"dark_purple\"}]','[{\"text\":\"When in Main Hand:\",\"italic\":false,\"color\":\"gray\"},{\"text\":\"\",\"italic\":false,\"color\":\"dark_purple\"}]','[{\"text\":\" 20 Attack Damage\",\"italic\":false,\"color\":\"dark_green\"}]','[{\"text\":\" 1 Attack Speed\",\"italic\":false,\"color\":\"dark_green\"}]']},HideFlags:3,RepairCost:1000,CustomModelData:5551,eth:{item:10b,vengeful_hammer:1b},Enchantments:[{id:\"minecraft:mending\",lvl:1}]}"
            }
          ]
        }
      ]
    }
  ]
}
