{
  "pools": [
    {
      "rolls": 1,
      "entries": [
        {
          "type": "minecraft:item",
          "name": "minecraft:crossbow",
          "functions": [
            {
              "function": "minecraft:set_nbt",
              "tag": "{display:{Name:'[{\"text\":\"Whirlwind\",\"italic\":false,\"color\":\"gold\"}]',Lore:['[{\"text\":\"Some crazy tinkerer decided it would be cool\",\"italic\":false,\"color\":\"white\"}]','[{\"text\":\"to make a repeating crossbow that fires bursts\",\"italic\":false,\"color\":\"white\"}]','[{\"text\":\"of arrows automatically. The only catch is, you\",\"italic\":false,\"color\":\"white\"}]','[{\"text\":\"need to be holding a specially made \\\\\"clip\\\\\" full\",\"italic\":false,\"color\":\"white\"}]','[{\"text\":\"of bolts to use it properly.\",\"italic\":false,\"color\":\"white\"},{\"text\":\"\",\"italic\":false,\"color\":\"dark_purple\"}]','[{\"text\":\"\",\"italic\":false,\"color\":\"dark_purple\"}]','[{\"text\":\"Hold [Right-Click] with an Arrow Clip\",\"italic\":false,\"color\":\"gray\"}]','[{\"text\":\"in Your Offhand for Automatic Fire\",\"italic\":false,\"color\":\"gray\"}]']},eth:{tick_item:3b,whirlwind:1b},Charged:0b}"
            }
          ]
        }
      ]
    }
  ]
}
