{
    "pools": [
        {
            "rolls": 1,
            "entries": [
                {
                    "type": "minecraft:item",
                    "name": "leather_boots",
                    "functions": [
                        {
                            "function": "minecraft:set_nbt",
                            "tag": "{Unbreakable:1,RepairCost:9999,AttributeModifiers:[{AttributeName:\"generic.armor\",Amount:0,Slot:feet,Name:\"generic.armor\",UUID:[I;-12245,31578,193059,-63156]}],display:{Name:'[{\"text\":\"Wind Striders\",\"italic\":false,\"color\":\"gold\"}]',Lore:['[{\"text\":\"A winged pair of boots gifted with the\",\"italic\":false,\"color\":\"white\"}]','[{\"text\":\"power of wind. These boots are mostly\",\"italic\":false,\"color\":\"white\"}]','[{\"text\":\"a quality of life upgrade, allowing the\",\"italic\":false,\"color\":\"white\"}]','[{\"text\":\"wearer to dash and leap faster and higher\",\"italic\":false,\"color\":\"white\"}]','[{\"text\":\"without interfering with normal walking.\",\"italic\":false,\"color\":\"white\"},{\"text\":\"\",\"italic\":false,\"color\":\"dark_purple\"}]','[{\"text\":\"\",\"italic\":false,\"color\":\"dark_purple\"}]','[{\"text\":\"When Worn While Sprinting:\",\"italic\":false,\"color\":\"gray\"},{\"text\":\"\",\"italic\":false,\"color\":\"dark_purple\"}]','[{\"text\":\"Wind Stride\",\"italic\":false,\"color\":\"green\"}]']},Enchantments:[{id:\"depth_strider\",lvl:2},{id:\"feather_falling\",lvl:2},{id:\"soul_speed\",lvl:3}],HideFlags:127}"
                        }
                    ]
                }
            ]
        }
    ]
}