{"elements":[{"from":[7.428571,4.5714283,6.5714283],"to":[8.0,8.0,9.428572],"rotation":{"angle":0.0,"axis":"y","origin":[3.7142854,-10.857143,13.428572]},"faces":{"east":{"uv":[1.875,2.28125,2.03125,2.46875],"rotation":0,"texture":"#0","tintindex":0},"south":{"uv":[2.21875,2.28125,2.25,2.46875],"rotation":0,"texture":"#0","tintindex":0},"north":{"uv":[2.03125,2.28125,2.0625,2.46875],"rotation":0,"texture":"#0","tintindex":0},"west":{"uv":[2.0625,2.28125,2.21875,2.46875],"rotation":0,"texture":"#0","tintindex":0},"up":{"uv":[2.0625,2.28125,2.03125,2.125],"rotation":0,"texture":"#0","tintindex":0},"down":{"uv":[2.09375,2.125,2.0625,2.28125],"rotation":0,"texture":"#0","tintindex":0}}}],"textures":{"0":"modelengine:entity/iron_golem15"},"display":{"head":{"translation":[0.0,-6.4,0.0],"scale":[4.0,4.0,4.0]}}}