{"elements":[{"from":[1.7142854,7.5714283,1.9999995],"to":[10.285714,14.428572,7.714286],"rotation":{"angle":0.0,"axis":"y","origin":[6.0,-6.714287,10.571428]},"faces":{"east":{"uv":[0.3125,2.4375,0.625,2.8125],"rotation":0,"texture":"#0","tintindex":0},"south":{"uv":[1.40625,2.4375,1.875,2.8125],"rotation":0,"texture":"#0","tintindex":0},"north":{"uv":[0.625,2.4375,1.09375,2.8125],"rotation":0,"texture":"#0","tintindex":0},"west":{"uv":[1.09375,2.4375,1.40625,2.8125],"rotation":0,"texture":"#0","tintindex":0},"up":{"uv":[1.09375,2.4375,0.625,2.125],"rotation":0,"texture":"#0","tintindex":0},"down":{"uv":[1.5625,2.125,1.09375,2.4375],"rotation":0,"texture":"#0","tintindex":0}}},{"from":[5.714286,7.5714283,1.9999995],"to":[5.714286,14.428572,7.714286],"rotation":{"angle":0.0,"axis":"y","origin":[6.0,-6.714287,10.571428]},"faces":{"east":{"uv":[4.71875,6.125,5.03125,6.5],"rotation":0,"texture":"#0","tintindex":0},"south":{"uv":[5.34375,6.125,5.34375,6.5],"rotation":0,"texture":"#0","tintindex":0},"north":{"uv":[5.03125,6.125,5.03125,6.5],"rotation":0,"texture":"#0","tintindex":0},"west":{"uv":[5.03125,6.125,5.34375,6.5],"rotation":0,"texture":"#0","tintindex":0},"up":{"uv":[5.03125,6.125,5.03125,5.8125],"rotation":0,"texture":"#0","tintindex":0},"down":{"uv":[5.03125,5.8125,5.03125,6.125],"rotation":0,"texture":"#0","tintindex":0}}},{"from":[4.285714,8.714286,0.28571415],"to":[7.714286,11.0,1.9999995],"rotation":{"angle":0.0,"axis":"y","origin":[6.0,-6.714287,10.571428]},"faces":{"east":{"uv":[0.3125,2.90625,0.40625,3.03125],"rotation":0,"texture":"#0","tintindex":0},"south":{"uv":[0.6875,2.90625,0.875,3.03125],"rotation":0,"texture":"#0","tintindex":0},"north":{"uv":[0.40625,2.90625,0.59375,3.03125],"rotation":0,"texture":"#0","tintindex":0},"west":{"uv":[0.59375,2.90625,0.6875,3.03125],"rotation":0,"texture":"#0","tintindex":0},"up":{"uv":[0.59375,2.90625,0.40625,2.8125],"rotation":0,"texture":"#0","tintindex":0},"down":{"uv":[0.78125,2.8125,0.59375,2.90625],"rotation":0,"texture":"#0","tintindex":0}}},{"from":[5.428571,8.714286,0.28571415],"to":[5.428571,11.0,1.9999995],"rotation":{"angle":0.0,"axis":"y","origin":[6.0,-6.714287,10.571428]},"faces":{"east":{"uv":[4.71875,5.96875,4.8125,6.09375],"rotation":0,"texture":"#0","tintindex":0},"south":{"uv":[4.90625,5.96875,4.90625,6.09375],"rotation":0,"texture":"#0","tintindex":0},"north":{"uv":[4.8125,5.96875,4.8125,6.09375],"rotation":0,"texture":"#0","tintindex":0},"west":{"uv":[4.8125,5.96875,4.90625,6.09375],"rotation":0,"texture":"#0","tintindex":0},"up":{"uv":[4.8125,5.96875,4.8125,5.875],"rotation":0,"texture":"#0","tintindex":0},"down":{"uv":[4.8125,5.875,4.8125,5.96875],"rotation":0,"texture":"#0","tintindex":0}}},{"from":[3.4285712,9.0,0.0],"to":[4.5714283,10.142858,2.2857141],"rotation":{"angle":0.0,"axis":"y","origin":[6.0,-6.714287,10.571428]},"faces":{"east":{"uv":[1.25,3.0625,1.375,3.125],"rotation":0,"texture":"#0","tintindex":0},"south":{"uv":[1.5625,3.0625,1.625,3.125],"rotation":0,"texture":"#0","tintindex":0},"north":{"uv":[1.375,3.0625,1.4375,3.125],"rotation":0,"texture":"#0","tintindex":0},"west":{"uv":[1.4375,3.0625,1.5625,3.125],"rotation":0,"texture":"#0","tintindex":0},"up":{"uv":[1.4375,3.0625,1.375,2.9375],"rotation":0,"texture":"#0","tintindex":0},"down":{"uv":[1.5,2.9375,1.4375,3.0625],"rotation":0,"texture":"#0","tintindex":0}}},{"from":[3.4285712,10.142858,0.0],"to":[4.5714283,10.714286,1.1428566],"rotation":{"angle":0.0,"axis":"y","origin":[6.0,-6.714287,10.571428]},"faces":{"east":{"uv":[1.375,2.90625,1.4375,2.9375],"rotation":0,"texture":"#0","tintindex":0},"south":{"uv":[1.5625,2.90625,1.625,2.9375],"rotation":0,"texture":"#0","tintindex":0},"north":{"uv":[1.4375,2.90625,1.5,2.9375],"rotation":0,"texture":"#0","tintindex":0},"west":{"uv":[1.5,2.90625,1.5625,2.9375],"rotation":0,"texture":"#0","tintindex":0},"up":{"uv":[1.5,2.90625,1.4375,2.84375],"rotation":0,"texture":"#0","tintindex":0},"down":{"uv":[1.5625,2.84375,1.5,2.90625],"rotation":0,"texture":"#0","tintindex":0}}},{"from":[7.428571,9.0,0.0],"to":[8.571428,10.142858,2.2857141],"rotation":{"angle":0.0,"axis":"y","origin":[6.0,-6.714287,10.571428]},"faces":{"east":{"uv":[0.875,2.9375,1.0,3.0],"rotation":0,"texture":"#0","tintindex":0},"south":{"uv":[1.1875,2.9375,1.25,3.0],"rotation":0,"texture":"#0","tintindex":0},"north":{"uv":[1.0,2.9375,1.0625,3.0],"rotation":0,"texture":"#0","tintindex":0},"west":{"uv":[1.0625,2.9375,1.1875,3.0],"rotation":0,"texture":"#0","tintindex":0},"up":{"uv":[1.0625,2.9375,1.0,2.8125],"rotation":0,"texture":"#0","tintindex":0},"down":{"uv":[1.125,2.8125,1.0625,2.9375],"rotation":0,"texture":"#0","tintindex":0}}},{"from":[7.428571,10.142858,0.0],"to":[8.571428,10.714286,1.1428566],"rotation":{"angle":0.0,"axis":"y","origin":[6.0,-6.714287,10.571428]},"faces":{"east":{"uv":[1.125,2.875,1.1875,2.90625],"rotation":0,"texture":"#0","tintindex":0},"south":{"uv":[1.3125,2.875,1.375,2.90625],"rotation":0,"texture":"#0","tintindex":0},"north":{"uv":[1.1875,2.875,1.25,2.90625],"rotation":0,"texture":"#0","tintindex":0},"west":{"uv":[1.25,2.875,1.3125,2.90625],"rotation":0,"texture":"#0","tintindex":0},"up":{"uv":[1.25,2.875,1.1875,2.8125],"rotation":0,"texture":"#0","tintindex":0},"down":{"uv":[1.3125,2.8125,1.25,2.875],"rotation":0,"texture":"#0","tintindex":0}}},{"from":[4.8571424,10.428572,1.4285712],"to":[7.142857,15.0,8.285714],"rotation":{"angle":0.0,"axis":"y","origin":[6.0,-6.714287,10.571428]},"faces":{"east":{"uv":[1.875,2.5,2.25,2.75],"rotation":0,"texture":"#0","tintindex":0},"south":{"uv":[2.75,2.5,2.875,2.75],"rotation":0,"texture":"#0","tintindex":0},"north":{"uv":[2.25,2.5,2.375,2.75],"rotation":0,"texture":"#0","tintindex":0},"west":{"uv":[2.375,2.5,2.75,2.75],"rotation":0,"texture":"#0","tintindex":0},"up":{"uv":[2.375,2.5,2.25,2.125],"rotation":0,"texture":"#0","tintindex":0},"down":{"uv":[2.5,2.125,2.375,2.5],"rotation":0,"texture":"#0","tintindex":0}}},{"from":[4.0,8.142858,-0.2857151],"to":[5.142857,10.428572,0.85714245],"rotation":{"angle":0.0,"axis":"y","origin":[6.0,-6.714287,10.571428]},"faces":{"east":{"uv":[1.5625,2.0,1.625,2.125],"rotation":0,"texture":"#0","tintindex":0},"south":{"uv":[1.75,2.0,1.8125,2.125],"rotation":0,"texture":"#0","tintindex":0},"north":{"uv":[1.625,2.0,1.6875,2.125],"rotation":0,"texture":"#0","tintindex":0},"west":{"uv":[1.6875,2.0,1.75,2.125],"rotation":0,"texture":"#0","tintindex":0},"up":{"uv":[1.6875,2.0,1.625,1.9375],"rotation":0,"texture":"#0","tintindex":0},"down":{"uv":[1.75,1.9375,1.6875,2.0],"rotation":0,"texture":"#0","tintindex":0}}},{"from":[5.457143,7.885714,-0.25714302],"to":[6.542857,10.114286,0.82857084],"rotation":{"angle":0.0,"axis":"y","origin":[6.0,-6.714287,10.571428]},"faces":{"east":{"uv":[1.5625,2.1875,1.625,2.3125],"rotation":0,"texture":"#0","tintindex":0},"south":{"uv":[1.75,2.1875,1.8125,2.3125],"rotation":0,"texture":"#0","tintindex":0},"north":{"uv":[1.625,2.1875,1.6875,2.3125],"rotation":0,"texture":"#0","tintindex":0},"west":{"uv":[1.6875,2.1875,1.75,2.3125],"rotation":0,"texture":"#0","tintindex":0},"up":{"uv":[1.6875,2.1875,1.625,2.125],"rotation":0,"texture":"#0","tintindex":0},"down":{"uv":[1.75,2.125,1.6875,2.1875],"rotation":0,"texture":"#0","tintindex":0}}},{"from":[6.857143,8.142858,-0.2857151],"to":[8.0,10.428572,0.85714245],"rotation":{"angle":0.0,"axis":"y","origin":[6.0,-6.714287,10.571428]},"faces":{"east":{"uv":[1.5625,2.1875,1.625,2.3125],"rotation":0,"texture":"#0","tintindex":0},"south":{"uv":[1.75,2.1875,1.8125,2.3125],"rotation":0,"texture":"#0","tintindex":0},"north":{"uv":[1.625,2.1875,1.6875,2.3125],"rotation":0,"texture":"#0","tintindex":0},"west":{"uv":[1.6875,2.1875,1.75,2.3125],"rotation":0,"texture":"#0","tintindex":0},"up":{"uv":[1.6875,2.1875,1.625,2.125],"rotation":0,"texture":"#0","tintindex":0},"down":{"uv":[1.75,2.125,1.6875,2.1875],"rotation":0,"texture":"#0","tintindex":0}}}],"textures":{"0":"modelengine:entity/iron_golem15"},"display":{"head":{"translation":[0.0,-6.4,0.0],"scale":[4.0,4.0,4.0]}}}