{"textures":{"0":"modelengine:entity/iron_golem15"},"elements":[{"from":[4.0,7.25,-2.5],"to":[4.0,19.25,7.5],"faces":{"east":{"uv":[4.71875,6.125,5.03125,6.5],"tintindex":0,"rotation":0,"texture":"#0"},"west":{"uv":[5.03125,6.125,5.34375,6.5],"tintindex":0,"rotation":0,"texture":"#0"}}},{"from":[0.0,9.75,-6.0],"to":[2.0,11.75,-2.0],"faces":{"east":{"uv":[1.25,3.0625,1.375,3.125],"tintindex":0,"rotation":0,"texture":"#0"},"south":{"uv":[1.5625,3.0625,1.625,3.125],"tintindex":0,"rotation":0,"texture":"#0"},"north":{"uv":[1.375,3.0625,1.4375,3.125],"tintindex":0,"rotation":0,"texture":"#0"},"west":{"uv":[1.4375,3.0625,1.5625,3.125],"tintindex":0,"rotation":0,"texture":"#0"},"up":{"uv":[1.4375,3.0625,1.375,2.9375],"tintindex":0,"rotation":0,"texture":"#0"},"down":{"uv":[1.5,2.9375,1.4375,3.0625],"tintindex":0,"rotation":0,"texture":"#0"}}},{"from":[7.0,9.75,-6.0],"to":[9.0,11.75,-2.0],"faces":{"east":{"uv":[0.875,2.9375,1.0,3.0],"tintindex":0,"rotation":0,"texture":"#0"},"south":{"uv":[1.1875,2.9375,1.25,3.0],"tintindex":0,"rotation":0,"texture":"#0"},"north":{"uv":[1.0,2.9375,1.0625,3.0],"tintindex":0,"rotation":0,"texture":"#0"},"west":{"uv":[1.0625,2.9375,1.1875,3.0],"tintindex":0,"rotation":0,"texture":"#0"},"up":{"uv":[1.0625,2.9375,1.0,2.8125],"tintindex":0,"rotation":0,"texture":"#0"},"down":{"uv":[1.125,2.8125,1.0625,2.9375],"tintindex":0,"rotation":0,"texture":"#0"}}},{"from":[1.5,9.25,-5.5],"to":[7.5,13.25,-2.5],"faces":{"east":{"uv":[0.3125,2.90625,0.40625,3.03125],"tintindex":0,"rotation":0,"texture":"#0"},"south":{"uv":[0.6875,2.90625,0.875,3.03125],"tintindex":0,"rotation":0,"texture":"#0"},"north":{"uv":[0.40625,2.90625,0.59375,3.03125],"tintindex":0,"rotation":0,"texture":"#0"},"west":{"uv":[0.59375,2.90625,0.6875,3.03125],"tintindex":0,"rotation":0,"texture":"#0"},"up":{"uv":[0.59375,2.90625,0.40625,2.8125],"tintindex":0,"rotation":0,"texture":"#0"},"down":{"uv":[0.78125,2.8125,0.59375,2.90625],"tintindex":0,"rotation":0,"texture":"#0"}}},{"from":[3.5,9.25,-5.5],"to":[3.5,13.25,-2.5],"faces":{"east":{"uv":[4.71875,5.96875,4.8125,6.09375],"tintindex":0,"rotation":0,"texture":"#0"},"west":{"uv":[4.8125,5.96875,4.90625,6.09375],"tintindex":0,"rotation":0,"texture":"#0"}}},{"from":[3.55,7.8,-6.45],"to":[5.45,11.7,-4.55],"faces":{"east":{"uv":[1.5625,2.1875,1.625,2.3125],"tintindex":0,"rotation":0,"texture":"#0"},"south":{"uv":[1.75,2.1875,1.8125,2.3125],"tintindex":0,"rotation":0,"texture":"#0"},"north":{"uv":[1.625,2.1875,1.6875,2.3125],"tintindex":0,"rotation":0,"texture":"#0"},"west":{"uv":[1.6875,2.1875,1.75,2.3125],"tintindex":0,"rotation":0,"texture":"#0"},"up":{"uv":[1.6875,2.1875,1.625,2.125],"tintindex":0,"rotation":0,"texture":"#0"},"down":{"uv":[1.75,2.125,1.6875,2.1875],"tintindex":0,"rotation":0,"texture":"#0"}}},{"from":[-3.0,7.25,-2.5],"to":[12.0,19.25,7.5],"faces":{"east":{"uv":[0.3125,2.4375,0.625,2.8125],"tintindex":0,"rotation":0,"texture":"#0"},"south":{"uv":[1.40625,2.4375,1.875,2.8125],"tintindex":0,"rotation":0,"texture":"#0"},"north":{"uv":[0.625,2.4375,1.09375,2.8125],"tintindex":0,"rotation":0,"texture":"#0"},"west":{"uv":[1.09375,2.4375,1.40625,2.8125],"tintindex":0,"rotation":0,"texture":"#0"},"up":{"uv":[1.09375,2.4375,0.625,2.125],"tintindex":0,"rotation":0,"texture":"#0"},"down":{"uv":[1.5625,2.125,1.09375,2.4375],"tintindex":0,"rotation":0,"texture":"#0"}}},{"from":[0.0,11.75,-6.0],"to":[2.0,12.75,-4.0],"faces":{"east":{"uv":[1.375,2.90625,1.4375,2.9375],"tintindex":0,"rotation":0,"texture":"#0"},"south":{"uv":[1.5625,2.90625,1.625,2.9375],"tintindex":0,"rotation":0,"texture":"#0"},"north":{"uv":[1.4375,2.90625,1.5,2.9375],"tintindex":0,"rotation":0,"texture":"#0"},"west":{"uv":[1.5,2.90625,1.5625,2.9375],"tintindex":0,"rotation":0,"texture":"#0"},"up":{"uv":[1.5,2.90625,1.4375,2.84375],"tintindex":0,"rotation":0,"texture":"#0"},"down":{"uv":[1.5625,2.84375,1.5,2.90625],"tintindex":0,"rotation":0,"texture":"#0"}}},{"from":[7.0,11.75,-6.0],"to":[9.0,12.75,-4.0],"faces":{"east":{"uv":[1.125,2.875,1.1875,2.90625],"tintindex":0,"rotation":0,"texture":"#0"},"south":{"uv":[1.3125,2.875,1.375,2.90625],"tintindex":0,"rotation":0,"texture":"#0"},"north":{"uv":[1.1875,2.875,1.25,2.90625],"tintindex":0,"rotation":0,"texture":"#0"},"west":{"uv":[1.25,2.875,1.3125,2.90625],"tintindex":0,"rotation":0,"texture":"#0"},"up":{"uv":[1.25,2.875,1.1875,2.8125],"tintindex":0,"rotation":0,"texture":"#0"},"down":{"uv":[1.3125,2.8125,1.25,2.875],"tintindex":0,"rotation":0,"texture":"#0"}}},{"from":[2.5,12.25,-3.5],"to":[6.5,20.25,8.5],"faces":{"east":{"uv":[1.875,2.5,2.25,2.75],"tintindex":0,"rotation":0,"texture":"#0"},"south":{"uv":[2.75,2.5,2.875,2.75],"tintindex":0,"rotation":0,"texture":"#0"},"north":{"uv":[2.25,2.5,2.375,2.75],"tintindex":0,"rotation":0,"texture":"#0"},"west":{"uv":[2.375,2.5,2.75,2.75],"tintindex":0,"rotation":0,"texture":"#0"},"up":{"uv":[2.375,2.5,2.25,2.125],"tintindex":0,"rotation":0,"texture":"#0"},"down":{"uv":[2.5,2.125,2.375,2.5],"tintindex":0,"rotation":0,"texture":"#0"}}},{"from":[1.0,8.25,-6.5],"to":[3.0,12.25,-4.5],"faces":{"east":{"uv":[1.5625,2.0,1.625,2.125],"tintindex":0,"rotation":0,"texture":"#0"},"south":{"uv":[1.75,2.0,1.8125,2.125],"tintindex":0,"rotation":0,"texture":"#0"},"north":{"uv":[1.625,2.0,1.6875,2.125],"tintindex":0,"rotation":0,"texture":"#0"},"west":{"uv":[1.6875,2.0,1.75,2.125],"tintindex":0,"rotation":0,"texture":"#0"},"up":{"uv":[1.6875,2.0,1.625,1.9375],"tintindex":0,"rotation":0,"texture":"#0"},"down":{"uv":[1.75,1.9375,1.6875,2.0],"tintindex":0,"rotation":0,"texture":"#0"}}},{"from":[6.0,8.25,-6.5],"to":[8.0,12.25,-4.5],"faces":{"east":{"uv":[1.5625,2.1875,1.625,2.3125],"tintindex":0,"rotation":0,"texture":"#0"},"south":{"uv":[1.75,2.1875,1.8125,2.3125],"tintindex":0,"rotation":0,"texture":"#0"},"north":{"uv":[1.625,2.1875,1.6875,2.3125],"tintindex":0,"rotation":0,"texture":"#0"},"west":{"uv":[1.6875,2.1875,1.75,2.3125],"tintindex":0,"rotation":0,"texture":"#0"},"up":{"uv":[1.6875,2.1875,1.625,2.125],"tintindex":0,"rotation":0,"texture":"#0"},"down":{"uv":[1.75,2.125,1.6875,2.1875],"tintindex":0,"rotation":0,"texture":"#0"}}}],"display":{"gui":{"rotation":[30,225,0]}}}