{"elements":[{"from":[10.0,18.285715,12.571428],"to":[15.714286,24.57143,18.285715],"rotation":{"angle":0.0,"axis":"y","origin":[8.0,18.285715,15.428572]},"faces":{"east":{"uv":[1.3125,3.125,1.625,3.46875],"rotation":0,"texture":"#0","tintindex":0},"south":{"uv":[2.25,3.125,2.5625,3.46875],"rotation":0,"texture":"#0","tintindex":0},"north":{"uv":[1.625,3.125,1.9375,3.46875],"rotation":0,"texture":"#0","tintindex":0},"west":{"uv":[1.9375,3.125,2.25,3.46875],"rotation":0,"texture":"#0","tintindex":0},"up":{"uv":[1.9375,3.125,1.625,2.8125],"rotation":0,"texture":"#0","tintindex":0},"down":{"uv":[2.25,2.8125,1.9375,3.125],"rotation":0,"texture":"#0","tintindex":0}}}],"textures":{"0":"modelengine:entity/iron_golem15"},"display":{"head":{"translation":[0.0,-6.4,0.0],"scale":[4.0,4.0,4.0]}}}