{"textures":{"0":"modelengine:entity/iron_golem15"},"elements":[{"from":[0.75,17.0,12.0],"to":[5.75,22.5,17.0],"faces":{"east":{"uv":[8.875,4.09375,8.5625,4.4375],"tintindex":0,"rotation":0,"texture":"#0"},"south":{"uv":[9.1875,4.09375,8.875,4.4375],"tintindex":0,"rotation":0,"texture":"#0"},"north":{"uv":[8.5625,4.09375,8.25,4.4375],"tintindex":0,"rotation":0,"texture":"#0"},"west":{"uv":[8.25,4.09375,7.9375,4.4375],"tintindex":0,"rotation":0,"texture":"#0"},"up":{"uv":[8.25,4.09375,8.5625,3.78125],"tintindex":0,"rotation":0,"texture":"#0"},"down":{"uv":[8.5625,3.78125,8.875,4.09375],"tintindex":0,"rotation":0,"texture":"#0"}}}],"display":{"gui":{"rotation":[30,225,0]}}}