{"elements":[{"from":[-0.2857151,18.285715,12.571428],"to":[5.428571,24.57143,18.285715],"rotation":{"angle":0.0,"axis":"y","origin":[7.428571,18.285715,15.428572]},"faces":{"east":{"uv":[8.875,4.09375,8.5625,4.4375],"rotation":0,"texture":"#0","tintindex":0},"south":{"uv":[9.1875,4.09375,8.875,4.4375],"rotation":0,"texture":"#0","tintindex":0},"north":{"uv":[8.5625,4.09375,8.25,4.4375],"rotation":0,"texture":"#0","tintindex":0},"west":{"uv":[8.25,4.09375,7.9375,4.4375],"rotation":0,"texture":"#0","tintindex":0},"up":{"uv":[8.25,4.09375,8.5625,3.78125],"rotation":0,"texture":"#0","tintindex":0},"down":{"uv":[8.5625,3.78125,8.875,4.09375],"rotation":0,"texture":"#0","tintindex":0}}}],"textures":{"0":"modelengine:entity/iron_golem15"},"display":{"head":{"translation":[0.0,-6.4,0.0],"scale":[4.0,4.0,4.0]}}}