{"textures":{"0":"modelengine:entity/iron_golem15"},"elements":[{"from":[9.75,17.0,12.0],"to":[14.75,22.5,17.0],"faces":{"east":{"uv":[1.3125,3.125,1.625,3.46875],"tintindex":0,"rotation":0,"texture":"#0"},"south":{"uv":[2.25,3.125,2.5625,3.46875],"tintindex":0,"rotation":0,"texture":"#0"},"north":{"uv":[1.625,3.125,1.9375,3.46875],"tintindex":0,"rotation":0,"texture":"#0"},"west":{"uv":[1.9375,3.125,2.25,3.46875],"tintindex":0,"rotation":0,"texture":"#0"},"up":{"uv":[1.9375,3.125,1.625,2.8125],"tintindex":0,"rotation":0,"texture":"#0"},"down":{"uv":[2.25,2.8125,1.9375,3.125],"tintindex":0,"rotation":0,"texture":"#0"}}}],"display":{"gui":{"rotation":[30,225,0]}}}