{"elements":[{"from":[9.428572,8.0,5.714286],"to":[14.0,16.57143,10.285714],"rotation":{"angle":0.0,"axis":"y","origin":[8.0,8.0,8.0]},"faces":{"east":{"uv":[3.59375,12.53125,3.84375,13.0],"rotation":0,"texture":"#0","tintindex":0},"south":{"uv":[4.34375,12.53125,4.59375,13.0],"rotation":0,"texture":"#0","tintindex":0},"north":{"uv":[3.84375,12.53125,4.09375,13.0],"rotation":0,"texture":"#0","tintindex":0},"west":{"uv":[4.09375,12.53125,4.34375,13.0],"rotation":0,"texture":"#0","tintindex":0},"up":{"uv":[4.09375,12.53125,3.84375,12.28125],"rotation":0,"texture":"#0","tintindex":0},"down":{"uv":[4.34375,12.28125,4.09375,12.53125],"rotation":0,"texture":"#0","tintindex":0}}},{"from":[9.428572,8.0,9.142858],"to":[14.0,16.57143,9.142858],"rotation":{"angle":0.0,"axis":"y","origin":[8.0,8.0,8.0]},"faces":{"east":{"uv":[4.875,15.53125,4.875,16.0],"rotation":0,"texture":"#0","tintindex":0},"south":{"uv":[5.125,15.53125,5.375,16.0],"rotation":0,"texture":"#0","tintindex":0},"north":{"uv":[4.875,15.53125,5.125,16.0],"rotation":0,"texture":"#0","tintindex":0},"west":{"uv":[5.125,15.53125,5.125,16.0],"rotation":0,"texture":"#0","tintindex":0},"up":{"uv":[5.125,15.53125,4.875,15.53125],"rotation":0,"texture":"#0","tintindex":0},"down":{"uv":[5.375,15.53125,5.125,15.53125],"rotation":0,"texture":"#0","tintindex":0}}}],"textures":{"0":"modelengine:entity/iron_golem15"},"display":{"head":{"translation":[0.0,-6.4,0.0],"scale":[4.0,4.0,4.0]}}}