{"textures":{"0":"modelengine:entity/iron_golem15"},"elements":[{"from":[0.75,17.0,12.0],"to":[5.75,22.5,17.0],"faces":{"east":{"uv":[0.9375,11.28125,0.625,11.625],"tintindex":0,"rotation":0,"texture":"#0"},"south":{"uv":[1.25,11.28125,0.9375,11.625],"tintindex":0,"rotation":0,"texture":"#0"},"north":{"uv":[0.625,11.28125,0.3125,11.625],"tintindex":0,"rotation":0,"texture":"#0"},"west":{"uv":[0.3125,11.28125,0.0,11.625],"tintindex":0,"rotation":0,"texture":"#0"},"up":{"uv":[0.3125,11.28125,0.625,10.96875],"tintindex":0,"rotation":0,"texture":"#0"},"down":{"uv":[0.625,10.96875,0.9375,11.28125],"tintindex":0,"rotation":0,"texture":"#0"}}}],"display":{"gui":{"rotation":[30,225,0]}}}