{"elements":[{"from":[-0.2857151,18.285715,12.571428],"to":[5.428571,24.57143,18.285715],"rotation":{"angle":0.0,"axis":"y","origin":[7.428571,18.285715,15.428572]},"faces":{"east":{"uv":[0.9375,11.28125,0.625,11.625],"rotation":0,"texture":"#0","tintindex":0},"south":{"uv":[1.25,11.28125,0.9375,11.625],"rotation":0,"texture":"#0","tintindex":0},"north":{"uv":[0.625,11.28125,0.3125,11.625],"rotation":0,"texture":"#0","tintindex":0},"west":{"uv":[0.3125,11.28125,0.0,11.625],"rotation":0,"texture":"#0","tintindex":0},"up":{"uv":[0.3125,11.28125,0.625,10.96875],"rotation":0,"texture":"#0","tintindex":0},"down":{"uv":[0.625,10.96875,0.9375,11.28125],"rotation":0,"texture":"#0","tintindex":0}}}],"textures":{"0":"modelengine:entity/iron_golem15"},"display":{"head":{"translation":[0.0,-6.4,0.0],"scale":[4.0,4.0,4.0]}}}