{"elements":[{"from":[-1.4285717,-6.285715,4.5714283],"to":[17.428572,8.571428,11.428572],"rotation":{"angle":0.0,"axis":"y","origin":[8.0,-12.0,8.0]},"faces":{"east":{"uv":[2.875,2.5,3.25,3.3125],"rotation":0,"texture":"#0","tintindex":0},"south":{"uv":[4.65625,2.5,5.6875,3.3125],"rotation":0,"texture":"#0","tintindex":0},"north":{"uv":[3.25,2.5,4.28125,3.3125],"rotation":0,"texture":"#0","tintindex":0},"west":{"uv":[4.28125,2.5,4.65625,3.3125],"rotation":0,"texture":"#0","tintindex":0},"up":{"uv":[4.28125,2.5,3.25,2.125],"rotation":0,"texture":"#0","tintindex":0},"down":{"uv":[5.3125,2.125,4.28125,2.5],"rotation":0,"texture":"#0","tintindex":0}}},{"from":[7.714286,-6.285715,4.5714283],"to":[7.714286,8.571428,11.428572],"rotation":{"angle":0.0,"axis":"y","origin":[8.0,-12.0,8.0]},"faces":{"east":{"uv":[3.9375,5.6875,4.3125,6.5],"rotation":0,"texture":"#0","tintindex":0},"south":{"uv":[4.6875,5.6875,4.6875,6.5],"rotation":0,"texture":"#0","tintindex":0},"north":{"uv":[4.3125,5.6875,4.3125,6.5],"rotation":0,"texture":"#0","tintindex":0},"west":{"uv":[4.3125,5.6875,4.6875,6.5],"rotation":0,"texture":"#0","tintindex":0},"up":{"uv":[4.3125,5.6875,4.3125,5.3125],"rotation":0,"texture":"#0","tintindex":0},"down":{"uv":[4.3125,5.3125,4.3125,5.6875],"rotation":0,"texture":"#0","tintindex":0}}},{"from":[12.857143,3.4285712,4.0],"to":[18.0,9.142858,12.0],"rotation":{"angle":0.0,"axis":"y","origin":[8.0,-12.0,8.0]},"faces":{"east":{"uv":[4.375,3.75,4.8125,4.0625],"rotation":0,"texture":"#0","tintindex":0},"south":{"uv":[5.53125,3.75,5.8125,4.0625],"rotation":0,"texture":"#0","tintindex":0},"north":{"uv":[4.8125,3.75,5.09375,4.0625],"rotation":0,"texture":"#0","tintindex":0},"west":{"uv":[5.09375,3.75,5.53125,4.0625],"rotation":0,"texture":"#0","tintindex":0},"up":{"uv":[5.09375,3.75,4.8125,3.3125],"rotation":0,"texture":"#0","tintindex":0},"down":{"uv":[5.375,3.3125,5.09375,3.75],"rotation":0,"texture":"#0","tintindex":0}}},{"from":[16.857143,4.0,10.285714],"to":[18.0,4.0,12.0],"rotation":{"angle":0.0,"axis":"y","origin":[8.0,-12.0,8.0]},"faces":{"east":{"uv":[6.21875,3.71875,6.3125,3.71875],"rotation":0,"texture":"#0","tintindex":0},"south":{"uv":[6.46875,3.71875,6.53125,3.71875],"rotation":0,"texture":"#0","tintindex":0},"north":{"uv":[6.3125,3.71875,6.375,3.71875],"rotation":0,"texture":"#0","tintindex":0},"west":{"uv":[6.375,3.71875,6.46875,3.71875],"rotation":0,"texture":"#0","tintindex":0},"up":{"uv":[6.375,3.71875,6.3125,3.625],"rotation":0,"texture":"#0","tintindex":0},"down":{"uv":[6.4375,3.625,6.375,3.71875],"rotation":0,"texture":"#0","tintindex":0}}},{"from":[16.857143,4.0,4.0],"to":[18.0,4.0,5.714286],"rotation":{"angle":0.0,"axis":"y","origin":[8.0,-12.0,8.0]},"faces":{"east":{"uv":[6.21875,3.71875,6.3125,3.71875],"rotation":0,"texture":"#0","tintindex":0},"south":{"uv":[6.46875,3.71875,6.53125,3.71875],"rotation":0,"texture":"#0","tintindex":0},"north":{"uv":[6.3125,3.71875,6.375,3.71875],"rotation":0,"texture":"#0","tintindex":0},"west":{"uv":[6.375,3.71875,6.46875,3.71875],"rotation":0,"texture":"#0","tintindex":0},"up":{"uv":[6.375,3.71875,6.3125,3.625],"rotation":0,"texture":"#0","tintindex":0},"down":{"uv":[6.4375,3.625,6.375,3.71875],"rotation":0,"texture":"#0","tintindex":0}}},{"from":[16.857143,3.4285712,5.714286],"to":[18.0,3.4285712,10.285714],"rotation":{"angle":0.0,"axis":"y","origin":[8.0,-12.0,8.0]},"faces":{"east":{"uv":[6.21875,3.875,6.46875,3.875],"rotation":0,"texture":"#0","tintindex":0},"south":{"uv":[6.78125,3.875,6.84375,3.875],"rotation":0,"texture":"#0","tintindex":0},"north":{"uv":[6.46875,3.875,6.53125,3.875],"rotation":0,"texture":"#0","tintindex":0},"west":{"uv":[6.53125,3.875,6.78125,3.875],"rotation":0,"texture":"#0","tintindex":0},"up":{"uv":[6.53125,3.875,6.46875,3.625],"rotation":0,"texture":"#0","tintindex":0},"down":{"uv":[6.59375,3.625,6.53125,3.875],"rotation":0,"texture":"#0","tintindex":0}}},{"from":[16.857143,3.4285712,10.285714],"to":[18.0,4.0,10.285714],"rotation":{"angle":0.0,"axis":"y","origin":[8.0,-12.0,8.0]},"faces":{"east":{"uv":[6.21875,3.625,6.21875,3.65625],"rotation":0,"texture":"#0","tintindex":0},"south":{"uv":[6.28125,3.625,6.34375,3.65625],"rotation":0,"texture":"#0","tintindex":0},"north":{"uv":[6.21875,3.625,6.28125,3.65625],"rotation":0,"texture":"#0","tintindex":0},"west":{"uv":[6.28125,3.625,6.28125,3.65625],"rotation":0,"texture":"#0","tintindex":0},"up":{"uv":[6.28125,3.625,6.21875,3.625],"rotation":0,"texture":"#0","tintindex":0},"down":{"uv":[6.34375,3.625,6.28125,3.625],"rotation":0,"texture":"#0","tintindex":0}}},{"from":[16.857143,3.4285712,5.714286],"to":[18.0,4.0,5.714286],"rotation":{"angle":0.0,"axis":"y","origin":[8.0,-12.0,8.0]},"faces":{"east":{"uv":[6.21875,3.625,6.21875,3.65625],"rotation":0,"texture":"#0","tintindex":0},"south":{"uv":[6.28125,3.625,6.34375,3.65625],"rotation":0,"texture":"#0","tintindex":0},"north":{"uv":[6.21875,3.625,6.28125,3.65625],"rotation":0,"texture":"#0","tintindex":0},"west":{"uv":[6.28125,3.625,6.28125,3.65625],"rotation":0,"texture":"#0","tintindex":0},"up":{"uv":[6.28125,3.625,6.21875,3.625],"rotation":0,"texture":"#0","tintindex":0},"down":{"uv":[6.34375,3.625,6.28125,3.625],"rotation":0,"texture":"#0","tintindex":0}}},{"from":[16.857143,3.4285712,4.0],"to":[16.857143,4.0,12.0],"rotation":{"angle":0.0,"axis":"y","origin":[8.0,-12.0,8.0]},"faces":{"east":{"uv":[5.53125,3.96875,5.96875,4.0],"rotation":0,"texture":"#0","tintindex":0},"south":{"uv":[6.40625,3.96875,6.40625,4.0],"rotation":0,"texture":"#0","tintindex":0},"north":{"uv":[5.96875,3.96875,5.96875,4.0],"rotation":0,"texture":"#0","tintindex":0},"west":{"uv":[5.96875,3.96875,6.40625,4.0],"rotation":0,"texture":"#0","tintindex":0},"up":{"uv":[5.96875,3.96875,5.96875,3.53125],"rotation":0,"texture":"#0","tintindex":0},"down":{"uv":[5.96875,3.53125,5.96875,3.96875],"rotation":0,"texture":"#0","tintindex":0}}},{"from":[14.571428,3.4285712,4.0],"to":[16.857143,3.4285712,12.0],"rotation":{"angle":0.0,"axis":"y","origin":[8.0,-12.0,8.0]},"faces":{"east":{"uv":[5.53125,3.96875,5.96875,3.96875],"rotation":0,"texture":"#0","tintindex":0},"south":{"uv":[6.53125,3.96875,6.65625,3.96875],"rotation":0,"texture":"#0","tintindex":0},"north":{"uv":[5.96875,3.96875,6.09375,3.96875],"rotation":0,"texture":"#0","tintindex":0},"west":{"uv":[6.09375,3.96875,6.53125,3.96875],"rotation":0,"texture":"#0","tintindex":0},"up":{"uv":[6.09375,3.96875,5.96875,3.53125],"rotation":0,"texture":"#0","tintindex":0},"down":{"uv":[6.21875,3.53125,6.09375,3.96875],"rotation":0,"texture":"#0","tintindex":0}}},{"from":[14.571428,3.4285712,4.0],"to":[14.571428,5.142857,12.0],"rotation":{"angle":0.0,"axis":"y","origin":[8.0,-12.0,8.0]},"faces":{"east":{"uv":[5.53125,3.96875,5.96875,4.0625],"rotation":0,"texture":"#0","tintindex":0},"south":{"uv":[6.40625,3.96875,6.40625,4.0625],"rotation":0,"texture":"#0","tintindex":0},"north":{"uv":[5.96875,3.96875,5.96875,4.0625],"rotation":0,"texture":"#0","tintindex":0},"west":{"uv":[5.96875,3.96875,6.40625,4.0625],"rotation":0,"texture":"#0","tintindex":0},"up":{"uv":[5.96875,3.96875,5.96875,3.53125],"rotation":0,"texture":"#0","tintindex":0},"down":{"uv":[5.96875,3.53125,5.96875,3.96875],"rotation":0,"texture":"#0","tintindex":0}}},{"from":[12.857143,5.142857,4.0],"to":[14.571428,5.142857,12.0],"rotation":{"angle":0.0,"axis":"y","origin":[8.0,-12.0,8.0]},"faces":{"east":{"uv":[5.53125,3.96875,5.96875,3.96875],"rotation":0,"texture":"#0","tintindex":0},"south":{"uv":[6.5,3.96875,6.59375,3.96875],"rotation":0,"texture":"#0","tintindex":0},"north":{"uv":[5.96875,3.96875,6.0625,3.96875],"rotation":0,"texture":"#0","tintindex":0},"west":{"uv":[6.0625,3.96875,6.5,3.96875],"rotation":0,"texture":"#0","tintindex":0},"up":{"uv":[6.0625,3.96875,5.96875,3.53125],"rotation":0,"texture":"#0","tintindex":0},"down":{"uv":[6.15625,3.53125,6.0625,3.96875],"rotation":0,"texture":"#0","tintindex":0}}}],"textures":{"0":"modelengine:entity/iron_golem15"},"display":{"head":{"translation":[0.0,-6.4,0.0],"scale":[4.0,4.0,4.0]}}}