{"elements":[{"from":[3.1371427,-6.862858,5.7085714],"to":[7.72,9.72,10.291429],"rotation":{"angle":0.0,"axis":"y","origin":[17.142857,-9.714287,8.0]},"faces":{"east":{"uv":[6.9375,3.53125,7.1875,4.4375],"rotation":0,"texture":"#0","tintindex":0},"south":{"uv":[7.6875,3.53125,7.9375,4.4375],"rotation":0,"texture":"#0","tintindex":0},"north":{"uv":[7.1875,3.53125,7.4375,4.4375],"rotation":0,"texture":"#0","tintindex":0},"west":{"uv":[7.4375,3.53125,7.6875,4.4375],"rotation":0,"texture":"#0","tintindex":0},"up":{"uv":[7.4375,3.53125,7.1875,3.28125],"rotation":0,"texture":"#0","tintindex":0},"down":{"uv":[7.6875,3.28125,7.4375,3.53125],"rotation":0,"texture":"#0","tintindex":0}}}],"textures":{"0":"modelengine:entity/iron_golem15"},"display":{"head":{"translation":[0.0,-6.4,0.0],"scale":[4.0,4.0,4.0]}}}