{"elements":[{"from":[9.142858,11.428572,12.0],"to":[13.714286,17.142857,16.57143],"rotation":{"angle":0.0,"axis":"y","origin":[8.0,11.428572,14.285715]},"faces":{"east":{"uv":[0.25,1.59375,0.5,1.90625],"rotation":0,"texture":"#0","tintindex":0},"south":{"uv":[1.0,1.59375,1.25,1.90625],"rotation":0,"texture":"#0","tintindex":0},"north":{"uv":[0.5,1.59375,0.75,1.90625],"rotation":0,"texture":"#0","tintindex":0},"west":{"uv":[0.75,1.59375,1.0,1.90625],"rotation":0,"texture":"#0","tintindex":0},"up":{"uv":[0.75,1.59375,0.5,1.34375],"rotation":0,"texture":"#0","tintindex":0},"down":{"uv":[1.0,1.34375,0.75,1.59375],"rotation":0,"texture":"#0","tintindex":0}}}],"textures":{"0":"modelengine:entity/iron_golem15"},"display":{"head":{"translation":[0.0,-6.4,0.0],"scale":[4.0,4.0,4.0]}}}