{"textures":{"0":"modelengine:entity/iron_golem15"},"elements":[{"from":[7.0,2.0,5.5],"to":[8.0,8.0,10.5],"faces":{"east":{"uv":[1.875,2.28125,2.03125,2.46875],"tintindex":0,"rotation":0,"texture":"#0"},"south":{"uv":[2.21875,2.28125,2.25,2.46875],"tintindex":0,"rotation":0,"texture":"#0"},"north":{"uv":[2.03125,2.28125,2.0625,2.46875],"tintindex":0,"rotation":0,"texture":"#0"},"west":{"uv":[2.0625,2.28125,2.21875,2.46875],"tintindex":0,"rotation":0,"texture":"#0"},"up":{"uv":[2.0625,2.28125,2.03125,2.125],"tintindex":0,"rotation":0,"texture":"#0"},"down":{"uv":[2.09375,2.125,2.0625,2.28125],"tintindex":0,"rotation":0,"texture":"#0"}}}],"display":{"gui":{"rotation":[30,225,0]}}}