{"textures":{"0":"modelengine:entity/iron_golem15"},"elements":[{"from":[10.0,14.0,15.0],"to":[18.0,24.0,23.0],"faces":{"east":{"uv":[0.25,1.59375,0.5,1.90625],"tintindex":0,"rotation":0,"texture":"#0"},"south":{"uv":[1.0,1.59375,1.25,1.90625],"tintindex":0,"rotation":0,"texture":"#0"},"north":{"uv":[0.5,1.59375,0.75,1.90625],"tintindex":0,"rotation":0,"texture":"#0"},"west":{"uv":[0.75,1.59375,1.0,1.90625],"tintindex":0,"rotation":0,"texture":"#0"},"up":{"uv":[0.75,1.59375,0.5,1.34375],"tintindex":0,"rotation":0,"texture":"#0"},"down":{"uv":[1.0,1.34375,0.75,1.59375],"tintindex":0,"rotation":0,"texture":"#0"}}}],"display":{"gui":{"rotation":[30,225,0]}}}