{"elements":[{"from":[8.114285,-5.8857145,6.1142855],"to":[13.028572,11.028572,11.028572],"rotation":{"angle":0.0,"axis":"y","origin":[-1.1428576,-8.57143,8.571428]},"faces":{"east":{"uv":[3.46875,5.3125,3.21875,6.21875],"rotation":0,"texture":"#0","tintindex":0},"south":{"uv":[3.71875,5.3125,3.46875,6.21875],"rotation":0,"texture":"#0","tintindex":0},"north":{"uv":[3.21875,5.3125,2.96875,6.21875],"rotation":0,"texture":"#0","tintindex":0},"west":{"uv":[2.96875,5.3125,2.71875,6.21875],"rotation":0,"texture":"#0","tintindex":0},"up":{"uv":[2.96875,5.3125,3.21875,5.0625],"rotation":0,"texture":"#0","tintindex":0},"down":{"uv":[3.21875,5.0625,3.46875,5.3125],"rotation":0,"texture":"#0","tintindex":0}}},{"from":[8.28,-5.720001,6.2799997],"to":[12.862858,10.862858,10.862858],"rotation":{"angle":0.0,"axis":"y","origin":[-1.1428576,-8.57143,8.571428]},"faces":{"east":{"uv":[1.0625,3.28125,0.8125,4.1875],"rotation":0,"texture":"#0","tintindex":0},"south":{"uv":[1.3125,3.28125,1.0625,4.1875],"rotation":0,"texture":"#0","tintindex":0},"north":{"uv":[0.8125,3.28125,0.5625,4.1875],"rotation":0,"texture":"#0","tintindex":0},"west":{"uv":[0.5625,3.28125,0.3125,4.1875],"rotation":0,"texture":"#0","tintindex":0},"up":{"uv":[0.5625,3.28125,0.8125,3.03125],"rotation":0,"texture":"#0","tintindex":0},"down":{"uv":[0.8125,3.03125,1.0625,3.28125],"rotation":0,"texture":"#0","tintindex":0}}}],"textures":{"0":"modelengine:entity/iron_golem15"},"display":{"head":{"translation":[0.0,-6.4,0.0],"scale":[4.0,4.0,4.0]}}}