{"elements":[{"from":[-7.512086,-2.3692284,4.3999996],"to":[11.687915,12.830771,11.6],"rotation":{"angle":0.0,"axis":"y","origin":[2.087914,-7.9120865,8.0]},"faces":{"east":{"uv":[3.09375,4.03125,2.71875,4.84375],"rotation":0,"texture":"#0","tintindex":0},"south":{"uv":[4.125,4.03125,3.09375,4.84375],"rotation":0,"texture":"#0","tintindex":0},"north":{"uv":[2.71875,4.03125,1.6875,4.84375],"rotation":0,"texture":"#0","tintindex":0},"west":{"uv":[1.6875,4.03125,1.3125,4.84375],"rotation":0,"texture":"#0","tintindex":0},"up":{"uv":[1.6875,4.03125,2.71875,3.65625],"rotation":0,"texture":"#0","tintindex":0},"down":{"uv":[2.71875,3.65625,3.75,4.03125],"rotation":0,"texture":"#0","tintindex":0}}},{"from":[-7.9120865,8.659343,4.0],"to":[-1.0549431,13.230772,12.0],"rotation":{"angle":0.0,"axis":"y","origin":[2.087914,-7.9120865,8.0]},"faces":{"east":{"uv":[5.59375,4.6875,5.15625,4.9375],"rotation":0,"texture":"#0","tintindex":0},"south":{"uv":[5.96875,4.6875,5.59375,4.9375],"rotation":0,"texture":"#0","tintindex":0},"north":{"uv":[5.15625,4.6875,4.78125,4.9375],"rotation":0,"texture":"#0","tintindex":0},"west":{"uv":[4.78125,4.6875,4.34375,4.9375],"rotation":0,"texture":"#0","tintindex":0},"up":{"uv":[4.78125,4.6875,5.15625,4.25],"rotation":0,"texture":"#0","tintindex":0},"down":{"uv":[5.15625,4.25,5.53125,4.6875],"rotation":0,"texture":"#0","tintindex":0}}}],"textures":{"0":"modelengine:entity/iron_golem15"},"display":{"head":{"translation":[0.0,-6.4,0.0],"scale":[4.0,4.0,4.0]}}}