{"textures":{"0":"modelengine:entity/iron_golem15"},"elements":[{"from":[3.0,-15.0,4.0],"to":[11.0,9.0,12.0],"faces":{"east":{"uv":[2.25,9.1875,2.5,9.9375],"tintindex":0,"rotation":0,"texture":"#0"},"south":{"uv":[3.0,9.1875,3.25,9.9375],"tintindex":0,"rotation":0,"texture":"#0"},"north":{"uv":[2.5,9.1875,2.75,9.9375],"tintindex":0,"rotation":0,"texture":"#0"},"west":{"uv":[2.75,9.1875,3.0,9.9375],"tintindex":0,"rotation":0,"texture":"#0"},"up":{"uv":[2.75,9.1875,2.5,8.9375],"tintindex":0,"rotation":0,"texture":"#0"},"down":{"uv":[3.0,8.9375,2.75,9.1875],"tintindex":0,"rotation":0,"texture":"#0"}}}],"display":{"gui":{"rotation":[30,225,0]}}}