{"textures":{"0":"modelengine:entity/iron_golem15"},"elements":[{"from":[3.5,-2.0,3.0],"to":[13.5,9.0,13.0],"faces":{"east":{"uv":[0.0,10.625,0.3125,10.96875],"tintindex":0,"rotation":0,"texture":"#0"},"south":{"uv":[0.9375,10.625,1.25,10.96875],"tintindex":0,"rotation":0,"texture":"#0"},"north":{"uv":[0.3125,10.625,0.625,10.96875],"tintindex":0,"rotation":0,"texture":"#0"},"west":{"uv":[0.625,10.625,0.9375,10.96875],"tintindex":0,"rotation":0,"texture":"#0"},"up":{"uv":[0.625,10.625,0.3125,10.3125],"tintindex":0,"rotation":0,"texture":"#0"},"down":{"uv":[0.9375,10.3125,0.625,10.625],"tintindex":0,"rotation":0,"texture":"#0"}}}],"display":{"gui":{"rotation":[30,225,0]}}}