{"elements":[{"from":[3.4285712,3.4285712,3.4285712],"to":[12.571428,12.571428,12.571428],"rotation":{"angle":0.0,"axis":"y","origin":[4.0,3.4285712,4.0]},"faces":{"east":{"uv":[0.0,4.0,4.0,8.0],"rotation":0,"texture":"#0","tintindex":0},"south":{"uv":[4.0,0.0,8.0,4.0],"rotation":0,"texture":"#0","tintindex":0},"north":{"uv":[0.0,0.0,4.0,4.0],"rotation":0,"texture":"#0","tintindex":0},"west":{"uv":[4.0,4.0,8.0,8.0],"rotation":0,"texture":"#0","tintindex":0},"up":{"uv":[4.0,12.0,0.0,8.0],"rotation":0,"texture":"#0","tintindex":0},"down":{"uv":[12.0,0.0,8.0,4.0],"rotation":0,"texture":"#0","tintindex":0}}}],"textures":{"0":"modelengine:entity/qmob_creakingheartblock"},"display":{"head":{"translation":[0.0,-6.4,0.0],"scale":[4.0,4.0,4.0]}}}