{
  "structures": [
    {
      "structure": "divine_dimension:dominiumfast_travel_tower",
      "weight": 15
    },
    {
      "structure": "divine_dimension:floatingislands1",
      "weight": 22
    },
    {
      "structure": "divine_dimension:largefloatingislands",
      "weight": 18
    },
    {
      "structure": "divine_dimension:parthenon",
      "weight": 35
    },
    {
      "structure": "divine_dimension:satyrvillage",
      "weight": 10
    }
  ],
  "placement": {
    "type": "minecraft:random_spread",
    "spacing": 19,
    "separation": 9,
    "salt": 69420,
    "spread_type": "triangular"
  }
}
