{
  "structures": [
    {
      "structure": "divine_dimension:farwoodtree1",
      "weight": 65
    },
    {
      "structure": "divine_dimension:farwoodtree2",
      "weight": 65
    },
    {
      "structure": "divine_dimension:farwoodtree3",
      "weight": 65
    },
    {
      "structure": "divine_dimension:farwoods_ruins",
      "weight": 30
    },
    {
      "structure": "divine_dimension:witchhouse",
      "weight": 8
    },
    {
      "structure": "divine_dimension:labyrinth",
      "weight": 8
    }
  ],
  "placement": {
    "frequency": 0.7,
    "type": "minecraft:random_spread",
    "spacing": 5,
    "separation": 3,
    "salt": 48946386
  }
}
