{
  "structures": [
    {
      "structure": "divine_dimension:spire1",
      "weight": 28
    },
    {
      "structure": "divine_dimension:spire2",
      "weight": 35
    },
    {
      "structure": "divine_dimension:spire3",
      "weight": 35
    },
    {
      "structure": "divine_dimension:largeskeleton",
      "weight": 5
    },
    {
      "structure": "divine_dimension:bubblespire",
      "weight": 1
    },
    {
      "structure": "divine_dimension:volcano",
      "weight": 1
    }
  ],
  "placement": {
    "frequency": 0.7,
    "type": "minecraft:random_spread",
    "spacing": 2,
    "separation": 1,
    "salt": 68946386,
    "spread_type": "triangular"
  }
}
