{
  "structures": [
    {
      "structure": "divine_dimension:palmtree1",
      "weight": 15
    },
    {
      "structure": "divine_dimension:palmtree2",
      "weight": 15
    },
    {
      "structure": "divine_dimension:palmtree3",
      "weight": 15
    },
    {
      "structure": "divine_dimension:oasis1",
      "weight": 5
    },
    {
      "structure": "divine_dimension:oasis2",
      "weight": 5
    },
    {
      "structure": "divine_dimension:sapphire_oasis_ruins",
      "weight": 2
    }
  ],
  "placement": {
    "type": "minecraft:random_spread",
    "spacing": 3,
    "separation": 1,
    "salt": 48946386
  }
}
