{
  "name": "seavil:aquarium_cage",
  "fallback": "minecraft:empty",
  "elements": [
    { 
      "weight": 1,
      "element": {
        "location": "seavil:entities/critters/drowned_2",
        "processors": "minecraft:empty",
        "projection": "rigid",
        "element_type": "minecraft:legacy_single_pool_element"
      }
    },
    { 
      "weight": 1,
      "element": {
        "location": "seavil:entities/critters/guardian",
        "processors": "minecraft:empty",
        "projection": "rigid",
        "element_type": "minecraft:legacy_single_pool_element"
      }
    }
  ]
}
