{
  "name": "seavil:aquarium_squid",
  "fallback": "minecraft:empty",
  "elements": [
    { 
      "weight": 1,
      "element": {
        "location": "seavil:entities/critters/glow_squid",
        "processors": "minecraft:empty",
        "projection": "rigid",
        "element_type": "minecraft:legacy_single_pool_element"
      }
    },
    { 
      "weight": 1,
      "element": {
        "location": "seavil:entities/critters/squid",
        "processors": "minecraft:empty",
        "projection": "rigid",
        "element_type": "minecraft:legacy_single_pool_element"
      }
    }
  ]
}
