{
    "name": "Armorer",
    "rarity": 1,
    "loot": [
        {
            "type": "bread",
            "maxAmount": 4,
            "minAmount": 1,
            "rarity": 1,
            "slotTypes": "STORAGE"
        },
        {
            "type": "iron_ingot",
            "maxAmount": 3,
            "minAmount": 1,
            "rarity": 2,
            "slotTypes": "STORAGE"
        },
        {
            "type": "emerald",
            "maxAmount": 1,
            "rarity": 3,
            "slottypes": "STORAGE"
        },
        {
            "type": "iron_helmet",
            "maxamount": 1,
            "rarity": 3,
            "slottypes": "STORAGE"
        }
    ]
}
