{
    "name": "Fisher",
    "rarity": 1,
    "loot": [
        {
            "type": "wheat_seeds",
            "maxAmount": 3,
            "minAmount": 1,
            "rarity": 2,
            "slotTypes": "STORAGE"
        },
        {
            "type": "coal",
            "maxAmount": 3,
            "minAmount": 1,
            "rarity": 2,
            "slotTypes": "STORAGE"
        },
        {
            "type": "cod",
            "maxAmount": 3,
            "minAmount": 1,
            "rarity": 2,
            "slottypes": "STORAGE"
        },
        {
            "type": "barrel",
            "maxamount": 3,
            "minAmount": 1,
            "rarity": 4,
            "slottypes": "STORAGE"
        },
        {
            "type": "salmon",
            "maxamount": 3,
            "minAmount": 1,
            "rarity": 4,
            "slottypes": "STORAGE"
        },
        {
            "type": "water_bucket",
            "maxamount": 3,
            "minAmount": 1,
            "rarity": 4,
            "slottypes": "STORAGE"
        },
        {
            "type": "emerald",
            "maxamount": 1,
            "rarity": 4,
            "slottypes": "STORAGE"
        }
    ]
}
