{
    "name": "Fletcher",
    "rarity": 1,
    "loot": [
        {
            "type": "feather",
            "maxAmount": 3,
            "minAmount": 1,
            "rarity": 2,
            "slotTypes": "STORAGE"
        },
        {
            "type": "flint",
            "maxAmount": 3,
            "minAmount": 1,
            "rarity": 2,
            "slotTypes": "STORAGE"
        },
        {
            "type": "stick",
            "maxAmount": 3,
            "minAmount": 1,
            "rarity": 2,
            "slottypes": "STORAGE"
        },
        {
            "type": "arrow",
            "maxamount": 3,
            "minAmount": 1,
            "rarity": 4,
            "slottypes": "STORAGE"
        },
        {
            "type": "egg",
            "maxamount": 3,
            "minAmount": 1,
            "rarity": 4,
            "slottypes": "STORAGE"
        },
        {
            "type": "emerald",
            "maxamount": 1,
            "rarity": 8,
            "slottypes": "STORAGE"
        }
    ]
}
