{
    "name": "Mason",
    "rarity": 1,
    "loot": [
        {
            "type": "bread",
            "maxAmount": 4,
            "minAmount": 1,
            "rarity": 2,
            "slotTypes": "STORAGE"
        },
        {
            "type": "stone",
            "maxAmount": 1,
            "rarity": 3,
            "slotTypes": "STORAGE"
        },
        {
            "type": "stone_bricks",
            "maxAmount": 1,
            "rarity": 3,
            "slottypes": "STORAGE"
        },
        {
            "type": "clay_ball",
            "maxamount": 3,
            "minAmount": 1,
            "rarity": 5,
            "slottypes": "STORAGE"
        },
        {
            "type": "emerald",
            "maxamount": 1,
            "rarity": 5,
            "slottypes": "STORAGE"
        },
        {
            "type": "flower_pot",
            "maxamount": 1,
            "rarity": 5,
            "slottypes": "STORAGE"
        },
        {
            "type": "smooth_stone",
            "maxamount": 1,
            "rarity": 5,
            "slottypes": "STORAGE"
        },
        {
            "type": "yellow_dye",
            "maxamount": 1,
            "rarity": 5,
            "slottypes": "STORAGE"
        }
    ]
}
