{
    "name": "Shepherd",
    "rarity": 1,
    "loot": [
        {
            "type": "white_wool",
            "maxAmount": 8,
            "minAmount": 1,
            "rarity": 2,
            "slotTypes": "STORAGE"
        },
        {
            "type": "wheat",
            "maxAmount": 6,
            "minAmount": 1,
            "rarity": 2,
            "slotTypes": "STORAGE"
        },
        {
            "type": "black_wool",
            "maxAmount": 3,
            "minAmount": 1,
            "rarity": 3,
            "slottypes": "STORAGE"
        },
        {
            "type": "brown_wool",
            "maxamount": 3,
            "minAmount": 1,
            "rarity": 4,
            "slottypes": "STORAGE"
        },
        {
            "type": "gray_wool",
            "maxamount": 3,
            "minAmount": 1,
            "rarity": 4,
            "slottypes": "STORAGE"
        },
        {
            "type": "light_gray_wool",
            "maxamount": 3,
            "minAmount": 1,
            "rarity": 4,
            "slottypes": "STORAGE"
        },
        {
            "type": "emerald",
            "maxamount": 1,
            "rarity": 8,
            "slottypes": "STORAGE"
        },
        {
            "type": "shears",
            "maxamount": 1,
            "rarity": 8,
            "slottypes": "STORAGE"
        }
    ]
}
