{"format_version":"1.12.0","minecraft:geometry":[{"description":{"identifier":"geometry.unknown","texture_width":64,"texture_height":64,"visible_bounds_width":3,"visible_bounds_height":4.5,"visible_bounds_offset":[0,1.75,0]},"bones":[{"name":"torso","pivot":[-0.5,23.5,0],"cubes":[{"origin":[-0.5,17,-2.5],"size":[6,13,5],"uv":{"north":{"uv":[0,0],"uv_size":[6,13]},"east":{"uv":[12,0],"uv_size":[5,13]},"south":{"uv":[6,0],"uv_size":[6,13]},"west":{"uv":[0,13],"uv_size":[5,13]},"up":{"uv":[44,44],"uv_size":[6,5]},"down":{"uv":[38,50],"uv_size":[6,-5]}}}]},{"name":"head","parent":"torso","pivot":[-3.5,27.625,-0.4375],"cubes":[{"origin":[-6.5,30,-3.5],"size":[6,10,6],"uv":{"north":{"uv":[29,10],"uv_size":[6,10]},"east":{"uv":[26,31],"uv_size":[6,10]},"south":{"uv":[32,20],"uv_size":[6,10]},"west":{"uv":[32,30],"uv_size":[6,10]},"up":{"uv":[38,39],"uv_size":[6,6]},"down":{"uv":[32,46],"uv_size":[6,-6]}}},{"origin":[-6.5,40,-3.5],"size":[0,3,6],"uv":{"north":{"uv":[0,0],"uv_size":[0,3]},"east":{"uv":[32,46],"uv_size":[6,3]},"south":{"uv":[0,0],"uv_size":[0,3]},"west":{"uv":[47,19],"uv_size":[6,3]},"up":{"uv":[0,0],"uv_size":[0,6]},"down":{"uv":[0,6],"uv_size":[0,-6]}}},{"origin":[-0.5,40,-3.5],"size":[0,3,6],"uv":{"north":{"uv":[0,0],"uv_size":[0,3]},"east":{"uv":[47,22],"uv_size":[6,3]},"south":{"uv":[0,0],"uv_size":[0,3]},"west":{"uv":[25,47],"uv_size":[6,3]},"up":{"uv":[0,0],"uv_size":[0,6]},"down":{"uv":[0,6],"uv_size":[0,-6]}}},{"origin":[-6.5,40,2.5],"size":[6,3,0],"uv":{"north":{"uv":[47,25],"uv_size":[6,3]},"east":{"uv":[0,0],"uv_size":[0,3]},"south":{"uv":[47,28],"uv_size":[6,3]},"west":{"uv":[0,0],"uv_size":[0,3]},"up":{"uv":[0,0],"uv_size":[6,0]},"down":{"uv":[0,0],"uv_size":[6,0]}}},{"origin":[-6.5,40,-3.5],"size":[6,3,0],"uv":{"north":{"uv":[47,31],"uv_size":[6,3]},"east":{"uv":[0,0],"uv_size":[0,3]},"south":{"uv":[47,34],"uv_size":[6,3]},"west":{"uv":[0,0],"uv_size":[0,3]},"up":{"uv":[0,0],"uv_size":[6,0]},"down":{"uv":[0,0],"uv_size":[6,0]}}},{"origin":[-10.5,31,-0.5],"size":[4,13,0.010000000000000009],"uv":{"north":{"uv":[35,0],"uv_size":[4,13]},"east":{"uv":[0,47],"uv_size":[1,13]},"south":{"uv":[38,13],"uv_size":[4,13]},"west":{"uv":[0,47],"uv_size":[1,13]},"up":{"uv":[50,45],"uv_size":[4,1]},"down":{"uv":[50,46],"uv_size":[4,-1]}}},{"origin":[-0.5,30,-0.5],"size":[4,13,0.010000000000000009],"uv":{"north":{"uv":[38,26],"uv_size":[4,13]},"east":{"uv":[0,47],"uv_size":[1,13]},"south":{"uv":[39,0],"uv_size":[4,13]},"west":{"uv":[0,47],"uv_size":[1,13]},"up":{"uv":[50,45],"uv_size":[4,1]},"down":{"uv":[50,46],"uv_size":[4,-1]}}},{"origin":[-6.5,24,-2.5],"size":[6,6,5],"uv":{"north":{"uv":[26,41],"uv_size":[6,6]},"east":{"uv":[42,33],"uv_size":[5,6]},"south":{"uv":[42,13],"uv_size":[6,6]},"west":{"uv":[43,0],"uv_size":[5,6]},"up":{"uv":[43,6],"uv_size":[6,5]},"down":{"uv":[44,44],"uv_size":[6,-5]}}}]},{"name":"eyes","parent":"head","pivot":[-3.5,35,-3.6],"cubes":[{"origin":[-6.5,30,-3.6],"size":[6,10,0],"uv":{"north":{"uv":[26,21],"uv_size":[6,10]},"east":{"uv":[0,0],"uv_size":[0,10]},"south":{"uv":[29,0],"uv_size":[6,10]},"west":{"uv":[0,0],"uv_size":[0,10]},"up":{"uv":[0,0],"uv_size":[6,0]},"down":{"uv":[0,0],"uv_size":[6,0]}}}]},{"name":"arm_left","parent":"torso","pivot":[7,28.3,0],"cubes":[{"origin":[5.5,11,-1.5],"size":[3,21,3],"uv":{"north":{"uv":[5,13],"uv_size":[3,21]},"east":{"uv":[8,13],"uv_size":[3,21]},"south":{"uv":[11,13],"uv_size":[3,21]},"west":{"uv":[14,13],"uv_size":[3,21]},"up":{"uv":[48,0],"uv_size":[3,3]},"down":{"uv":[48,6],"uv_size":[3,-3]}}},{"origin":[5.5,32,-1.5],"size":[0,1,3],"uv":{"north":{"uv":[0,0],"uv_size":[0,1]},"east":{"uv":[29,20],"uv_size":[3,1]},"south":{"uv":[0,0],"uv_size":[0,1]},"west":{"uv":[35,19],"uv_size":[3,1]},"up":{"uv":[0,0],"uv_size":[0,3]},"down":{"uv":[0,3],"uv_size":[0,-3]}}},{"origin":[8.5,32,-1.5],"size":[0,1,3],"uv":{"north":{"uv":[0,0],"uv_size":[0,1]},"east":{"uv":[47,38],"uv_size":[3,1]},"south":{"uv":[0,0],"uv_size":[0,1]},"west":{"uv":[50,46],"uv_size":[3,1]},"up":{"uv":[0,0],"uv_size":[0,3]},"down":{"uv":[0,3],"uv_size":[0,-3]}}},{"origin":[5.5,32,1.5],"size":[3,1,0],"uv":{"north":{"uv":[50,47],"uv_size":[3,1]},"east":{"uv":[0,0],"uv_size":[0,1]},"south":{"uv":[50,48],"uv_size":[3,1]},"west":{"uv":[0,0],"uv_size":[0,1]},"up":{"uv":[0,0],"uv_size":[3,0]},"down":{"uv":[0,0],"uv_size":[3,0]}}},{"origin":[5.5,32,-1.5],"size":[3,1,0],"uv":{"north":{"uv":[50,49],"uv_size":[3,1]},"east":{"uv":[0,0],"uv_size":[0,1]},"south":{"uv":[50,50],"uv_size":[3,1]},"west":{"uv":[0,0],"uv_size":[0,1]},"up":{"uv":[0,0],"uv_size":[3,0]},"down":{"uv":[0,0],"uv_size":[3,0]}}},{"origin":[5.5,9.05,-1.5],"size":[0,2,3],"uv":{"north":{"uv":[0,0],"uv_size":[0,2]},"east":{"uv":[43,11],"uv_size":[3,2]},"south":{"uv":[0,0],"uv_size":[0,2]},"west":{"uv":[48,17],"uv_size":[3,2]},"up":{"uv":[0,0],"uv_size":[0,3]},"down":{"uv":[0,3],"uv_size":[0,-3]}}},{"origin":[8.5,9.05,-1.5],"size":[0,2,3],"uv":{"north":{"uv":[0,0],"uv_size":[0,2]},"east":{"uv":[49,9],"uv_size":[3,2]},"south":{"uv":[0,0],"uv_size":[0,2]},"west":{"uv":[18,49],"uv_size":[3,2]},"up":{"uv":[0,0],"uv_size":[0,3]},"down":{"uv":[0,3],"uv_size":[0,-3]}}},{"origin":[5.5,9.05,1.5],"size":[3,2,0],"uv":{"north":{"uv":[21,49],"uv_size":[3,2]},"east":{"uv":[0,0],"uv_size":[0,2]},"south":{"uv":[31,49],"uv_size":[3,2]},"west":{"uv":[0,0],"uv_size":[0,2]},"up":{"uv":[0,0],"uv_size":[3,0]},"down":{"uv":[0,0],"uv_size":[3,0]}}},{"origin":[5.5,9.05,-1.5],"size":[3,2,0],"uv":{"north":{"uv":[34,49],"uv_size":[3,2]},"east":{"uv":[0,0],"uv_size":[0,2]},"south":{"uv":[44,49],"uv_size":[3,2]},"west":{"uv":[0,0],"uv_size":[0,2]},"up":{"uv":[0,0],"uv_size":[3,0]},"down":{"uv":[0,0],"uv_size":[3,0]}}}]},{"name":"leg_left","parent":"torso","pivot":[2,17.5,0],"cubes":[{"origin":[0.5,0,-1.5],"size":[3,18,3],"uv":{"north":{"uv":[3,34],"uv_size":[3,18]},"east":{"uv":[6,34],"uv_size":[3,18]},"south":{"uv":[9,34],"uv_size":[3,18]},"west":{"uv":[12,34],"uv_size":[3,18]},"up":{"uv":[35,13],"uv_size":[3,3]},"down":{"uv":[35,19],"uv_size":[3,-3]}}},{"origin":[0.5,0,-3.5],"size":[5,0.01,7],"uv":{"north":{"uv":[50,44],"uv_size":[5,1]},"east":{"uv":[47,37],"uv_size":[7,1]},"south":{"uv":[50,44],"uv_size":[5,1]},"west":{"uv":[47,37],"uv_size":[7,1]},"up":{"uv":[15,42],"uv_size":[5,7]},"down":{"uv":[42,26],"uv_size":[5,-7]}}}]},{"name":"arm_right","parent":"torso","pivot":[-8,29.5,-0.25],"cubes":[{"origin":[-9.5,10,-1.75],"size":[3,21,3],"uv":{"north":{"uv":[17,0],"uv_size":[3,21]},"east":{"uv":[20,0],"uv_size":[3,21]},"south":{"uv":[17,21],"uv_size":[3,21]},"west":{"uv":[20,21],"uv_size":[3,21]},"up":{"uv":[48,11],"uv_size":[3,3]},"down":{"uv":[48,17],"uv_size":[3,-3]}}},{"origin":[-9.5,8,-1.75],"size":[0,2,3],"uv":{"north":{"uv":[0,0],"uv_size":[0,2]},"east":{"uv":[47,49],"uv_size":[3,2]},"south":{"uv":[0,0],"uv_size":[0,2]},"west":{"uv":[24,50],"uv_size":[3,2]},"up":{"uv":[0,0],"uv_size":[0,3]},"down":{"uv":[0,3],"uv_size":[0,-3]}}},{"origin":[-6.5,8,-1.75],"size":[0,2,3],"uv":{"north":{"uv":[0,0],"uv_size":[0,2]},"east":{"uv":[27,50],"uv_size":[3,2]},"south":{"uv":[0,0],"uv_size":[0,2]},"west":{"uv":[37,50],"uv_size":[3,2]},"up":{"uv":[0,0],"uv_size":[0,3]},"down":{"uv":[0,3],"uv_size":[0,-3]}}},{"origin":[-9.5,8,-1.75],"size":[3,2,0],"uv":{"north":{"uv":[50,38],"uv_size":[3,2]},"east":{"uv":[0,0],"uv_size":[0,2]},"south":{"uv":[40,50],"uv_size":[3,2]},"west":{"uv":[0,0],"uv_size":[0,2]},"up":{"uv":[0,0],"uv_size":[3,0]},"down":{"uv":[0,0],"uv_size":[3,0]}}},{"origin":[-9.5,8,1.25],"size":[3,2,0],"uv":{"north":{"uv":[50,40],"uv_size":[3,2]},"east":{"uv":[0,0],"uv_size":[0,2]},"south":{"uv":[50,42],"uv_size":[3,2]},"west":{"uv":[0,0],"uv_size":[0,2]},"up":{"uv":[0,0],"uv_size":[3,0]},"down":{"uv":[0,0],"uv_size":[3,0]}}}]},{"name":"leg_right","parent":"torso","pivot":[-2,17.75,0],"cubes":[{"origin":[-3.5,0,-1.5],"size":[3,21,3],"uv":{"north":{"uv":[23,0],"uv_size":[3,21]},"east":{"uv":[23,21],"uv_size":[3,21]},"south":{"uv":[0,26],"uv_size":[3,21]},"west":{"uv":[26,0],"uv_size":[3,21]},"up":{"uv":[49,6],"uv_size":[3,3]},"down":{"uv":[15,52],"uv_size":[3,-3]}}},{"origin":[-3.5,21,-1.5],"size":[0,1,3],"uv":{"north":{"uv":[0,0],"uv_size":[0,1]},"east":{"uv":[51,0],"uv_size":[3,1]},"south":{"uv":[0,0],"uv_size":[0,1]},"west":{"uv":[51,1],"uv_size":[3,1]},"up":{"uv":[0,0],"uv_size":[0,3]},"down":{"uv":[0,3],"uv_size":[0,-3]}}},{"origin":[-3.5,21,-1.5],"size":[3,1,0],"uv":{"north":{"uv":[51,2],"uv_size":[3,1]},"east":{"uv":[0,0],"uv_size":[0,1]},"south":{"uv":[51,3],"uv_size":[3,1]},"west":{"uv":[0,0],"uv_size":[0,1]},"up":{"uv":[0,0],"uv_size":[3,0]},"down":{"uv":[0,0],"uv_size":[3,0]}}},{"origin":[-3.5,21,1.5],"size":[3,1,0],"uv":{"north":{"uv":[51,4],"uv_size":[3,1]},"east":{"uv":[0,0],"uv_size":[0,1]},"south":{"uv":[51,5],"uv_size":[3,1]},"west":{"uv":[0,0],"uv_size":[0,1]},"up":{"uv":[0,0],"uv_size":[3,0]},"down":{"uv":[0,0],"uv_size":[3,0]}}},{"origin":[-5.5,0,-3.5],"size":[5,0.01,7],"uv":{"north":{"uv":[50,44],"uv_size":[5,1]},"east":{"uv":[47,37],"uv_size":[7,1]},"south":{"uv":[50,44],"uv_size":[5,1]},"west":{"uv":[47,37],"uv_size":[7,1]},"up":{"uv":[20,42],"uv_size":[5,7]},"down":{"uv":[42,33],"uv_size":[5,-7]}}}]},{"name":"hitbox","pivot":[0,36,0]}]}]}