{
  "pools": [
    {
      "rolls": 3,
      "entries": [
        {
          "type": "minecraft:item",
          "weight": 5,
          "name": "minecraft:green_stained_glass",
          "functions": [
            {
              "function": "minecraft:set_count",
              "count": {
                "min": 10,
                "max": 20
              }
            }
          ]
        },
        {
          "type": "minecraft:item",
          "weight": 3,
          "name": "minecraft:lime_stained_glass",
          "functions": [
            {
              "function": "minecraft:set_count",
              "count": {
                "min": 10,
                "max": 20
              }
            }
          ]
        },
        {
          "type": "minecraft:item",
          "weight": 1,
          "name": "minecraft:yellow_stained_glass",
          "functions": [
            {
              "function": "minecraft:set_count",
              "count": {
                "min": 6,
                "max": 21
              }
            }
          ]
        },
        {
          "type": "minecraft:item",
          "weight": 6,
          "name": "minecraft:green_terracotta",
          "functions": [
            {
              "function": "minecraft:set_count",
              "count": {
                "min": 5,
                "max": 18
              }
            }
          ]
        },
        {
          "type": "minecraft:item",
          "weight": 4,
          "name": "minecraft:lime_terracotta",
          "functions": [
            {
              "function": "minecraft:set_count",
              "count": {
                "min": 10,
                "max": 25
              }
            }
          ]
        }
      ]
    },
    {
      "rolls": 1,
      "entries": [
        {
          "type": "minecraft:item",
          "weight": 2,
          "name": "minecraft:iron_pickaxe",
          "functions": [
            {
              "function": "minecraft:set_damage",
              "damage": {
                "min": 0,
                "max": 0.5
              }
            },
            {
              "function": "minecraft:enchant_with_levels",
              "levels": {
                "min": 5,
                "max": 25
              },
              "treasure": false
            }
          ]
        },
        {
          "type": "minecraft:item",
          "weight": 4,
          "name": "minecraft:stone_pickaxe",
          "functions": [
            {
              "function": "minecraft:set_damage",
              "damage": {
                "min": 0,
                "max": 0.5
              }
            },
            {
              "function": "minecraft:enchant_with_levels",
              "levels": {
                "min": 10,
                "max": 25
              },
              "treasure": true
            }
          ]
        },
        {
          "type": "minecraft:item",
          "weight": 2,
          "name": "minecraft:leather_helmet",
          "functions": [
            {
              "function": "minecraft:set_components",
              "components": {
                "minecraft:dyed_color": {
                  "rgb": 6219030
                }
              }
            },
            {
              "function": "minecraft:set_custom_data",
              "tag": "{incendium:{item:'hazmat_suit'}}"
            },
            {
              "function": "minecraft:set_name",
              "name": {
                "translate": "incendium.item.hazmat.helmet.name",
                "fallback": "Hazmat Helmet",
                "color": "#44ff00",
                "italic": false
              }
            },
            {
              "function": "minecraft:set_attributes",
              "modifiers": [
                {
                  "attribute": "minecraft:generic.armor",
                  "name": "armor",
                  "amount": {
                    "min": 2.25,
                    "max": 3
                  },
                  "operation": "add_value",
                  "slot": "head"
                }
              ]
            },
            {
              "function": "minecraft:set_lore",
              "entity": "this",
              "lore": [
                {
                  "translate": "incendium.item.hazmat.suit.desc1",
                  "fallback": "Protects the wearer from poison",
                  "color": "#77cc00",
                  "italic": true
                },
                "",
                {
                  "translate": "incendium",
                  "fallback": "Incendium",
                  "color": "#FF8000",
                  "italic": true
                }
              ],
              "mode": "replace_all"
            },
            {
              "function": "minecraft:enchant_with_levels",
              "levels": {
                "min": 30,
                "max": 45
              },
              "treasure": true
            }
          ]
        },
        {
          "type": "minecraft:item",
          "weight": 2,
          "name": "minecraft:leather_chestplate",
          "functions": [
            {
              "function": "minecraft:set_components",
              "components": {
                "minecraft:dyed_color": {
                  "rgb": 6219030
                }
              }
            },
            {
              "function": "minecraft:set_custom_data",
              "tag": "{incendium:{item:'hazmat_suit'}}"
            },
            {
              "function": "minecraft:set_lore",
              "entity": "this",
              "lore": [
                {
                  "translate": "incendium.item.hazmat.suit.desc1",
                  "fallback": "Protects the wearer from poison",
                  "color": "#77cc00",
                  "italic": true
                },
                "",
                {
                  "translate": "incendium",
                  "fallback": "Incendium",
                  "color": "#FF8000",
                  "italic": true
                }
              ],
              "mode": "replace_all"
            },
            {
              "function": "minecraft:set_name",
              "name": {
                "translate": "incendium.item.hazmat.chestplate.name",
                "fallback": "Hazmat Chestplate",
                "color": "#44ff00",
                "italic": false
              }
            },
            {
              "function": "minecraft:set_attributes",
              "modifiers": [
                {
                  "attribute": "minecraft:generic.armor",
                  "name": "armor",
                  "amount": {
                    "min": 5.5,
                    "max": 8
                  },
                  "operation": "add_value",
                  "slot": "chest"
                }
              ]
            },
            {
              "function": "minecraft:enchant_with_levels",
              "levels": {
                "min": 30,
                "max": 45
              },
              "treasure": true
            }
          ]
        },
        {
          "type": "minecraft:item",
          "weight": 2,
          "name": "minecraft:leather_leggings",
          "functions": [
            {
              "function": "minecraft:set_components",
              "components": {
                "minecraft:dyed_color": {
                  "rgb": 6219030
                }
              }
            },
            {
              "function": "minecraft:set_custom_data",
              "tag": "{incendium:{item:'hazmat_suit'}}"
            },
            {
              "function": "minecraft:set_lore",
              "entity": "this",
              "lore": [
                {
                  "translate": "incendium.item.hazmat.suit.desc1",
                  "fallback": "Protects the wearer from poison",
                  "color": "#77cc00",
                  "italic": true
                },
                "",
                {
                  "translate": "incendium",
                  "fallback": "Incendium",
                  "color": "#FF8000",
                  "italic": true
                }
              ],
              "mode": "replace_all"
            },
            {
              "function": "minecraft:set_name",
              "name": {
                "translate": "incendium.item.hazmat.leggings.name",
                "fallback": "Hazmat Leggings",
                "color": "#44ff00",
                "italic": false
              }
            },
            {
              "function": "minecraft:set_attributes",
              "modifiers": [
                {
                  "attribute": "minecraft:generic.armor",
                  "name": "armor",
                  "amount": {
                    "min": 4.5,
                    "max": 6
                  },
                  "operation": "add_value",
                  "slot": "legs"
                }
              ]
            },
            {
              "function": "minecraft:enchant_with_levels",
              "levels": {
                "min": 30,
                "max": 45
              },
              "treasure": true
            }
          ]
        },
        {
          "type": "minecraft:item",
          "weight": 2,
          "name": "minecraft:leather_boots",
          "functions": [
            {
              "function": "minecraft:set_components",
              "components": {
                "minecraft:dyed_color": {
                  "rgb": 6219030
                }
              }
            },
            {
              "function": "minecraft:set_custom_data",
              "tag": "{incendium:{item:'hazmat_suit'}}"
            },
            {
              "function": "minecraft:set_lore",
              "entity": "this",
              "lore": [
                {
                  "translate": "incendium.item.hazmat.suit.desc1",
                  "fallback": "Protects the wearer from poison",
                  "color": "#77cc00",
                  "italic": true
                },
                "",
                {
                  "translate": "incendium",
                  "fallback": "Incendium",
                  "color": "#FF8000",
                  "italic": true
                }
              ],
              "mode": "replace_all"
            },
            {
              "function": "minecraft:set_name",
              "name": {
                "translate": "incendium.item.hazmat.boots.name",
                "fallback": "Hazmat Boots",
                "color": "#44ff00",
                "italic": false
              }
            },
            {
              "function": "minecraft:set_attributes",
              "modifiers": [
                {
                  "attribute": "minecraft:generic.armor",
                  "name": "armor",
                  "amount": {
                    "min": 2.5,
                    "max": 3
                  },
                  "operation": "add_value",
                  "slot": "feet"
                }
              ]
            },
            {
              "function": "minecraft:enchant_with_levels",
              "levels": {
                "min": 30,
                "max": 45
              },
              "treasure": true
            }
          ]
        }
      ],
      "conditions": [
        {
          "condition": "minecraft:random_chance",
          "chance": 1
        }
      ]
    },
    {
      "rolls": 2,
      "entries": [
        {
          "type": "minecraft:item",
          "weight": 1,
          "name": "minecraft:lava_bucket"
        },
        {
          "type": "minecraft:item",
          "weight": 3,
          "name": "minecraft:chain",
          "functions": [
            {
              "function": "minecraft:set_count",
              "count": {
                "min": 5,
                "max": 20
              }
            }
          ]
        },
        {
          "type": "minecraft:item",
          "weight": 5,
          "name": "minecraft:slime_ball",
          "functions": [
            {
              "function": "minecraft:set_count",
              "count": {
                "min": 6,
                "max": 10
              }
            }
          ]
        },
        {
          "type": "minecraft:item",
          "weight": 1,
          "name": "minecraft:slime_block",
          "functions": [
            {
              "function": "minecraft:set_count",
              "count": {
                "min": 1,
                "max": 2
              }
            }
          ]
        },
        {
          "type": "minecraft:item",
          "weight": 2,
          "name": "minecraft:obsidian",
          "functions": [
            {
              "function": "minecraft:set_count",
              "count": {
                "min": 1,
                "max": 2
              }
            }
          ]
        }
      ]
    },
    {
      "rolls": 2,
      "entries": [
        {
          "type": "minecraft:item",
          "weight": 5,
          "name": "minecraft:basalt",
          "functions": [
            {
              "function": "minecraft:set_count",
              "count": {
                "min": 10,
                "max": 20
              }
            }
          ],
          "conditions": [
            {
              "condition": "minecraft:random_chance",
              "chance": 0.5
            },
            {
              "condition": "minecraft:entity_properties",
              "entity": "this",
              "predicate": {
                "location": {}
              }
            }
          ]
        },
        {
          "type": "minecraft:item",
          "weight": 5,
          "name": "minecraft:polished_basalt",
          "functions": [
            {
              "function": "minecraft:set_count",
              "count": {
                "min": 10,
                "max": 20
              }
            }
          ],
          "conditions": [
            {
              "condition": "minecraft:random_chance",
              "chance": 0.5
            },
            {
              "condition": "minecraft:entity_properties",
              "entity": "this",
              "predicate": {
                "location": {}
              }
            }
          ]
        },
        {
          "type": "minecraft:item",
          "weight": 5,
          "name": "minecraft:blackstone",
          "functions": [
            {
              "function": "minecraft:set_count",
              "count": {
                "min": 10,
                "max": 20
              }
            }
          ],
          "conditions": [
            {
              "condition": "minecraft:random_chance",
              "chance": 0.5
            }
          ]
        }
      ]
    },
    {
      "rolls": 1,
      "entries": [
        {
          "type": "minecraft:item",
          "weight": 5,
          "name": "minecraft:iron_ingot",
          "functions": [
            {
              "function": "minecraft:set_count",
              "count": {
                "min": 1,
                "max": 4
              }
            }
          ]
        },
        {
          "type": "minecraft:item",
          "weight": 5,
          "name": "minecraft:gold_nugget",
          "functions": [
            {
              "function": "minecraft:set_count",
              "count": {
                "min": 1,
                "max": 15
              }
            }
          ]
        },
        {
          "type": "minecraft:item",
          "weight": 10,
          "name": "minecraft:nether_brick",
          "functions": [
            {
              "function": "minecraft:set_count",
              "count": {
                "min": 1,
                "max": 12
              }
            }
          ]
        }
      ],
      "conditions": [
        {
          "condition": "minecraft:random_chance",
          "chance": 0.15
        }
      ]
    }
  ]
}
