{
  "format_version": "1.8.0",
  "animations": {
    "animation.canguro.animation.sf_nba.kangaroo.punch_left": {
      "animation_length": 0.5,
      "bones": {
        "body": {
          "rotation": {
            "0.0": [
              -22.5,
              0,
              0
            ],
            "0.0417": [
              -18.88,
              2.11,
              6.73
            ],
            "0.0833": [
              -14.17,
              5.05,
              15.99
            ],
            "0.125": [
              -12.76,
              7.5,
              22.76
            ],
            "0.1667": [
              -23.67,
              11.17,
              26.86
            ],
            "0.2083": [
              -32.67,
              10.62,
              23.17
            ],
            "0.25": [
              -26.2,
              2.46,
              10.88
            ],
            "0.2917": [
              -14.76,
              -8.96,
              -5.83
            ],
            "0.3333": [
              -7.73,
              -15.7,
              -16.32
            ],
            "0.375": [
              -13.56,
              -9.49,
              -10.63
            ],
            "0.4167": [
              -22.5,
              0,
              0
            ]
          }
        },
        "tail": {
          "rotation": {
            "0.0": [
              0,
              0,
              0
            ],
            "0.0417": [
              12.79,
              0,
              0
            ],
            "0.0833": [
              22.5,
              0,
              0
            ],
            "0.125": [
              17.2,
              0,
              0
            ],
            "0.1667": [
              6.68,
              0,
              0
            ],
            "0.2083": [
              -2,
              0,
              0
            ],
            "0.25": [
              -8.16,
              0,
              0
            ],
            "0.2917": [
              -10,
              0,
              0
            ],
            "0.3333": [
              -7.63,
              0,
              0
            ],
            "0.375": [
              -3.26,
              0,
              0
            ],
            "0.4167": [
              0,
              0,
              0
            ]
          },
          "position": {
            "0.0": [
              0,
              0,
              0
            ],
            "0.0417": [
              0,
              0,
              0
            ],
            "0.0833": [
              0,
              0,
              0
            ],
            "0.125": [
              0,
              0,
              0
            ],
            "0.1667": [
              0,
              0,
              0
            ],
            "0.2083": [
              0,
              0,
              0
            ],
            "0.25": [
              0,
              0,
              0
            ],
            "0.2917": [
              0,
              0,
              0
            ],
            "0.3333": [
              0,
              0,
              0
            ],
            "0.375": [
              0,
              0,
              0
            ],
            "0.4167": [
              0,
              0,
              0
            ]
          }
        },
        "tail2": {
          "rotation": {
            "0.0417": [
              12.5,
              0,
              0
            ],
            "0.0833": [
              21.39,
              0,
              0
            ],
            "0.125": [
              34.54,
              0,
              0
            ],
            "0.1667": [
              46.67,
              0,
              0
            ],
            "0.2083": [
              52.5,
              0,
              0
            ],
            "0.25": [
              39.2,
              0,
              0
            ],
            "0.2917": [
              20,
              0,
              0
            ],
            "0.3333": [
              15.37,
              0,
              0
            ],
            "0.375": [
              13.52,
              0,
              0
            ],
            "0.4167": [
              12.5,
              0,
              0
            ]
          }
        },
        "head": {
          "rotation": {
            "0.0": [
              22.5,
              0,
              0
            ],
            "0.0417": [
              18.82,
              3.38,
              -5.41
            ],
            "0.0833": [
              14.07,
              8.02,
              -12.91
            ],
            "0.125": [
              12.92,
              11.4,
              -18.78
            ],
            "0.1667": [
              25.29,
              12.71,
              -25.09
            ],
            "0.2083": [
              35.72,
              11.47,
              -22.94
            ],
            "0.25": [
              29.56,
              8.93,
              -7.78
            ],
            "0.2917": [
              18.1,
              5.38,
              13.25
            ],
            "0.3333": [
              10.73,
              2.55,
              25.96
            ],
            "0.375": [
              15.05,
              0.72,
              16.04
            ],
            "0.4167": [
              22.5,
              0,
              0
            ]
          }
        },
        "rightArm": {
          "rotation": {
            "0.0": [
              0,
              0,
              22.5
            ],
            "0.0417": [
              0,
              0,
              48.15
            ],
            "0.0833": [
              0,
              0,
              83.8
            ],
            "0.125": [
              0,
              0,
              112.5
            ],
            "0.1667": [
              1.67,
              0,
              132.5
            ],
            "0.2083": [
              3.33,
              0,
              145.56
            ],
            "0.25": [
              0,
              0,
              140
            ],
            "0.2917": [
              -15,
              0,
              99.72
            ],
            "0.3333": [
              -35,
              0,
              40.83
            ],
            "0.375": [
              -45,
              0,
              0
            ],
            "0.4167": [
              -35,
              0,
              -3.7
            ],
            "0.4583": [
              -15,
              0,
              10.65
            ],
            "0.5": [
              0,
              0,
              22.5
            ]
          },
          "position": {
            "0.0": [
              0,
              0,
              0
            ],
            "0.0417": [
              -0.3,
              0,
              0
            ],
            "0.0833": [
              -0.7,
              0,
              0
            ],
            "0.125": [
              -1,
              0,
              0
            ],
            "0.1667": [
              -1.11,
              0,
              0
            ],
            "0.2083": [
              -1.11,
              0,
              0
            ],
            "0.25": [
              -1,
              0,
              0
            ],
            "0.2917": [
              -0.7,
              0,
              0
            ],
            "0.3333": [
              -0.3,
              0,
              0
            ],
            "0.375": [
              0,
              0,
              0
            ],
            "0.4167": [
              0.07,
              0,
              0
            ],
            "0.4583": [
              0.04,
              0,
              0
            ],
            "0.5": [
              0,
              0,
              0
            ]
          }
        }
      },
      "sound_effects": {
        "0.0417": {
          "effect": "punch"
        }
      }
    },
    "animation.canguro.animation.sf_nba.kangaroo.punch_right": {
      "animation_length": 0.5,
      "bones": {
        "body": {
          "rotation": {
            "0.0": [
              -22.5,
              0,
              0
            ],
            "0.0417": [
              -18.88,
              -2.11,
              -6.73
            ],
            "0.0833": [
              -14.17,
              -5.05,
              -15.99
            ],
            "0.125": [
              -12.76,
              -7.5,
              -22.76
            ],
            "0.1667": [
              -23.67,
              -11.17,
              -26.86
            ],
            "0.2083": [
              -32.67,
              -10.62,
              -23.17
            ],
            "0.25": [
              -26.2,
              -2.46,
              -10.88
            ],
            "0.2917": [
              -14.76,
              8.96,
              5.83
            ],
            "0.3333": [
              -7.73,
              15.7,
              16.32
            ],
            "0.375": [
              -13.56,
              9.49,
              10.63
            ],
            "0.4167": [
              -22.5,
              0,
              0
            ]
          }
        },
        "tail": {
          "rotation": {
            "0.0": [
              0,
              0,
              0
            ],
            "0.0417": [
              12.79,
              0,
              0
            ],
            "0.0833": [
              22.5,
              0,
              0
            ],
            "0.125": [
              17.2,
              0,
              0
            ],
            "0.1667": [
              6.68,
              0,
              0
            ],
            "0.2083": [
              -2,
              0,
              0
            ],
            "0.25": [
              -8.16,
              0,
              0
            ],
            "0.2917": [
              -10,
              0,
              0
            ],
            "0.3333": [
              -7.63,
              0,
              0
            ],
            "0.375": [
              -3.26,
              0,
              0
            ],
            "0.4167": [
              0,
              0,
              0
            ]
          },
          "position": {
            "0.0": [
              0,
              0,
              0
            ],
            "0.0417": [
              0,
              0,
              0
            ],
            "0.0833": [
              0,
              0,
              0
            ],
            "0.125": [
              0,
              0,
              0
            ],
            "0.1667": [
              0,
              0,
              0
            ],
            "0.2083": [
              0,
              0,
              0
            ],
            "0.25": [
              0,
              0,
              0
            ],
            "0.2917": [
              0,
              0,
              0
            ],
            "0.3333": [
              0,
              0,
              0
            ],
            "0.375": [
              0,
              0,
              0
            ],
            "0.4167": [
              0,
              0,
              0
            ]
          }
        },
        "tail2": {
          "rotation": {
            "0.0417": [
              12.5,
              0,
              0
            ],
            "0.0833": [
              21.39,
              0,
              0
            ],
            "0.125": [
              34.54,
              0,
              0
            ],
            "0.1667": [
              46.67,
              0,
              0
            ],
            "0.2083": [
              52.5,
              0,
              0
            ],
            "0.25": [
              39.2,
              0,
              0
            ],
            "0.2917": [
              20,
              0,
              0
            ],
            "0.3333": [
              15.37,
              0,
              0
            ],
            "0.375": [
              13.52,
              0,
              0
            ],
            "0.4167": [
              12.5,
              0,
              0
            ]
          }
        },
        "head": {
          "rotation": {
            "0.0": [
              22.5,
              0,
              0
            ],
            "0.0417": [
              18.82,
              -3.38,
              5.41
            ],
            "0.0833": [
              14.07,
              -8.02,
              12.91
            ],
            "0.125": [
              12.92,
              -11.4,
              18.78
            ],
            "0.1667": [
              25.29,
              -12.71,
              25.09
            ],
            "0.2083": [
              35.72,
              -11.47,
              22.94
            ],
            "0.25": [
              29.56,
              -8.93,
              7.78
            ],
            "0.2917": [
              18.1,
              -5.38,
              -13.25
            ],
            "0.3333": [
              10.73,
              -2.55,
              -25.96
            ],
            "0.375": [
              15.05,
              -0.72,
              -16.04
            ],
            "0.4167": [
              22.5,
              0,
              0
            ]
          }
        },
        "leftArm": {
          "rotation": {
            "0.0": [
              0,
              0,
              -22.5
            ],
            "0.0417": [
              0,
              0,
              -48.15
            ],
            "0.0833": [
              0,
              0,
              -83.8
            ],
            "0.125": [
              0,
              0,
              -112.5
            ],
            "0.1667": [
              1.67,
              0,
              -132.5
            ],
            "0.2083": [
              3.33,
              0,
              -145.56
            ],
            "0.25": [
              0,
              0,
              -140
            ],
            "0.2917": [
              -15,
              0,
              -99.72
            ],
            "0.3333": [
              -35,
              0,
              -40.83
            ],
            "0.375": [
              -45,
              0,
              0
            ],
            "0.4167": [
              -35,
              0,
              3.7
            ],
            "0.4583": [
              -15,
              0,
              -10.65
            ],
            "0.5": [
              0,
              0,
              -22.5
            ]
          },
          "position": {
            "0.0": [
              0,
              0,
              0
            ],
            "0.0417": [
              0.3,
              0,
              0
            ],
            "0.0833": [
              0.7,
              0,
              0
            ],
            "0.125": [
              1,
              0,
              0
            ],
            "0.1667": [
              1.11,
              0,
              0
            ],
            "0.2083": [
              1.11,
              0,
              0
            ],
            "0.25": [
              1,
              0,
              0
            ],
            "0.2917": [
              0.7,
              0,
              0
            ],
            "0.3333": [
              0.3,
              0,
              0
            ],
            "0.375": [
              0,
              0,
              0
            ],
            "0.4167": [
              -0.07,
              0,
              0
            ],
            "0.4583": [
              -0.04,
              0,
              0
            ],
            "0.5": [
              0,
              0,
              0
            ]
          }
        }
      },
      "sound_effects": {
        "0.0417": {
          "effect": "punch"
        }
      }
    },
    "animation.canguro.walk": {
      "loop": true,
      "animation_length": 0.8333,
      "anim_time_update": "q.anim_time + q.delta_time * v.anim_speed_multiplier * Math.min(1, q.modified_move_speed / v.anim_speed_movement_max)",
      "bones": {
        "root": {
          "scale": {
            "0.0": [
              1,
              0.9,
              1
            ],
            "0.0417": [
              1,
              0.9009,
              1
            ],
            "0.0833": [
              1,
              0.9086,
              1
            ],
            "0.125": [
              1,
              0.9214,
              1
            ],
            "0.1667": [
              1,
              0.9375,
              1
            ],
            "0.2083": [
              1,
              0.9552,
              1
            ],
            "0.25": [
              1,
              0.9727,
              1
            ],
            "0.2917": [
              1,
              0.9882,
              1
            ],
            "0.3333": [
              1,
              1,
              1
            ],
            "0.375": [
              1,
              1.0207,
              1
            ],
            "0.4167": [
              1,
              1.0406,
              1
            ],
            "0.4583": [
              1,
              1.0527,
              1
            ],
            "0.5": [
              1,
              1.05,
              1
            ],
            "0.5417": [
              1,
              1.0391,
              1
            ],
            "0.5833": [
              1,
              1.0207,
              1
            ],
            "0.625": [
              1,
              0.9974,
              1
            ],
            "0.6667": [
              1,
              0.9719,
              1
            ],
            "0.7083": [
              1,
              0.9467,
              1
            ],
            "0.75": [
              1,
              0.9246,
              1
            ],
            "0.7917": [
              1,
              0.9081,
              1
            ],
            "0.8333": [
              1,
              0.9,
              1
            ]
          }
        },
        "body": {
          "rotation": {
            "0.0": [
              30,
              0,
              0
            ],
            "0.0417": [
              29.72,
              0,
              0
            ],
            "0.0833": [
              26.39,
              0,
              0
            ],
            "0.125": [
              22.5,
              0,
              0
            ],
            "0.1667": [
              21.15,
              0,
              0
            ],
            "0.2083": [
              19.43,
              0,
              0
            ],
            "0.25": [
              17.5,
              0,
              0
            ],
            "0.2917": [
              15.5,
              0,
              0
            ],
            "0.3333": [
              13.6,
              0,
              0
            ],
            "0.375": [
              11.94,
              0,
              0
            ],
            "0.4167": [
              10.69,
              0,
              0
            ],
            "0.4583": [
              9.99,
              0,
              0
            ],
            "0.5": [
              10,
              0,
              0
            ],
            "0.5417": [
              11.13,
              0,
              0
            ],
            "0.5833": [
              13.36,
              0,
              0
            ],
            "0.625": [
              16.33,
              0,
              0
            ],
            "0.6667": [
              19.69,
              0,
              0
            ],
            "0.7083": [
              23.09,
              0,
              0
            ],
            "0.75": [
              26.17,
              0,
              0
            ],
            "0.7917": [
              28.6,
              0,
              0
            ],
            "0.8333": [
              30,
              0,
              0
            ]
          },
          "position": {
            "0.0": [
              0,
              0,
              0
            ],
            "0.0417": [
              0,
              -0.93,
              -0.04
            ],
            "0.0833": [
              0,
              -1.3,
              0.04
            ],
            "0.125": [
              0,
              -1,
              0
            ],
            "0.1667": [
              0,
              -0.34,
              -0.18
            ],
            "0.2083": [
              0,
              0.71,
              -0.47
            ],
            "0.25": [
              0,
              1.93,
              -0.77
            ],
            "0.2917": [
              0,
              3.1,
              -0.98
            ],
            "0.3333": [
              0,
              4,
              -1
            ],
            "0.375": [
              0,
              4.9,
              -0.64
            ],
            "0.4167": [
              0,
              5.69,
              0
            ],
            "0.4583": [
              0,
              6.13,
              0.64
            ],
            "0.5": [
              0,
              6,
              1
            ],
            "0.5417": [
              0,
              5.6,
              1.01
            ],
            "0.5833": [
              0,
              4.95,
              0.94
            ],
            "0.625": [
              0,
              4.12,
              0.8
            ],
            "0.6667": [
              0,
              3.19,
              0.62
            ],
            "0.7083": [
              0,
              2.23,
              0.43
            ],
            "0.75": [
              0,
              1.34,
              0.25
            ],
            "0.7917": [
              0,
              0.56,
              0.1
            ],
            "0.8333": [
              0,
              0,
              0
            ]
          }
        },
        "tail": {
          "rotation": {
            "0.0": [
              15,
              0,
              0
            ],
            "0.0417": [
              14.26,
              0,
              0
            ],
            "0.0833": [
              12.11,
              0,
              0
            ],
            "0.125": [
              8.77,
              0,
              0
            ],
            "0.1667": [
              4.56,
              0,
              0
            ],
            "0.2083": [
              -0.09,
              0,
              0
            ],
            "0.25": [
              -4.74,
              0,
              0
            ],
            "0.2917": [
              -8.92,
              0,
              0
            ],
            "0.3333": [
              -12.22,
              0,
              0
            ],
            "0.375": [
              -14.32,
              0,
              0
            ],
            "0.4167": [
              -15,
              0,
              0
            ],
            "0.4583": [
              -14.2,
              0,
              0
            ],
            "0.5": [
              -12,
              0,
              0
            ],
            "0.5417": [
              -8.62,
              0,
              0
            ],
            "0.5833": [
              -4.39,
              0,
              0
            ],
            "0.625": [
              0.28,
              0,
              0
            ],
            "0.6667": [
              4.92,
              0,
              0
            ],
            "0.7083": [
              9.07,
              0,
              0
            ],
            "0.75": [
              12.33,
              0,
              0
            ],
            "0.7917": [
              14.37,
              0,
              0
            ],
            "0.8333": [
              15,
              0,
              0
            ]
          }
        },
        "tail2": {
          "rotation": {
            "0.0": [
              0,
              0,
              0
            ],
            "0.0417": [
              7.91,
              0,
              0
            ],
            "0.0833": [
              15.04,
              0,
              0
            ],
            "0.125": [
              20.69,
              0,
              0
            ],
            "0.1667": [
              24.29,
              0,
              0
            ],
            "0.2083": [
              25.5,
              0,
              0
            ],
            "0.25": [
              24.19,
              0,
              0
            ],
            "0.2917": [
              20.5,
              0,
              0
            ],
            "0.3333": [
              14.78,
              0,
              0
            ],
            "0.375": [
              7.61,
              0,
              0
            ],
            "0.4167": [
              -0.32,
              0,
              0
            ],
            "0.4583": [
              -8.21,
              0,
              0
            ],
            "0.5": [
              -15.29,
              0,
              0
            ],
            "0.5417": [
              -20.87,
              0,
              0
            ],
            "0.5833": [
              -24.38,
              0,
              0
            ],
            "0.625": [
              -25.5,
              0,
              0
            ],
            "0.6667": [
              -24.09,
              0,
              0
            ],
            "0.7083": [
              -20.31,
              0,
              0
            ],
            "0.75": [
              -14.53,
              0,
              0
            ],
            "0.7917": [
              -7.31,
              0,
              0
            ],
            "0.8333": [
              0.63,
              0,
              0
            ]
          }
        },
        "head": {
          "rotation": {
            "0.0": [
              -30,
              0,
              0
            ],
            "0.0417": [
              -29.61,
              0,
              0
            ],
            "0.0833": [
              -28.52,
              0,
              0
            ],
            "0.125": [
              -26.87,
              0,
              0
            ],
            "0.1667": [
              -24.81,
              0,
              0
            ],
            "0.2083": [
              -22.48,
              0,
              0
            ],
            "0.25": [
              -20,
              0,
              0
            ],
            "0.2917": [
              -17.52,
              0,
              0
            ],
            "0.3333": [
              -15.19,
              0,
              0
            ],
            "0.375": [
              -13.12,
              0,
              0
            ],
            "0.4167": [
              -11.48,
              0,
              0
            ],
            "0.4583": [
              -10.39,
              0,
              0
            ],
            "0.5": [
              -10,
              0,
              0
            ],
            "0.5417": [
              -10.86,
              0,
              0
            ],
            "0.5833": [
              -13.13,
              0,
              0
            ],
            "0.625": [
              -16.33,
              0,
              0
            ],
            "0.6667": [
              -20,
              0,
              0
            ],
            "0.7083": [
              -23.67,
              0,
              0
            ],
            "0.75": [
              -26.88,
              0,
              0
            ],
            "0.7917": [
              -29.14,
              0,
              0
            ],
            "0.8333": [
              -30,
              0,
              0
            ]
          }
        },
        "leftArm": {
          "rotation": {
            "0.0417": [
              0,
              0,
              0
            ],
            "0.0833": [
              1.38,
              0,
              0
            ],
            "0.125": [
              2.37,
              0,
              0
            ],
            "0.1667": [
              2.97,
              0,
              0
            ],
            "0.2083": [
              3.16,
              0,
              0
            ],
            "0.25": [
              2.97,
              0,
              0
            ],
            "0.2917": [
              2.37,
              0,
              0
            ],
            "0.3333": [
              1.38,
              0,
              0
            ],
            "0.375": [
              0,
              0,
              0
            ],
            "0.4167": [
              -2.3,
              0,
              0
            ],
            "0.4583": [
              -5.74,
              0,
              0
            ],
            "0.5": [
              -9.87,
              0,
              0
            ],
            "0.5417": [
              -14.24,
              0,
              0
            ],
            "0.5833": [
              -18.42,
              0,
              0
            ],
            "0.625": [
              -21.95,
              0,
              0
            ],
            "0.6667": [
              -24.4,
              0,
              0
            ],
            "0.7083": [
              -25.31,
              0,
              0
            ],
            "0.75": [
              -19.67,
              0,
              0
            ],
            "0.7917": [
              -8.42,
              0,
              0
            ],
            "0.8333": [
              0,
              0,
              0
            ]
          }
        },
        "rightArm": {
          "rotation": {
            "0.25": [
              0,
              0,
              0
            ],
            "0.2917": [
              1.76,
              0,
              0
            ],
            "0.3333": [
              2.81,
              0,
              0
            ],
            "0.375": [
              3.16,
              0,
              0
            ],
            "0.4167": [
              2.81,
              0,
              0
            ],
            "0.4583": [
              1.76,
              0,
              0
            ],
            "0.5": [
              0,
              0,
              0
            ],
            "0.5417": [
              -4.25,
              0,
              0
            ],
            "0.5833": [
              -10.73,
              0,
              0
            ],
            "0.625": [
              -17.62,
              0,
              0
            ],
            "0.6667": [
              -23.09,
              0,
              0
            ],
            "0.7083": [
              -25.31,
              0,
              0
            ],
            "0.75": [
              -19.68,
              0,
              0
            ],
            "0.7917": [
              -8.43,
              0,
              0
            ],
            "0.8333": [
              0,
              0,
              0
            ]
          }
        },
        "leftLeg": {
          "rotation": {
            "0.0": [
              0,
              0,
              0
            ],
            "0.0417": [
              0.48,
              0,
              0
            ],
            "0.0833": [
              1.8,
              0,
              0
            ],
            "0.125": [
              3.78,
              0,
              0
            ],
            "0.1667": [
              6.25,
              0,
              0
            ],
            "0.2083": [
              9.03,
              0,
              0
            ],
            "0.25": [
              11.95,
              0,
              0
            ],
            "0.2917": [
              14.84,
              0,
              0
            ],
            "0.3333": [
              17.5,
              0,
              0
            ],
            "0.375": [
              23.83,
              0,
              0
            ],
            "0.4167": [
              31.25,
              0,
              0
            ],
            "0.4583": [
              37.42,
              0,
              0
            ],
            "0.5": [
              40,
              0,
              0
            ],
            "0.5417": [
              38.3,
              0,
              0
            ],
            "0.5833": [
              34,
              0,
              0
            ],
            "0.625": [
              28.3,
              0,
              0
            ],
            "0.6667": [
              22.4,
              0,
              0
            ],
            "0.7083": [
              17.5,
              0,
              0
            ],
            "0.75": [
              9.99,
              0,
              0
            ],
            "0.7917": [
              3.05,
              0,
              0
            ],
            "0.8333": [
              0,
              0,
              0
            ]
          },
          "position": {
            "0.0": [
              0,
              0,
              0
            ],
            "0.0417": [
              0,
              -0.23,
              0
            ],
            "0.0833": [
              0,
              -0.11,
              0
            ],
            "0.125": [
              0,
              0.29,
              0
            ],
            "0.1667": [
              0,
              0.87,
              0
            ],
            "0.2083": [
              0,
              1.57,
              0
            ],
            "0.25": [
              0,
              2.31,
              0
            ],
            "0.2917": [
              0,
              3,
              0
            ],
            "0.3333": [
              0,
              4.25,
              0
            ],
            "0.375": [
              0,
              5.9,
              0
            ],
            "0.4167": [
              0,
              7.54,
              0
            ],
            "0.4583": [
              0,
              8.71,
              0
            ],
            "0.5": [
              0,
              9,
              0
            ],
            "0.5417": [
              0,
              8.51,
              0
            ],
            "0.5833": [
              0,
              7.52,
              0
            ],
            "0.625": [
              0,
              6.2,
              0
            ],
            "0.6667": [
              0,
              4.69,
              0
            ],
            "0.7083": [
              0,
              3.15,
              0
            ],
            "0.75": [
              0,
              1.76,
              0
            ],
            "0.7917": [
              0,
              0.65,
              0
            ],
            "0.8333": [
              0,
              0,
              0
            ]
          }
        },
        "leftFoot": {
          "rotation": {
            "0.125": [
              0,
              0,
              0
            ],
            "0.1667": [
              2.94,
              0,
              0
            ],
            "0.2083": [
              5.06,
              0,
              0
            ],
            "0.25": [
              7.04,
              0,
              0
            ],
            "0.2917": [
              9.53,
              0,
              0
            ],
            "0.3333": [
              13.21,
              0,
              0
            ],
            "0.375": [
              22.19,
              0,
              0
            ],
            "0.4167": [
              34.15,
              0,
              0
            ],
            "0.4583": [
              43.6,
              0,
              0
            ],
            "0.5": [
              45,
              0,
              0
            ],
            "0.5417": [
              36.41,
              0,
              0
            ],
            "0.5833": [
              20.82,
              0,
              0
            ],
            "0.625": [
              2.78,
              0,
              0
            ],
            "0.6667": [
              -13.18,
              0,
              0
            ],
            "0.7083": [
              -22.5,
              0,
              0
            ],
            "0.75": [
              -21.32,
              0,
              0
            ],
            "0.7917": [
              -10.14,
              0,
              0
            ],
            "0.8333": [
              0,
              0,
              0
            ]
          }
        },
        "rightLeg": {
          "rotation": {
            "0.0": [
              0,
              0,
              0
            ],
            "0.0417": [
              0.48,
              0,
              0
            ],
            "0.0833": [
              1.8,
              0,
              0
            ],
            "0.125": [
              3.78,
              0,
              0
            ],
            "0.1667": [
              6.25,
              0,
              0
            ],
            "0.2083": [
              9.03,
              0,
              0
            ],
            "0.25": [
              11.95,
              0,
              0
            ],
            "0.2917": [
              14.84,
              0,
              0
            ],
            "0.3333": [
              17.5,
              0,
              0
            ],
            "0.375": [
              23.83,
              0,
              0
            ],
            "0.4167": [
              31.25,
              0,
              0
            ],
            "0.4583": [
              37.42,
              0,
              0
            ],
            "0.5": [
              40,
              0,
              0
            ],
            "0.5417": [
              35.65,
              0,
              0
            ],
            "0.5833": [
              26.3,
              0,
              0
            ],
            "0.625": [
              17.5,
              0,
              0
            ],
            "0.6667": [
              10,
              0,
              0
            ],
            "0.7083": [
              3.06,
              0,
              0
            ],
            "0.75": [
              0,
              0,
              0
            ]
          },
          "position": {
            "0.0": [
              0,
              0,
              0
            ],
            "0.0417": [
              0,
              -0.23,
              0
            ],
            "0.0833": [
              0,
              -0.11,
              0
            ],
            "0.125": [
              0,
              0.29,
              0
            ],
            "0.1667": [
              0,
              0.87,
              0
            ],
            "0.2083": [
              0,
              1.57,
              0
            ],
            "0.25": [
              0,
              2.31,
              0
            ],
            "0.2917": [
              0,
              3,
              0
            ],
            "0.3333": [
              0,
              4.25,
              0
            ],
            "0.375": [
              0,
              5.9,
              0
            ],
            "0.4167": [
              0,
              7.54,
              0
            ],
            "0.4583": [
              0,
              8.71,
              0
            ],
            "0.5": [
              0,
              9,
              0
            ],
            "0.5417": [
              0,
              8.23,
              0
            ],
            "0.5833": [
              0,
              6.67,
              0
            ],
            "0.625": [
              0,
              4.69,
              0
            ],
            "0.6667": [
              0,
              2.67,
              0
            ],
            "0.7083": [
              0,
              0.98,
              0
            ],
            "0.75": [
              0,
              0,
              0
            ]
          }
        },
        "rightFoot": {
          "rotation": {
            "0.25": [
              0,
              0,
              0
            ],
            "0.2917": [
              6.03,
              0,
              0
            ],
            "0.3333": [
              13.21,
              0,
              0
            ],
            "0.375": [
              22.19,
              0,
              0
            ],
            "0.4167": [
              34.15,
              0,
              0
            ],
            "0.4583": [
              43.6,
              0,
              0
            ],
            "0.5": [
              45,
              0,
              0
            ],
            "0.5417": [
              36.41,
              0,
              0
            ],
            "0.5833": [
              20.82,
              0,
              0
            ],
            "0.625": [
              2.78,
              0,
              0
            ],
            "0.6667": [
              -13.18,
              0,
              0
            ],
            "0.7083": [
              -22.5,
              0,
              0
            ],
            "0.75": [
              -21.32,
              0,
              0
            ],
            "0.7917": [
              -10.14,
              0,
              0
            ],
            "0.8333": [
              0,
              0,
              0
            ]
          }
        }
      },
      "sound_effects": {
        "0.75": {
          "effect": "step"
        },
        "0.8333": {
          "effect": "step_-6dB"
        }
      }
    },
    "animation.canguro.death": {
      "animation_length": 0.25,
      "bones": {
        "root": {
          "rotation": {
            "0.0": [
              0,
              0,
              0
            ],
            "0.25": [
              0,
              0,
              -87.5
            ]
          },
          "position": [
            0,
            0,
            0
          ]
        }
      },
      "loop": "hold_on_last_frame"
    }
  }
}