{
    "object": "jigsaw/pillager-outpost/overgrown/cage",
    "connectors": [
        {
            "name": "minecraft:feature",
            "targetName": "",
            "innerConnector": false,
            "keepEntity": false,
            "entityCount": 1,
            "position": {
                "x": -3,
                "y": -1,
                "z": -4
            },
            "direction": "NORTH_NEGATIVE_Z"
        },
        {
            "name": "minecraft:feature",
            "targetName": "",
            "innerConnector": false,
            "keepEntity": false,
            "entityCount": 1,
            "position": {
                "x": -3,
                "y": -1,
                "z": 3
            },
            "direction": "SOUTH_POSITIVE_Z"
        },
        {
            "name": "minecraft:feature",
            "targetName": "",
            "innerConnector": false,
            "keepEntity": false,
            "entityCount": 1,
            "position": {
                "x": 2,
                "y": -1,
                "z": -4
            },
            "direction": "NORTH_NEGATIVE_Z"
        },
        {
            "name": "minecraft:feature",
            "targetName": "",
            "innerConnector": false,
            "keepEntity": false,
            "entityCount": 1,
            "position": {
                "x": 2,
                "y": -1,
                "z": 3
            },
            "direction": "SOUTH_POSITIVE_Z"
        },
        {
            "name": "minecraft:feature",
            "targetName": "",
            "innerConnector": false,
            "keepEntity": false,
            "entityCount": 1,
            "position": {
                "x": -4,
                "y": -1,
                "z": -3
            },
            "direction": "WEST_NEGATIVE_X"
        },
        {
            "name": "minecraft:feature",
            "targetName": "",
            "innerConnector": false,
            "keepEntity": false,
            "entityCount": 1,
            "position": {
                "x": -4,
                "y": -1,
                "z": 2
            },
            "direction": "WEST_NEGATIVE_X"
        },
        {
            "name": "minecraft:feature",
            "targetName": "",
            "innerConnector": false,
            "keepEntity": false,
            "entityCount": 1,
            "position": {
                "x": 3,
                "y": -1,
                "z": -3
            },
            "direction": "EAST_POSITIVE_X"
        },
        {
            "name": "minecraft:feature",
            "targetName": "",
            "innerConnector": false,
            "keepEntity": false,
            "entityCount": 1,
            "position": {
                "x": 3,
                "y": -1,
                "z": 2
            },
            "direction": "EAST_POSITIVE_X"
        }
    ]
}
