{
  "display": {
    "icon": {
      "item": "minecraft:end_portal_frame"
    },
    "title": "Lunar Landscape",
    "description": "Little is known of this strange realm. Without the Orbiter, it is a hauntingly vacant wasteland. Did life once take root here only to be swept away, or has this strange realm always been alone, forgotten?",
    "frame": "goal",
    "show_toast": true,
    "announce_to_chat": true,
    "hidden": true
  },
  "parent": "divine_dimension:ethera/dungeon5",
  "criteria": {
    "requirement": {
      "trigger": "minecraft:location",
      "conditions": {
        "player": {
          "location": {
            "dimension": "divine_dimension:the_astral"
          }
        }
      }
    }
  },
  "rewards": {}
}
