{
  "display": {
    "icon": {
      "item": "minecraft:pufferfish",
      "nbt": "{display:{Name:'{\"text\":\"Satyr Heart\",\"color\":\"yellow\",\"italic\":false}'},CustomModelData:5551,satyr_heart:1b}"
    },
    "title": "Lord of the Fae",
    "description": "Defeat the Satyr Warchief, found in Dominum.",
    "frame": "challenge",
    "show_toast": true,
    "announce_to_chat": true,
    "hidden": false
  },
  "parent": "divine_dimension:ethera/dungeon4",
  "criteria": {
    "requirement": {
      "trigger": "minecraft:impossible"
    }
  },
  "rewards": {
    "function": "divine_dimension:player/progression/hp_up"
  }
}
