{
  "display": {
    "icon": {
      "item": "minecraft:jigsaw",
      "nbt": "{CustomModelData:55512}"
    },
    "title": "Reborn in Fire",
    "description": "Defeat the Phoenix, found in the giant trees of the Hinnom.",
    "frame": "challenge",
    "show_toast": true,
    "announce_to_chat": true,
    "hidden": false
  },
  "parent": "divine_dimension:ethera/dungeon2",
  "criteria": {
    "requirement": {
      "trigger": "minecraft:impossible"
    }
  },
  "rewards": {
    "function": "divine_dimension:player/progression/hp_up"
  }
}
