{
  "display": {
    "icon": {
      "item": "minecraft:bone",
      "nbt": "{display:{Name:'{\"text\":\"Fossil\",\"color\":\"light_purple\",\"italic\":false}'},CustomModelData:5551,fossil:1b}"
    },
    "title": "Frozen Fossils",
    "description": "Defeat the Colossus, found frozen in the ice of the Frosted Plains.",
    "frame": "challenge",
    "show_toast": true,
    "announce_to_chat": true,
    "hidden": false
  },
  "parent": "divine_dimension:ethera/dungeon3",
  "criteria": {
    "requirement": {
      "trigger": "minecraft:impossible"
    }
  },
  "rewards": {
    "function": "divine_dimension:player/progression/hp_up"
  }
}
