{
  "display": {
    "icon": {
      "item": "minecraft:ender_eye"
    },
    "title": "Eye in the Sky",
    "description": "Defeat the Orbiter, arbiter of The Astral and scourge of the heavens.",
    "frame": "challenge",
    "show_toast": true,
    "announce_to_chat": true,
    "hidden": true
  },
  "parent": "divine_dimension:ethera/astral",
  "criteria": {
    "requirement": {
      "trigger": "minecraft:impossible"
    }
  },
  "rewards": {
    "function": "divine_dimension:player/progression/hp_up"
  }
}
