{
  "display": {
    "icon": {
      "item": "minecraft:cooked_mutton",
      "nbt": "{display:{Name:'{\"text\":\"Glowing Mushroom\",\"italic\":false}'},CustomModelData:5551,eth:{item:1b,glowing_mushroom:1b}}"
    },
    "title": "Doom and Gloom",
    "description": "Defeat the Doomcap, found in the labyrinths of the Farwoods.",
    "frame": "challenge",
    "show_toast": true,
    "announce_to_chat": true,
    "hidden": false
  },
  "parent": "divine_dimension:ethera/dungeon1",
  "criteria": {
    "requirement": {
      "trigger": "minecraft:impossible"
    }
  },
  "rewards": {
    "function": "divine_dimension:player/progression/hp_up"
  }
}
