{
  "display": {
    "icon": {
      "item": "minecraft:jigsaw",
      "nbt": "{display:{Name:'{\"text\":\"Essence\",\"color\":\"yellow\",\"italic\":false}'},CustomModelData:5552,essence:1b}"
    },
    "title": "Divine Essence",
    "description": "Slap gold on an ordinary crafting table to make an Etheral Crafter, then open it.",
    "show_toast": true,
    "announce_to_chat": true,
    "hidden": false
  },
  "parent": "divine_dimension:ethera/root",
  "criteria": {
    "requirement": {
      "trigger": "minecraft:item_used_on_block",
      "conditions": {
        "location": {
          "block": {
            "blocks": [
              "minecraft:barrel"
            ],
            "nbt": "{CustomName:'{\"text\":\"Etheral Crafter\"}',Items:[{Slot:18b,id:\"minecraft:knowledge_book\"}]}"
          }
        }
      }
    }
  },
  "rewards": {}
}
