{
  "display": {
    "icon": {
      "item": "minecraft:jigsaw",
      "nbt": "{CustomModelData:55518,eth:{satyr_banner:1b}}"
    },
    "title": "Hoof Camp",
    "description": "Stumble into a satyr village in Dominium. Beware, the locals are hostile.",
    "frame": "goal",
    "show_toast": true,
    "announce_to_chat": true,
    "hidden": false
  },
  "parent": "divine_dimension:ethera/boss3",
  "criteria": {
    "requirement": {
      "trigger": "minecraft:location",
      "conditions": {
        "player": {
          "location": {
            "structure": "divine_dimension:satyrvillage"
          }
        }
      }
    }
  },
  "rewards": {}
}
