{
  "display": {
    "icon": {
      "item": "minecraft:carrot_on_a_stick",
      "nbt": "{display:{Name:'{\"text\":\"Labyrinth Key\",\"color\":\"yellow\",\"italic\":false}'},CustomModelData:5554,eth:{item:9b,labyrinth_key:1b}}"
    },
    "title": "Lost in the Woods",
    "description": "Find a labyrinth in the Farwoods and open its doors. Inhalation of fungal spores not advised.",
    "frame": "goal",
    "show_toast": true,
    "announce_to_chat": true,
    "hidden": false
  },
  "parent": "divine_dimension:ethera/crafter",
  "criteria": {
    "requirement": {
      "trigger": "minecraft:impossible"
    }
  },
  "rewards": {}
}
