{
  "display": {
    "icon": {
      "item": "minecraft:crying_obsidian"
    },
    "title": "Darkening Skies",
    "description": "Dark tales speak of an ominous tower within the Skyvale. Enter, and face that which awaits you.",
    "frame": "goal",
    "show_toast": true,
    "announce_to_chat": true,
    "hidden": false
  },
  "parent": "divine_dimension:ethera/boss4",
  "criteria": {
    "requirement": {
      "trigger": "minecraft:location",
      "conditions": {
        "player": {
          "location": {
            "structure": "divine_dimension:ritualtower"
          }
        }
      }
    }
  },
  "rewards": {}
}
