{
  "display": {
    "icon": {
      "item": "minecraft:netherite_pickaxe",
      "nbt": "{display:{Name:'{\"text\":\"Ice Pick\",\"color\":\"light_purple\",\"italic\":false}',Lore:['{\"text\":\"Capable of Mining Chromium\",\"color\":\"gray\",\"italic\":false}','{\"text\":\" \"}','{\"text\":\"When in Main Hand:\",\"color\":\"gray\",\"italic\":false}','{\"text\":\" 7 Attack Damage\",\"color\":\"dark_green\",\"italic\":false}','{\"text\":\" 1.2 Attack Speed\",\"color\":\"dark_green\",\"italic\":false}']},HideFlags:2,CustomModelData:5551,eth:{item:1b,ice_pick:1b},Enchantments:[{id:\"minecraft:efficiency\",lvl:6s},{id:\"minecraft:silk_touch\",lvl:1s}],AttributeModifiers:[{AttributeName:\"generic.attack_damage\",Name:\"generic.attack_damage\",Amount:6,Operation:0,UUID:[I;1513077403,415451791,-2130983256,592905748],Slot:\"mainhand\"},{AttributeName:\"generic.attack_speed\",Name:\"generic.attack_speed\",Amount:-2.8,Operation:0,UUID:[I;-2120910800,-1709816669,-1107429840,-1340826069],Slot:\"mainhand\"}]}"
    },
    "title": "Deep in the Ice",
    "description": "Find the haunted Ice Caves of the Frosted Plains, where cursed spirits are said to roam.",
    "frame": "goal",
    "show_toast": true,
    "announce_to_chat": true,
    "hidden": false
  },
  "parent": "divine_dimension:ethera/pendant",
  "criteria": {
    "requirement": {
      "trigger": "minecraft:location",
      "conditions": {
        "player": {
          "location": {
            "structure": "divine_dimension:ice_cave"
          }
        }
      }
    }
  },
  "rewards": {}
}
