{
  "display": {
    "icon": {
      "item": "minecraft:blaze_powder"
    },
    "title": "Burning Branches",
    "description": "Find a giant tree in Hinnom, filled with molten lava and home to the legendary fire bird.",
    "frame": "goal",
    "show_toast": true,
    "announce_to_chat": true,
    "hidden": false
  },
  "parent": "divine_dimension:ethera/boss1",
  "criteria": {
    "requirement": {
      "trigger": "minecraft:location",
      "conditions": {
        "player": {
          "location": {
            "structure": "divine_dimension:phoenixtree"
          }
        }
      }
    }
  },
  "rewards": {}
}
