{
  "display": {
    "icon": {
      "item": "minecraft:netherite_sword",
      "nbt": "{CustomModelData:5555}"
    },
    "title": "To Repel Evil",
    "description": "At last, you have awakened the true power of the Ether Sword. Now it is time to prepare for the final battle against Kronos.",
    "frame": "challenge",
    "show_toast": true,
    "announce_to_chat": true,
    "hidden": true
  },
  "parent": "divine_dimension:ethera/boss5",
  "criteria": {
    "requirement": {
      "trigger": "minecraft:inventory_changed",
      "conditions": {
        "items": [
          {
            "items": [
              "minecraft:netherite_sword"
            ],
            "nbt": "{eth:{ether:1b}}"
          }
        ]
      }
    }
  },
  "rewards": {}
}
