{
  "display": {
    "icon": {
      "item": "minecraft:jigsaw",
      "nbt": "{CustomModelData:55515}"
    },
    "title": "Fortress of Flames",
    "description": "Find the Ancient Pendant in a Hinnom fortress, used to create the Pendant of Revival.",
    "frame": "goal",
    "show_toast": true,
    "announce_to_chat": true,
    "hidden": false
  },
  "parent": "divine_dimension:ethera/ether1",
  "criteria": {
    "requirement": {
      "trigger": "minecraft:inventory_changed",
      "conditions": {
        "items": [
          {
            "items": [
              "minecraft:jigsaw"
            ],
            "nbt": "{CustomModelData:55515}"
          }
        ]
      }
    }
  }
}
