{
  "display": {
    "icon": {
      "item": "minecraft:elytra",
      "nbt": "{display:{Name:'{\"text\":\"Phoenix Wings\",\"color\":\"light_purple\",\"italic\":false}',Lore:['{\"text\":\"Press [Shift] to Boost Altitude\",\"color\":\"gray\",\"italic\":false}']},HideFlags:2,eth:{phoenix_wings:1b}}"
    },
    "title": "The Divine Dimension",
    "description": "Set foot into Ethera for the first time.",
    "background": "minecraft:textures/entity/end_portal.png",
    "show_toast": true,
    "announce_to_chat": true,
    "hidden": false
  },
  "criteria": {
    "requirement": {
      "trigger": "minecraft:location",
      "conditions": {
        "player": {
          "location": {
            "dimension": "divine_dimension:ethera"
          }
        }
      }
    }
  },
  "rewards": {
    "function": "divine_dimension:player/ethera"
  }
}
