{
  "criteria": {
    "requirement": {
      "trigger": "minecraft:tick",
      "conditions": {
        "player": [
          {
            "condition": "minecraft:inverted",
            "term": {
              "condition": "minecraft:entity_scores",
              "entity": "this",
              "scores": {
                "eth.cool_down": {
                  "min": -999999,
                  "max": 999999
                }
              }
            }
          }
        ]
      }
    }
  },
  "rewards": {
    "function": "divine_dimension:player/divine_power"
  }
}
