{
  "criteria": {
    "requirement": {
      "trigger": "minecraft:using_item",
      "conditions": {
        "player": {
          "location": {
            "light": {
              "light": {
                "min": 10,
                "max": 15
              }
            }
          }
        },
        "item": {
          "items": [
            "minecraft:shield"
          ],
          "nbt": "{display:{Name:'[{\"text\":\"Mirror Shield\",\"italic\":false,\"color\":\"gold\"}]'}}"
        }
      }
    }
  },
  "rewards": {
    "function": "divine_dimension:items/beam/sun"
  }
}
