{
  "criteria": {
    "requirement": {
      "trigger": "minecraft:tick",
      "conditions": {
        "player": [
          {
            "condition": "minecraft:entity_properties",
            "entity": "this",
            "predicate": {
              "location": {
                "position": {},
                "block": {
                  "blocks": [
                    "minecraft:air"
                  ]
                }
              },
              "flags": {
                "is_sneaking": false,
                "is_sprinting": false
              },
              "equipment": {
                "feet": {
                  "items": [
                    "minecraft:leather_boots"
                  ],
                  "nbt": "{display:{Name:'{\"text\":\"Sky Runners\",\"color\":\"gold\",\"italic\":false}'}}"
                }
              },
              "effects": {
                "minecraft:levitation": {
                  "amplifier": 255
                }
              }
            }
          }
        ]
      }
    }
  },
  "rewards": {
    "function": "divine_dimension:items/relics/sky_idle"
  }
}
