{
  "criteria": {
    "requirement": {
      "trigger": "minecraft:tick",
      "conditions": {
        "player": [
          {
            "condition": "minecraft:entity_scores",
            "entity": "this",
            "scores": {
              "eth.cool_down": {
                "max": 0
              }
            }
          },
          {
            "condition": "minecraft:alternative",
            "terms": [
              {
                "condition": "minecraft:reference",
                "name": "divine_dimension:weapons/spark_m"
              },
              {
                "condition": "minecraft:reference",
                "name": "divine_dimension:weapons/spark_o"
              }
            ]
          }
        ]
      }
    }
  },
  "rewards": {
    "function": "divine_dimension:items/equipment/spark_wand/reload"
  }
}
