{
  "criteria": {
    "requirement": {
      "trigger": "minecraft:tick",
      "conditions": {
        "player": [
          {
            "condition": "minecraft:entity_scores",
            "entity": "this",
            "scores": {
              "eth.spin_charge": {
                "min": 1
              }
            }
          },
          {
            "condition": "minecraft:inverted",
            "term": {
              "condition": "minecraft:entity_properties",
              "entity": "this",
              "predicate": {
                "equipment": {
                  "mainhand": {
                    "nbt": "{eth:{spin_attack:1b}}"
                  }
                }
              }
            }
          }
        ]
      }
    }
  },
  "rewards": {
    "function": "divine_dimension:items/relics/spin_reset"
  }
}
