{
    "name": "Generic",
    "rarity": 1,
    "loot": [
        {
            "type": "apple",
            "maxAmount": 3,
            "minAmount": 1,
            "rarity": 3,
            "slotTypes": "STORAGE"
        },
        {
            "type": "bread",
            "maxAmount": 3,
            "minAmount": 1,
            "rarity": 3,
            "slotTypes": "STORAGE"
        },
        {
            "type": "iron_ingot",
            "maxAmount": 4,
            "minAmount": 1,
            "rarity": 4,
            "slottypes": "STORAGE"
        },
        {
            "type": "ender_pearl",
            "maxamount": 1,
            "rarity": 4,
            "slottypes": "STORAGE"
        },
        {
            "type": "redstone",
            "maxamount": 9,
            "minAmount": 4,
            "rarity": 9,
            "slottypes": "STORAGE"
        },
        {
            "type": "gold_ingot",
            "maxamount": 3,
            "minAmount": 1,
            "rarity": 9,
            "slottypes": "STORAGE"
        },
        {
            "type": "iron_pickaxe",
            "maxamount": 1,
            "rarity": 9,
            "slottypes": "STORAGE"
        },
        {
            "type": "iron_sword",
            "maxamount": 1,
            "rarity": 9,
            "slottypes": "STORAGE"
        },
        {
            "type": "iron_helmet",
            "maxamount": 1,
            "rarity": 9,
            "slottypes": "STORAGE"
        },
        {
            "type": "iron_chestplate",
            "maxamount": 1,
            "rarity": 9,
            "slottypes": "STORAGE"
        },
        {
            "type": "iron_leggings",
            "maxamount": 1,
            "rarity": 9,
            "slottypes": "STORAGE"
        },
        {
            "type": "iron_boots",
            "maxamount": 1,
            "rarity": 9,
            "slottypes": "STORAGE"
        },
        {
            "type": "emerald",
            "maxamount": 3,
            "minAmount": 1,
            "rarity": 13,
            "slottypes": "STORAGE"
        },
        {
            "type": "diamond",
            "maxamount": 3,
            "minAmount": 1,
            "rarity": 13,
            "slottypes": "STORAGE"
        },
        {
            "type": "music_disc_otherside",
            "maxamount": 1,
            "rarity": 40,
            "slottypes": "STORAGE"
        },
        {
            "type": "enchanted_book",
            "maxamount": 1,
            "rarity": 40,
            "slottypes": "STORAGE",
            "enchantments": [
                {
                    "enchantment": "binding_curse",
                    "chance": 0.25,
                    "maxLevel": 1,
                    "minLevel": 1
                },
                {
                    "enchantment": "vanishing_curse",
                    "chance": 0.25,
                    "maxLevel": 1,
                    "minLevel": 1
                },
                {
                    "enchantment": "frost_walker",
                    "chance": 0.25,
                    "maxLevel": 2,
                    "minLevel": 1
                },
                {
                    "enchantment": "mending",
                    "chance": 0.25,
                    "maxLevel": 1,
                    "minLevel": 1
                }
            ]
        },
        {
            "type": "saddle",
            "maxamount": 1,
            "rarity": 40,
            "slottypes": "STORAGE"
        },
        {
            "type": "iron_horse_armor",
            "maxamount": 1,
            "rarity": 40,
            "slottypes": "STORAGE"
        },
        {
            "type": "golden_apple",
            "maxamount": 1,
            "rarity": 40,
            "slottypes": "STORAGE"
        },
        {
            "type": "golden_horse_armor",
            "maxamount": 1,
            "rarity": 40,
            "slottypes": "STORAGE"
        },
        {
            "type": "diamond_horse_armor",
            "maxamount": 1,
            "rarity": 40,
            "slottypes": "STORAGE"
        }
    ]
}
