{
    "name": "Maze",
    "rarity": 1,
    "loot": [
        {
            "type": "apple",
            "maxAmount": 3,
            "minAmount": 1,
            "rarity": 2,
            "slotTypes": "STORAGE"
        },
        {
            "type": "bread",
            "maxAmount": 3,
            "minAmount": 1,
            "rarity": 2,
            "slotTypes": "STORAGE"
        },
        {
            "type": "coal",
            "maxAmount": 8,
            "minAmount": 3,
            "rarity": 3,
            "slotTypes": "STORAGE"
        },
        {
            "type": "iron_ingot",
            "maxAmount": 5,
            "minAmount": 1,
            "rarity": 3,
            "slotTypes": "STORAGE"
        },
        {
            "type": "redstone",
            "maxAmount": 9,
            "minAmount": 4,
            "rarity": 5,
            "slotTypes": "STORAGE"
        },
        {
            "type": "gold_ingot",
            "maxAmount": 3,
            "minAmount": 1,
            "rarity": 5,
            "slotTypes": "STORAGE"
        },
        {
            "type": "enchanted_book",
            "maxAmount": 1,
            "rarity": 25,
            "slotTypes": "STORAGE",
            "enchantments": [
                {
                    "enchantment": "binding_curse",
                    "chance": 0.25,
                    "maxLevel": 1,
                    "minLevel": 1
                },
                {
                    "enchantment": "vanishing_curse",
                    "chance": 0.25,
                    "maxLevel": 1,
                    "minLevel": 1
                },
                {
                    "enchantment": "frost_walker",
                    "chance": 0.25,
                    "maxLevel": 2,
                    "minLevel": 1
                },
                {
                    "enchantment": "mending",
                    "chance": 0.25,
                    "maxLevel": 1,
                    "minLevel": 1
                }
            ]
        },
        {
            "type": "iron_pickaxe",
            "maxAmount": 1,
            "rarity": 25,
            "slotTypes": "STORAGE"
        }
    ]
}
