{
    "object": "jigsaw/pillager-outpost/watchtower_overgrown",
    "connectors": [
        {
            "name": "",
            "targetName": "*",
            "innerConnector": false,
            "pools": ["pillager-outpost/features-overgrown"],
            "keepEntity": false,
            "entityCount": 1,
            "position": {
                "x": -3,
                "y": -10,
                "z": -7
            },
            "direction": "NORTH_NEGATIVE_Z"
        },
        {
            "name": "",
            "targetName": "*",
            "innerConnector": true,
            "pools": ["pillager-outpost/features-overgrown"],
            "keepEntity": false,
            "entityCount": 1,
            "position": {
                "x": 3,
                "y": -10,
                "z": -7
            },
            "direction": "NORTH_NEGATIVE_Z"
        },
        {
            "name": "",
            "targetName": "*",
            "innerConnector": false,
            "pools": ["pillager-outpost/features-overgrown"],
            "keepEntity": false,
            "entityCount": 1,
            "position": {
                "x": 7,
                "y": -10,
                "z": -3
            },
            "direction": "EAST_POSITIVE_X"
        },
        {
            "name": "",
            "targetName": "*",
            "innerConnector": false,
            "pools": ["pillager-outpost/features-overgrown"],
            "keepEntity": false,
            "entityCount": 1,
            "position": {
                "x": 7,
                "y": -10,
                "z": 3
            },
            "direction": "EAST_POSITIVE_X"
        },
        {
            "name": "",
            "targetName": "*",
            "innerConnector": false,
            "pools": ["pillager-outpost/features-overgrown"],
            "keepEntity": false,
            "entityCount": 1,
            "position": {
                "x": -7,
                "y": -10,
                "z": 3
            },
            "direction": "WEST_NEGATIVE_X"
        },
        {
            "name": "",
            "targetName": "*",
            "innerConnector": false,
            "pools": ["pillager-outpost/features-overgrown"],
            "keepEntity": false,
            "entityCount": 1,
            "position": {
                "x": -7,
                "y": -10,
                "z": -3
            },
            "direction": "WEST_NEGATIVE_X"
        }
    ],
    "placementOptions":{
         "mode": "CENTER_STILT",
         "smartBore": true
    }
}
