{
    "name": "Hot Food",
    "rarity": 1,
    "maxPicked": 2,
    "minPicked": 0,
    "loot": [
        {
            "type": "rotten_flesh",
            "maxAmount": 3,
            "slotTypes": "STORAGE"
        },
        {
            "type": "dried_kelp",
            "maxAmount": 6,
            "slotTypes": "STORAGE"
        },
        {
            "type": "baked_potato",
            "maxAmount": 6,
            "slotTypes": "STORAGE"
        },
        {
            "type": "wheat",
            "maxAmount": 6,
            "slotTypes": "STORAGE"
        }
    ]
}
