{
  "format_version": "1.8.0",
  "animations": {
    "animation.oso.walk": {
      "loop": true,
      "animation_length": 26.5833,
      "bones": {
        "leg0": {
          "rotation": {
            "0.0": [
              0,
              0,
              0
            ],
            "0.25": [
              22.5,
              0,
              0
            ],
            "0.5": [
              -17.5,
              0,
              0
            ]
          }
        },
        "leg1": {
          "rotation": {
            "0.0": [
              0,
              0,
              0
            ],
            "0.25": [
              -20,
              0,
              0
            ],
            "0.5": [
              25,
              0,
              0
            ]
          }
        },
        "leg2": {
          "rotation": {
            "0.0": [
              0,
              0,
              0
            ],
            "0.25": [
              15,
              0,
              0
            ],
            "0.5": [
              -27.5,
              0,
              0
            ]
          }
        },
        "leg3": {
          "rotation": {
            "0.0": [
              0,
              0,
              0
            ],
            "0.25": [
              -25,
              0,
              0
            ],
            "0.5": [
              17.5,
              0,
              0
            ]
          },
          "position": [
            0,
            0,
            0
          ]
        }
      }
    },
    "animation.oso.death": {
      "animation_length": 0.25,
      "bones": {
        "body": {
          "rotation": {
            "0.0": [
              0,
              0,
              0
            ],
            "0.25": [
              0,
              0,
              90
            ]
          },
          "position": [
            0,
            0,
            0
          ]
        }
      },
      "loop": "hold_on_last_frame"
    },
    "animation.oso.attack": {
      "animation_length": 0.5,
      "bones": {
        "body": {
          "position": [
            0,
            0,
            0
          ]
        },
        "leg2": {
          "rotation": {
            "0.0": [
              0,
              0,
              0
            ],
            "0.25": [
              -87.5,
              0,
              0
            ],
            "0.5": [
              0,
              0,
              0
            ]
          },
          "position": {
            "0.0": [
              0,
              0,
              0
            ],
            "0.25": [
              -2,
              0,
              0
            ]
          }
        },
        "leg3": {
          "rotation": {
            "0.0": [
              0,
              0,
              0
            ],
            "0.25": [
              -85,
              0,
              0
            ],
            "0.5": [
              0,
              0,
              0
            ]
          },
          "position": {
            "0.0": [
              0,
              0,
              0
            ],
            "0.25": [
              3,
              0,
              0
            ]
          }
        }
      },
      "loop": "hold_on_last_frame"
    }
  }
}