{"textures":{"0":"modelengine:entity/orangutan"},"elements":[{"from":[5.0,-9.0,4.0],"to":[12.0,11.0,12.0],"faces":{"east":{"uv":[3.75,5.125,4.75,7.625],"tintindex":0,"rotation":0,"texture":"#0"},"south":{"uv":[6.625,5.125,7.5,7.625],"tintindex":0,"rotation":0,"texture":"#0"},"north":{"uv":[4.75,5.125,5.625,7.625],"tintindex":0,"rotation":0,"texture":"#0"},"west":{"uv":[5.625,5.125,6.625,7.625],"tintindex":0,"rotation":0,"texture":"#0"},"up":{"uv":[5.625,5.125,4.75,4.125],"tintindex":0,"rotation":0,"texture":"#0"},"down":{"uv":[6.5,4.125,5.625,5.125],"tintindex":0,"rotation":0,"texture":"#0"}}}],"display":{"gui":{"rotation":[30,225,0]}}}