{"elements":[{"from":[6.285714,-1.7142859,5.714286],"to":[10.285714,9.714286,10.285714],"rotation":{"angle":0.0,"axis":"y","origin":[12.571428,-1.7142859,8.571428]},"faces":{"east":{"uv":[3.75,5.125,4.75,7.625],"rotation":0,"texture":"#0","tintindex":0},"south":{"uv":[6.625,5.125,7.5,7.625],"rotation":0,"texture":"#0","tintindex":0},"north":{"uv":[4.75,5.125,5.625,7.625],"rotation":0,"texture":"#0","tintindex":0},"west":{"uv":[5.625,5.125,6.625,7.625],"rotation":0,"texture":"#0","tintindex":0},"up":{"uv":[5.625,5.125,4.75,4.125],"rotation":0,"texture":"#0","tintindex":0},"down":{"uv":[6.5,4.125,5.625,5.125],"rotation":0,"texture":"#0","tintindex":0}}}],"textures":{"0":"modelengine:entity/orangutan"},"display":{"head":{"translation":[0.0,-6.4,0.0],"scale":[4.0,4.0,4.0]}}}