{"textures":{"0":"modelengine:entity/orangutan"},"elements":[{"from":[4.0,-9.0,4.0],"to":[11.0,11.0,12.0],"faces":{"east":{"uv":[0.0,5.125,1.0,7.625],"tintindex":0,"rotation":0,"texture":"#0"},"south":{"uv":[2.875,5.125,3.75,7.625],"tintindex":0,"rotation":0,"texture":"#0"},"north":{"uv":[1.0,5.125,1.875,7.625],"tintindex":0,"rotation":0,"texture":"#0"},"west":{"uv":[1.875,5.125,2.875,7.625],"tintindex":0,"rotation":0,"texture":"#0"},"up":{"uv":[1.875,5.125,1.0,4.125],"tintindex":0,"rotation":0,"texture":"#0"},"down":{"uv":[2.75,4.125,1.875,5.125],"tintindex":0,"rotation":0,"texture":"#0"}}}],"display":{"gui":{"rotation":[30,225,0]}}}