{"elements":[{"from":[4.0,4.5714283,-2.285715],"to":[12.0,11.428572,9.714286],"rotation":{"angle":0.0,"axis":"y","origin":[8.0,-0.57142925,1.7142854]},"faces":{"east":{"uv":[0.0,2.625,2.625,4.125],"rotation":0,"texture":"#0","tintindex":0},"south":{"uv":[7.0,2.625,8.75,4.125],"rotation":0,"texture":"#0","tintindex":0},"north":{"uv":[2.625,2.625,4.375,4.125],"rotation":0,"texture":"#0","tintindex":0},"west":{"uv":[4.375,2.625,7.0,4.125],"rotation":0,"texture":"#0","tintindex":0},"up":{"uv":[4.375,2.625,2.625,0.0],"rotation":0,"texture":"#0","tintindex":0},"down":{"uv":[6.125,0.0,4.375,2.625],"rotation":0,"texture":"#0","tintindex":0}}}],"textures":{"0":"modelengine:entity/orangutan"},"display":{"head":{"translation":[0.0,-6.4,0.0],"scale":[4.0,4.0,4.0]}}}