{"textures":{"0":"modelengine:entity/orangutan"},"elements":[{"from":[1.0,2.0,-10.0],"to":[15.0,14.0,11.0],"faces":{"east":{"uv":[0.0,2.625,2.625,4.125],"tintindex":0,"rotation":0,"texture":"#0"},"south":{"uv":[7.0,2.625,8.75,4.125],"tintindex":0,"rotation":0,"texture":"#0"},"north":{"uv":[2.625,2.625,4.375,4.125],"tintindex":0,"rotation":0,"texture":"#0"},"west":{"uv":[4.375,2.625,7.0,4.125],"tintindex":0,"rotation":0,"texture":"#0"},"up":{"uv":[4.375,2.625,2.625,0.0],"tintindex":0,"rotation":0,"texture":"#0"},"down":{"uv":[6.125,0.0,4.375,2.625],"tintindex":0,"rotation":0,"texture":"#0"}}}],"display":{"gui":{"rotation":[30,225,0]}}}