{"textures":{"0":"modelengine:entity/orangutan"},"elements":[{"from":[13.0,5.0,1.0],"to":[15.0,13.0,4.0],"faces":{"east":{"uv":[0.0,1.5,0.375,2.5],"tintindex":0,"rotation":0,"texture":"#0"},"south":{"uv":[1.0,1.5,1.25,2.5],"tintindex":0,"rotation":0,"texture":"#0"},"north":{"uv":[0.375,1.5,0.625,2.5],"tintindex":0,"rotation":0,"texture":"#0"},"west":{"uv":[0.625,1.5,1.0,2.5],"tintindex":0,"rotation":0,"texture":"#0"},"up":{"uv":[0.625,1.5,0.375,1.125],"tintindex":0,"rotation":0,"texture":"#0"},"down":{"uv":[0.875,1.125,0.625,1.5],"tintindex":0,"rotation":0,"texture":"#0"}}},{"from":[5.0,5.0,-3.0],"to":[11.0,10.0,1.0],"faces":{"east":{"uv":[0.0,0.5,0.5,1.125],"tintindex":0,"rotation":0,"texture":"#0"},"south":{"uv":[1.75,0.5,2.5,1.125],"tintindex":0,"rotation":0,"texture":"#0"},"north":{"uv":[0.5,0.5,1.25,1.125],"tintindex":0,"rotation":0,"texture":"#0"},"west":{"uv":[1.25,0.5,1.75,1.125],"tintindex":0,"rotation":0,"texture":"#0"},"up":{"uv":[1.25,0.5,0.5,0.0],"tintindex":0,"rotation":0,"texture":"#0"},"down":{"uv":[2.0,0.0,1.25,0.5],"tintindex":0,"rotation":0,"texture":"#0"}}},{"from":[1.0,5.0,1.0],"to":[3.0,13.0,4.0],"faces":{"east":{"uv":[1.25,1.5,1.625,2.5],"tintindex":0,"rotation":0,"texture":"#0"},"south":{"uv":[2.25,1.5,2.5,2.5],"tintindex":0,"rotation":0,"texture":"#0"},"north":{"uv":[1.625,1.5,1.875,2.5],"tintindex":0,"rotation":0,"texture":"#0"},"west":{"uv":[1.875,1.5,2.25,2.5],"tintindex":0,"rotation":0,"texture":"#0"},"up":{"uv":[1.875,1.5,1.625,1.125],"tintindex":0,"rotation":0,"texture":"#0"},"down":{"uv":[2.125,1.125,1.875,1.5],"tintindex":0,"rotation":0,"texture":"#0"}}},{"from":[3.0,5.0,1.0],"to":[13.0,16.0,10.0],"faces":{"east":{"uv":[6.125,1.125,7.25,2.5],"tintindex":0,"rotation":0,"texture":"#0"},"south":{"uv":[9.625,1.125,10.875,2.5],"tintindex":0,"rotation":0,"texture":"#0"},"north":{"uv":[7.25,1.125,8.5,2.5],"tintindex":0,"rotation":0,"texture":"#0"},"west":{"uv":[8.5,1.125,9.625,2.5],"tintindex":0,"rotation":0,"texture":"#0"},"up":{"uv":[8.5,1.125,7.25,0.0],"tintindex":0,"rotation":0,"texture":"#0"},"down":{"uv":[9.75,0.0,8.5,1.125],"tintindex":0,"rotation":0,"texture":"#0"}}}],"display":{"gui":{"rotation":[30,225,0]}}}