{"elements":[{"from":[6.857143,2.2857141,6.285714],"to":[10.285714,9.142858,10.285714],"rotation":{"angle":0.0,"axis":"y","origin":[12.571428,2.2857141,1.1428566]},"faces":{"east":{"uv":[7.5,5.0,8.375,6.5],"rotation":0,"texture":"#0","tintindex":0},"south":{"uv":[10.0,5.0,10.75,6.5],"rotation":0,"texture":"#0","tintindex":0},"north":{"uv":[8.375,5.0,9.125,6.5],"rotation":0,"texture":"#0","tintindex":0},"west":{"uv":[9.125,5.0,10.0,6.5],"rotation":0,"texture":"#0","tintindex":0},"up":{"uv":[9.125,5.0,8.375,4.125],"rotation":0,"texture":"#0","tintindex":0},"down":{"uv":[9.875,4.125,9.125,5.0],"rotation":0,"texture":"#0","tintindex":0}}}],"textures":{"0":"modelengine:entity/orangutan"},"display":{"head":{"translation":[0.0,-6.4,0.0],"scale":[4.0,4.0,4.0]}}}