{"textures":{"0":"modelengine:entity/orangutan"},"elements":[{"from":[6.0,-2.0,5.0],"to":[12.0,10.0,12.0],"faces":{"east":{"uv":[7.5,5.0,8.375,6.5],"tintindex":0,"rotation":0,"texture":"#0"},"south":{"uv":[10.0,5.0,10.75,6.5],"tintindex":0,"rotation":0,"texture":"#0"},"north":{"uv":[8.375,5.0,9.125,6.5],"tintindex":0,"rotation":0,"texture":"#0"},"west":{"uv":[9.125,5.0,10.0,6.5],"tintindex":0,"rotation":0,"texture":"#0"},"up":{"uv":[9.125,5.0,8.375,4.125],"tintindex":0,"rotation":0,"texture":"#0"},"down":{"uv":[9.875,4.125,9.125,5.0],"tintindex":0,"rotation":0,"texture":"#0"}}}],"display":{"gui":{"rotation":[30,225,0]}}}