{"textures":{"0":"modelengine:entity/orangutan"},"elements":[{"from":[4.0,-2.0,5.0],"to":[10.0,10.0,12.0],"faces":{"east":{"uv":[6.625,7.625,7.5,9.125],"tintindex":0,"rotation":0,"texture":"#0"},"south":{"uv":[9.125,7.625,9.875,9.125],"tintindex":0,"rotation":0,"texture":"#0"},"north":{"uv":[7.5,7.625,8.25,9.125],"tintindex":0,"rotation":0,"texture":"#0"},"west":{"uv":[8.25,7.625,9.125,9.125],"tintindex":0,"rotation":0,"texture":"#0"},"up":{"uv":[8.25,7.625,7.5,6.75],"tintindex":0,"rotation":0,"texture":"#0"},"down":{"uv":[9.0,6.75,8.25,7.625],"tintindex":0,"rotation":0,"texture":"#0"}}}],"display":{"gui":{"rotation":[30,225,0]}}}