{
    "object": "jigsaw/pillager-outpost/regular/feature_targets",
    "connectors": [
        {
            "name": "minecraft:feature",
            "targetName": "",
            "innerConnector": false,
            "keepEntity": false,
            "entityCount": 1,
            "position": {
                "x": -1,
                "y": 0,
                "z": -3
            },
            "direction": "SOUTH_POSITIVE_Z"
        },
        {
            "name": "minecraft:feature",
            "targetName": "",
            "innerConnector": false,
            "keepEntity": false,
            "entityCount": 1,
            "position": {
                "x": -1,
                "y": 0,
                "z": 3
            },
            "direction": "SOUTH_POSITIVE_Z"
        },
        {
            "name": "minecraft:feature",
            "targetName": "",
            "innerConnector": false,
            "keepEntity": false,
            "entityCount": 1,
            "position": {
                "x": 1,
                "y": 0,
                "z": -3
            },
            "direction": "SOUTH_POSITIVE_Z"
        },
        {
            "name": "minecraft:feature",
            "targetName": "",
            "innerConnector": false,
            "keepEntity": false,
            "entityCount": 1,
            "position": {
                "x": 1,
                "y": 0,
                "z": 3
            },
            "direction": "SOUTH_POSITIVE_Z"
        }
    ]
}
