{
    "name": "Snow Clutter",
    "rarity": 1,
    "maxPicked": 2,
    "minPicked": 1,
    "loot": [
        {
            "type": "snowball",
            "maxAmount": 9,
            "slotTypes": "STORAGE"
        },
        {
            "type": "packed_ice",
            "maxAmount": 3,
            "slotTypes": "STORAGE"
        },
        {
            "type": "blue_ice",
            "maxAmount": 2,
            "rarity": 2,
            "slotTypes": "STORAGE"
        },
        {
            "type": "ice",
            "maxAmount": 2,
            "slotTypes": "STORAGE"
        },
        {
            "type": "white_stained_glass",
            "maxAmount": 5,
            "slotTypes": "STORAGE"
        },
        {
            "type": "soul_torch",
            "maxAmount": 3,
            "slotTypes": "STORAGE"
        }
    ]
}
