{
    "connectors": [{
        "targetName": "*",
        "innerConnector": false,
        "rotateConnector": false,
        "name": "",
        "position": {
            "x": 0,
            "y": -1,
            "z": 0
        },
        "direction": "EAST_POSITIVE_X"
    }],
    "max2dDim": {
        "nullSupport": false,
        "check": {},
        "time": {},
        "write": {}
    },
    "max3dDim": {
        "nullSupport": false,
        "check": {},
        "time": {},
        "write": {}
    },
    "object": "jigsaw/stronghold/wall-fixture/5x3/anvil-furnace"
}
