{
    "pools": [
        {
            "rolls": 1,
            "entries": [
                {
                    "type": "loot_table",
                    "weight": 1,
                    "name": "divine_dimension:items/equipment/needle_spear"
                },
                {
                    "type": "loot_table",
                    "weight": 1,
                    "name": "divine_dimension:items/equipment/needle_spear",
                    "functions": [
                        {
                            "function": "enchant_with_levels",
                            "levels": {
                                "min": 5,
                                "max": 25
                            },
                            "treasure": true
                        }
                    ]
                }
            ]
        }
    ]
}