{
    "interpolator": {
        "function": "BILINEAR_STARCAST_9"
    },
    "seed": 510,
    "composite": [{
        "negative": true,
        "seed": 530,

       "style":{
                    "imageMap":{
                        "channel": "BRIGHTNESS",
                        "coordinateScale": 8,
                        "image": "vascularcliffs",
                        "centered": true,
                        "interpolationMethod": "HERMITE_STARCAST_12",
                        "tiled": true

                    },
                    "zoom": 0.5
                }
    }]
}
