{
  "condition": "minecraft:alternative",
  "terms": [
    {
      "condition": "minecraft:entity_properties",
      "entity": "this",
      "predicate": {
        "location": {
          "position": {
            "y": {
              "max": 64
            }
          },
          "dimension": "divine_dimension:ethera"
        }
      }
    },
    {
      "condition": "minecraft:entity_properties",
      "entity": "this",
      "predicate": {
        "location": {
          "position": {
            "y": {
              "max": 128
            }
          }
        },
        "effects": {
          "minecraft:levitation": {
            "amplifier": 20
          }
        }
      }
    }
  ]
}
