{
    "pools": [
        {
            "rolls": 1,
            "entries": [
                {
                    "type": "item",
                    "weight": 1,
                    "name": "minecraft:music_disc_11"
                },
                {
                    "type": "item",
                    "weight": 1,
                    "name": "minecraft:music_disc_13"
                },
                {
                    "type": "item",
                    "weight": 1,
                    "name": "minecraft:music_disc_blocks"
                },
                {
                    "type": "item",
                    "weight": 1,
                    "name": "minecraft:music_disc_cat"
                },
                {
                    "type": "item",
                    "weight": 1,
                    "name": "minecraft:music_disc_chirp"
                },
                {
                    "type": "item",
                    "weight": 1,
                    "name": "minecraft:music_disc_far"
                },
                {
                    "type": "item",
                    "weight": 1,
                    "name": "minecraft:music_disc_mall"
                },
                {
                    "type": "item",
                    "weight": 1,
                    "name": "minecraft:music_disc_mellohi"
                },
                {
                    "type": "item",
                    "weight": 1,
                    "name": "minecraft:music_disc_stal"
                },
                {
                    "type": "item",
                    "weight": 1,
                    "name": "minecraft:music_disc_strad"
                },
                {
                    "type": "item",
                    "weight": 1,
                    "name": "minecraft:music_disc_wait"
                },
                {
                    "type": "item",
                    "weight": 1,
                    "name": "minecraft:music_disc_ward"
                }
            ]
        }
    ]
}