{
  "pools": [
    {
      "rolls": {
        "min": 1,
        "max": 2
      },
      "entries": [
        {
          "type": "minecraft:item",
          "weight": 5,
          "name": "minecraft:golden_apple"
        },
        {
          "type": "minecraft:loot_table",
          "weight": 8,
          "name": "divine_dimension:items/equipment/arrow_clip"
        },
        {
          "type": "minecraft:loot_table",
          "weight": 5,
          "name": "divine_dimension:items/materials/power_gem"
        },
        {
          "type": "minecraft:item",
          "weight": 8,
          "name": "minecraft:saddle"
        },
        {
          "type": "minecraft:loot_table",
          "weight": 2,
          "name": "divine_dimension:groups/loot/music_discs"
        },
        {
          "type": "minecraft:item",
          "weight": 1,
          "name": "minecraft:enchanted_golden_apple"
        },
        {
          "type": "minecraft:loot_table",
          "weight": 12,
          "name": "divine_dimension:items/food/xp_shards",
          "functions": [
            {
              "function": "minecraft:set_count",
              "count": {
                "min": 1,
                "max": 3
              }
            }
          ]
        },
        {
          "type": "minecraft:loot_table",
          "weight": 3,
          "name": "divine_dimension:groups/loot/random_map"
        },
        {
          "type": "minecraft:item",
          "weight": 5,
          "name": "minecraft:book",
          "functions": [
            {
              "function": "minecraft:enchant_with_levels",
              "levels": {
                "min": 30,
                "max": 10
              },
              "treasure": true
            },
            {
              "function": "minecraft:enchant_randomly",
              "enchantments": [
                "minecraft:protection",
                "minecraft:fire_protection",
                "minecraft:feather_falling",
                "minecraft:blast_protection",
                "minecraft:projectile_protection",
                "minecraft:thorns",
                "minecraft:depth_strider",
                "minecraft:frost_walker",
                "minecraft:sharpness",
                "minecraft:knockback",
                "minecraft:fire_aspect",
                "minecraft:looting",
                "minecraft:efficiency",
                "minecraft:silk_touch",
                "minecraft:unbreaking",
                "minecraft:fortune",
                "minecraft:power",
                "minecraft:punch",
                "minecraft:flame",
                "minecraft:infinity",
                "minecraft:mending"
              ]
            }
          ]
        }
      ]
    }
  ]
}
