{"elements":[{"from":[7.428571,3.4285712,6.0],"to":[8.0,8.0,10.0],"rotation":{"angle":0.0,"axis":"y","origin":[11.714286,-11.428572,14.0]},"faces":{"east":{"uv":[2.1875,7.28125,2.40625,7.53125],"rotation":0,"texture":"#0","tintindex":0},"south":{"uv":[2.65625,7.28125,2.6875,7.53125],"rotation":0,"texture":"#0","tintindex":0},"north":{"uv":[2.40625,7.28125,2.4375,7.53125],"rotation":0,"texture":"#0","tintindex":0},"west":{"uv":[2.4375,7.28125,2.65625,7.53125],"rotation":0,"texture":"#0","tintindex":0},"up":{"uv":[2.4375,7.28125,2.40625,7.0625],"rotation":0,"texture":"#0","tintindex":0},"down":{"uv":[2.46875,7.0625,2.4375,7.28125],"rotation":0,"texture":"#0","tintindex":0}}},{"from":[7.428571,5.142857,6.5714283],"to":[8.0,5.142857,10.571428],"rotation":{"angle":0.0,"axis":"y","origin":[11.714286,-11.428572,14.571428]},"faces":{"east":{"uv":[2.28125,7.28125,2.5,7.28125],"rotation":0,"texture":"#0","tintindex":0},"south":{"uv":[2.75,7.28125,2.78125,7.28125],"rotation":0,"texture":"#0","tintindex":0},"north":{"uv":[2.5,7.28125,2.53125,7.28125],"rotation":0,"texture":"#0","tintindex":0},"west":{"uv":[2.53125,7.28125,2.75,7.28125],"rotation":0,"texture":"#0","tintindex":0},"up":{"uv":[2.53125,7.28125,2.5,7.0625],"rotation":0,"texture":"#0","tintindex":0},"down":{"uv":[2.5625,7.0625,2.53125,7.28125],"rotation":0,"texture":"#0","tintindex":0}}}],"textures":{"0":"modelengine:entity/iron_golem17"},"display":{"head":{"translation":[0.0,-6.4,0.0],"scale":[4.0,4.0,4.0]}}}