{"elements":[{"from":[8.0,3.4285712,6.0],"to":[8.571428,8.0,10.0],"rotation":{"angle":0.0,"axis":"y","origin":[4.285714,-11.428572,14.0]},"faces":{"east":{"uv":[2.1875,7.75,2.40625,8.0],"rotation":0,"texture":"#0","tintindex":0},"south":{"uv":[2.65625,7.75,2.6875,8.0],"rotation":0,"texture":"#0","tintindex":0},"north":{"uv":[2.40625,7.75,2.4375,8.0],"rotation":0,"texture":"#0","tintindex":0},"west":{"uv":[2.4375,7.75,2.65625,8.0],"rotation":0,"texture":"#0","tintindex":0},"up":{"uv":[2.4375,7.75,2.40625,7.53125],"rotation":0,"texture":"#0","tintindex":0},"down":{"uv":[2.46875,7.53125,2.4375,7.75],"rotation":0,"texture":"#0","tintindex":0}}},{"from":[8.0,3.4285712,6.0],"to":[8.571428,8.0,10.0],"rotation":{"angle":0.0,"axis":"y","origin":[12.285715,-11.428572,14.0]},"faces":{"east":{"uv":[2.1875,7.28125,2.40625,7.53125],"rotation":0,"texture":"#0","tintindex":0},"south":{"uv":[2.65625,7.28125,2.6875,7.53125],"rotation":0,"texture":"#0","tintindex":0},"north":{"uv":[2.40625,7.28125,2.4375,7.53125],"rotation":0,"texture":"#0","tintindex":0},"west":{"uv":[2.4375,7.28125,2.65625,7.53125],"rotation":0,"texture":"#0","tintindex":0},"up":{"uv":[2.4375,7.28125,2.40625,7.0625],"rotation":0,"texture":"#0","tintindex":0},"down":{"uv":[2.46875,7.0625,2.4375,7.28125],"rotation":0,"texture":"#0","tintindex":0}}}],"textures":{"0":"modelengine:entity/iron_golem17"},"display":{"head":{"translation":[0.0,-6.4,0.0],"scale":[4.0,4.0,4.0]}}}