{"textures":{"0":"modelengine:entity/iron_golem17"},"elements":[{"from":[8.0,0.0,4.5],"to":[9.0,8.0,11.5],"faces":{"east":{"uv":[2.1875,7.28125,2.40625,7.53125],"tintindex":0,"rotation":0,"texture":"#0"},"south":{"uv":[2.65625,7.28125,2.6875,7.53125],"tintindex":0,"rotation":0,"texture":"#0"},"north":{"uv":[2.40625,7.28125,2.4375,7.53125],"tintindex":0,"rotation":0,"texture":"#0"},"west":{"uv":[2.4375,7.28125,2.65625,7.53125],"tintindex":0,"rotation":0,"texture":"#0"},"up":{"uv":[2.4375,7.28125,2.40625,7.0625],"tintindex":0,"rotation":0,"texture":"#0"},"down":{"uv":[2.46875,7.0625,2.4375,7.28125],"tintindex":0,"rotation":0,"texture":"#0"}}},{"from":[8.0,0.0,4.5],"to":[9.0,8.0,11.5],"faces":{"east":{"uv":[2.1875,7.75,2.40625,8.0],"tintindex":0,"rotation":0,"texture":"#0"},"south":{"uv":[2.65625,7.75,2.6875,8.0],"tintindex":0,"rotation":0,"texture":"#0"},"north":{"uv":[2.40625,7.75,2.4375,8.0],"tintindex":0,"rotation":0,"texture":"#0"},"west":{"uv":[2.4375,7.75,2.65625,8.0],"tintindex":0,"rotation":0,"texture":"#0"},"up":{"uv":[2.4375,7.75,2.40625,7.53125],"tintindex":0,"rotation":0,"texture":"#0"},"down":{"uv":[2.46875,7.53125,2.4375,7.75],"tintindex":0,"rotation":0,"texture":"#0"}}}],"display":{"gui":{"rotation":[30,225,0]}}}