{"elements":[{"from":[-1.1428576,-6.285715,4.5714283],"to":[17.142857,9.714286,11.428572],"rotation":{"angle":0.0,"axis":"y","origin":[8.0,-12.0,8.0]},"faces":{"east":{"uv":[5.6875,1.8125,6.0625,2.6875],"rotation":0,"texture":"#0","tintindex":0},"south":{"uv":[7.4375,1.8125,8.4375,2.6875],"rotation":0,"texture":"#0","tintindex":0},"north":{"uv":[6.0625,1.8125,7.0625,2.6875],"rotation":0,"texture":"#0","tintindex":0},"west":{"uv":[7.0625,1.8125,7.4375,2.6875],"rotation":0,"texture":"#0","tintindex":0},"up":{"uv":[7.0625,1.8125,6.0625,1.4375],"rotation":0,"texture":"#0","tintindex":0},"down":{"uv":[8.0625,1.4375,7.0625,1.8125],"rotation":0,"texture":"#0","tintindex":0}}},{"from":[-1.2000008,-8.628572,4.5142856],"to":[17.2,-6.228572,11.485714],"rotation":{"angle":0.0,"axis":"y","origin":[8.0,-12.0,8.0]},"faces":{"east":{"uv":[5.6875,3.0625,6.0625,3.1875],"rotation":0,"texture":"#0","tintindex":0},"south":{"uv":[7.4375,3.0625,8.4375,3.1875],"rotation":0,"texture":"#0","tintindex":0},"north":{"uv":[6.0625,3.0625,7.0625,3.1875],"rotation":0,"texture":"#0","tintindex":0},"west":{"uv":[7.0625,3.0625,7.4375,3.1875],"rotation":0,"texture":"#0","tintindex":0},"up":{"uv":[7.0625,3.0625,6.0625,2.6875],"rotation":0,"texture":"#0","tintindex":0},"down":{"uv":[8.0625,2.6875,7.0625,3.0625],"rotation":0,"texture":"#0","tintindex":0}}}],"textures":{"0":"modelengine:entity/iron_golem17"},"display":{"head":{"translation":[0.0,-6.4,0.0],"scale":[4.0,4.0,4.0]}}}