{"elements":[{"from":[3.7142854,5.714286,2.8571424],"to":[12.285715,12.571428,8.571428],"rotation":{"angle":0.0,"axis":"y","origin":[8.0,-8.0,12.0]},"faces":{"east":{"uv":[1.1875,6.375,1.5,6.75],"rotation":0,"texture":"#0","tintindex":0},"south":{"uv":[2.28125,6.375,2.75,6.75],"rotation":0,"texture":"#0","tintindex":0},"north":{"uv":[1.5,6.375,1.96875,6.75],"rotation":0,"texture":"#0","tintindex":0},"west":{"uv":[1.96875,6.375,2.28125,6.75],"rotation":0,"texture":"#0","tintindex":0},"up":{"uv":[1.96875,6.375,1.5,6.0625],"rotation":0,"texture":"#0","tintindex":0},"down":{"uv":[2.4375,6.0625,1.96875,6.375],"rotation":0,"texture":"#0","tintindex":0}}},{"from":[6.0,6.285714,1.7142854],"to":[10.0,9.142858,3.4285712],"rotation":{"angle":0.0,"axis":"y","origin":[8.0,-8.0,12.0]},"faces":{"east":{"uv":[2.21875,6.84375,2.3125,7.0],"rotation":0,"texture":"#0","tintindex":0},"south":{"uv":[2.625,6.84375,2.84375,7.0],"rotation":0,"texture":"#0","tintindex":0},"north":{"uv":[2.3125,6.84375,2.53125,7.0],"rotation":0,"texture":"#0","tintindex":0},"west":{"uv":[2.53125,6.84375,2.625,7.0],"rotation":0,"texture":"#0","tintindex":0},"up":{"uv":[2.53125,6.84375,2.3125,6.75],"rotation":0,"texture":"#0","tintindex":0},"down":{"uv":[2.75,6.75,2.53125,6.84375],"rotation":0,"texture":"#0","tintindex":0}}},{"from":[8.0,12.571428,2.8571424],"to":[8.0,17.714287,8.571428],"rotation":{"angle":0.0,"axis":"y","origin":[8.0,-8.0,12.0]},"faces":{"east":{"uv":[2.75,6.46875,3.0625,6.75],"rotation":0,"texture":"#0","tintindex":0},"south":{"uv":[3.375,6.46875,3.375,6.75],"rotation":0,"texture":"#0","tintindex":0},"north":{"uv":[3.0625,6.46875,3.0625,6.75],"rotation":0,"texture":"#0","tintindex":0},"west":{"uv":[3.0625,6.46875,3.375,6.75],"rotation":0,"texture":"#0","tintindex":0},"up":{"uv":[3.0625,6.46875,3.0625,6.15625],"rotation":0,"texture":"#0","tintindex":0},"down":{"uv":[3.0625,6.15625,3.0625,6.46875],"rotation":0,"texture":"#0","tintindex":0}}}],"textures":{"0":"modelengine:entity/iron_golem17"},"display":{"head":{"translation":[0.0,-6.4,0.0],"scale":[4.0,4.0,4.0]}}}