{"textures":{"0":"modelengine:entity/iron_golem17"},"elements":[{"from":[0.0,-4.5,5.0],"to":[16.0,9.5,11.0],"faces":{"east":{"uv":[5.6875,1.8125,6.0625,2.6875],"tintindex":0,"rotation":0,"texture":"#0"},"south":{"uv":[7.4375,1.8125,8.4375,2.6875],"tintindex":0,"rotation":0,"texture":"#0"},"north":{"uv":[6.0625,1.8125,7.0625,2.6875],"tintindex":0,"rotation":0,"texture":"#0"},"west":{"uv":[7.0625,1.8125,7.4375,2.6875],"tintindex":0,"rotation":0,"texture":"#0"},"up":{"uv":[7.0625,1.8125,6.0625,1.4375],"tintindex":0,"rotation":0,"texture":"#0"},"down":{"uv":[8.0625,1.4375,7.0625,1.8125],"tintindex":0,"rotation":0,"texture":"#0"}}},{"from":[-0.05000019,-6.55,4.95],"to":[16.05,-4.45,11.05],"faces":{"east":{"uv":[5.6875,3.0625,6.0625,3.1875],"tintindex":0,"rotation":0,"texture":"#0"},"south":{"uv":[7.4375,3.0625,8.4375,3.1875],"tintindex":0,"rotation":0,"texture":"#0"},"north":{"uv":[6.0625,3.0625,7.0625,3.1875],"tintindex":0,"rotation":0,"texture":"#0"},"west":{"uv":[7.0625,3.0625,7.4375,3.1875],"tintindex":0,"rotation":0,"texture":"#0"},"up":{"uv":[7.0625,3.0625,6.0625,2.6875],"tintindex":0,"rotation":0,"texture":"#0"},"down":{"uv":[8.0625,2.6875,7.0625,3.0625],"tintindex":0,"rotation":0,"texture":"#0"}}}],"display":{"gui":{"rotation":[30,225,0]}}}