{"textures":{"0":"modelengine:entity/iron_golem17"},"elements":[{"from":[4.0,-8.0,8.0],"to":[7.0,-4.0,8.0],"faces":{"south":{"uv":[1.40625,6.875,1.5,7.0],"tintindex":0,"rotation":0,"texture":"#0"},"north":{"uv":[1.3125,6.875,1.40625,7.0],"tintindex":0,"rotation":0,"texture":"#0"}}},{"from":[8.0,-8.0,8.0],"to":[22.0,-4.0,8.0],"faces":{"south":{"uv":[1.71875,6.75,2.15625,6.875],"tintindex":0,"rotation":0,"texture":"#0"},"north":{"uv":[1.28125,6.75,1.71875,6.875],"tintindex":0,"rotation":0,"texture":"#0"}}}],"display":{"gui":{"rotation":[30,225,0]}}}