{"textures":{"0":"modelengine:entity/iron_golem17"},"elements":[{"from":[8.0,16.0,-1.0],"to":[8.0,25.0,9.0],"faces":{"east":{"uv":[2.75,6.46875,3.0625,6.75],"tintindex":0,"rotation":0,"texture":"#0"},"west":{"uv":[3.0625,6.46875,3.375,6.75],"tintindex":0,"rotation":0,"texture":"#0"}}},{"from":[4.5,5.0,-3.0],"to":[11.5,10.0,0.0],"faces":{"east":{"uv":[2.21875,6.84375,2.3125,7.0],"tintindex":0,"rotation":0,"texture":"#0"},"south":{"uv":[2.625,6.84375,2.84375,7.0],"tintindex":0,"rotation":0,"texture":"#0"},"north":{"uv":[2.3125,6.84375,2.53125,7.0],"tintindex":0,"rotation":0,"texture":"#0"},"west":{"uv":[2.53125,6.84375,2.625,7.0],"tintindex":0,"rotation":0,"texture":"#0"},"up":{"uv":[2.53125,6.84375,2.3125,6.75],"tintindex":0,"rotation":0,"texture":"#0"},"down":{"uv":[2.75,6.75,2.53125,6.84375],"tintindex":0,"rotation":0,"texture":"#0"}}},{"from":[0.5,4.0,-1.0],"to":[15.5,16.0,9.0],"faces":{"east":{"uv":[1.1875,6.375,1.5,6.75],"tintindex":0,"rotation":0,"texture":"#0"},"south":{"uv":[2.28125,6.375,2.75,6.75],"tintindex":0,"rotation":0,"texture":"#0"},"north":{"uv":[1.5,6.375,1.96875,6.75],"tintindex":0,"rotation":0,"texture":"#0"},"west":{"uv":[1.96875,6.375,2.28125,6.75],"tintindex":0,"rotation":0,"texture":"#0"},"up":{"uv":[1.96875,6.375,1.5,6.0625],"tintindex":0,"rotation":0,"texture":"#0"},"down":{"uv":[2.4375,6.0625,1.96875,6.375],"tintindex":0,"rotation":0,"texture":"#0"}}}],"display":{"gui":{"rotation":[30,225,0]}}}