{"elements":[{"from":[8.0,-1.1428576,8.0],"to":[16.0,1.1428566,8.0],"rotation":{"angle":0.0,"axis":"y","origin":[8.0,-5.714287,11.428572]},"faces":{"east":{"uv":[1.28125,6.75,1.28125,6.875],"rotation":0,"texture":"#0","tintindex":0},"south":{"uv":[1.71875,6.75,2.15625,6.875],"rotation":0,"texture":"#0","tintindex":0},"north":{"uv":[1.28125,6.75,1.71875,6.875],"rotation":0,"texture":"#0","tintindex":0},"west":{"uv":[1.71875,6.75,1.71875,6.875],"rotation":0,"texture":"#0","tintindex":0},"up":{"uv":[1.71875,6.75,1.28125,6.75],"rotation":0,"texture":"#0","tintindex":0},"down":{"uv":[2.15625,6.75,1.71875,6.75],"rotation":0,"texture":"#0","tintindex":0}}},{"from":[5.714286,-1.1428576,8.0],"to":[7.428571,1.1428566,8.0],"rotation":{"angle":0.0,"axis":"y","origin":[8.0,-5.714287,11.428572]},"faces":{"east":{"uv":[1.3125,6.875,1.3125,7.0],"rotation":0,"texture":"#0","tintindex":0},"south":{"uv":[1.40625,6.875,1.5,7.0],"rotation":0,"texture":"#0","tintindex":0},"north":{"uv":[1.3125,6.875,1.40625,7.0],"rotation":0,"texture":"#0","tintindex":0},"west":{"uv":[1.40625,6.875,1.40625,7.0],"rotation":0,"texture":"#0","tintindex":0},"up":{"uv":[1.40625,6.875,1.3125,6.875],"rotation":0,"texture":"#0","tintindex":0},"down":{"uv":[1.5,6.875,1.40625,6.875],"rotation":0,"texture":"#0","tintindex":0}}}],"textures":{"0":"modelengine:entity/iron_golem17"},"display":{"head":{"translation":[0.0,-6.4,0.0],"scale":[4.0,4.0,4.0]}}}