{"elements":[{"from":[6.5714283,0.5714283,6.285714],"to":[10.0,9.714286,9.142858],"rotation":{"angle":0.0,"axis":"y","origin":[10.857143,0.5714283,8.0]},"faces":{"east":{"uv":[15.3125,0.15625,15.46875,0.65625],"rotation":0,"texture":"#0","tintindex":0},"south":{"uv":[15.8125,0.15625,16.0,0.65625],"rotation":0,"texture":"#0","tintindex":0},"north":{"uv":[15.46875,0.15625,15.65625,0.65625],"rotation":0,"texture":"#0","tintindex":0},"west":{"uv":[15.65625,0.15625,15.8125,0.65625],"rotation":0,"texture":"#0","tintindex":0},"up":{"uv":[15.65625,0.15625,15.46875,0.0],"rotation":0,"texture":"#0","tintindex":0},"down":{"uv":[15.84375,0.0,15.65625,0.15625],"rotation":0,"texture":"#0","tintindex":0}}},{"from":[6.428571,0.42857122,6.142857],"to":[10.142858,9.857143,9.285714],"rotation":{"angle":0.0,"axis":"y","origin":[10.857143,0.5714283,8.0]},"faces":{"east":{"uv":[12.75,0.15625,12.90625,0.65625],"rotation":0,"texture":"#0","tintindex":0},"south":{"uv":[13.25,0.15625,13.4375,0.65625],"rotation":0,"texture":"#0","tintindex":0},"north":{"uv":[12.90625,0.15625,13.09375,0.65625],"rotation":0,"texture":"#0","tintindex":0},"west":{"uv":[13.09375,0.15625,13.25,0.65625],"rotation":0,"texture":"#0","tintindex":0},"up":{"uv":[13.09375,0.15625,12.90625,0.0],"rotation":0,"texture":"#0","tintindex":0},"down":{"uv":[13.28125,0.0,13.09375,0.15625],"rotation":0,"texture":"#0","tintindex":0}}},{"from":[6.285714,0.5714283,6.285714],"to":[9.714286,5.142857,9.714286],"rotation":{"angle":0.0,"axis":"y","origin":[10.857143,0.5714283,8.0]},"faces":{"east":{"uv":[14.4375,7.75,14.625,8.0],"rotation":0,"texture":"#0","tintindex":0},"south":{"uv":[15.0,7.75,15.1875,8.0],"rotation":0,"texture":"#0","tintindex":0},"north":{"uv":[14.625,7.75,14.8125,8.0],"rotation":0,"texture":"#0","tintindex":0},"west":{"uv":[14.8125,7.75,15.0,8.0],"rotation":0,"texture":"#0","tintindex":0},"up":{"uv":[14.8125,7.75,14.625,7.5625],"rotation":0,"texture":"#0","tintindex":0},"down":{"uv":[15.0,7.5625,14.8125,7.75],"rotation":0,"texture":"#0","tintindex":0}}}],"textures":{"0":"modelengine:entity/iron_golem17"},"display":{"head":{"translation":[0.0,-6.4,0.0],"scale":[4.0,4.0,4.0]}}}