{"textures":{"0":"modelengine:entity/iron_golem17"},"elements":[{"from":[-4.0,-4.0,6.0],"to":[0.0,10.5,10.0],"faces":{"east":{"uv":[0.0,9.40625,0.25,10.3125],"tintindex":0,"rotation":0,"texture":"#0"},"south":{"uv":[0.75,9.40625,1.0,10.3125],"tintindex":0,"rotation":0,"texture":"#0"},"north":{"uv":[0.25,9.40625,0.5,10.3125],"tintindex":0,"rotation":0,"texture":"#0"},"west":{"uv":[0.5,9.40625,0.75,10.3125],"tintindex":0,"rotation":0,"texture":"#0"},"up":{"uv":[0.5,9.40625,0.25,9.15625],"tintindex":0,"rotation":0,"texture":"#0"},"down":{"uv":[0.75,9.15625,0.5,9.40625],"tintindex":0,"rotation":0,"texture":"#0"}}},{"from":[0.5,-5.5,6.0],"to":[3.0,9.0,10.0],"faces":{"east":{"uv":[15.1875,7.09375,15.4375,8.0],"tintindex":0,"rotation":0,"texture":"#0"},"south":{"uv":[15.84375,7.09375,16.0,8.0],"tintindex":0,"rotation":0,"texture":"#0"},"north":{"uv":[15.4375,7.09375,15.59375,8.0],"tintindex":0,"rotation":0,"texture":"#0"},"west":{"uv":[15.59375,7.09375,15.84375,8.0],"tintindex":0,"rotation":0,"texture":"#0"},"up":{"uv":[15.59375,7.09375,15.4375,6.84375],"tintindex":0,"rotation":0,"texture":"#0"},"down":{"uv":[15.75,6.84375,15.59375,7.09375],"tintindex":0,"rotation":0,"texture":"#0"}}},{"from":[1.5,-5.75,6.5],"to":[3.5,9.25,9.5],"faces":{"east":{"uv":[15.3125,2.0,15.5,2.9375],"tintindex":0,"rotation":0,"texture":"#0"},"south":{"uv":[15.8125,2.0,15.9375,2.9375],"tintindex":0,"rotation":0,"texture":"#0"},"north":{"uv":[15.5,2.0,15.625,2.9375],"tintindex":0,"rotation":0,"texture":"#0"},"west":{"uv":[15.625,2.0,15.8125,2.9375],"tintindex":0,"rotation":0,"texture":"#0"},"up":{"uv":[15.625,2.0,15.5,1.8125],"tintindex":0,"rotation":0,"texture":"#0"},"down":{"uv":[15.75,1.8125,15.625,2.0],"tintindex":0,"rotation":0,"texture":"#0"}}},{"from":[-4.0,0.5,6.0],"to":[0.0,0.5,10.0],"faces":{"up":{"uv":[1.0,9.40625,0.75,9.15625],"tintindex":0,"rotation":0,"texture":"#0"},"down":{"uv":[1.25,9.15625,1.0,9.40625],"tintindex":0,"rotation":0,"texture":"#0"}}},{"from":[1.0,-4.75,6.5],"to":[3.5,8.75,9.5],"faces":{"east":{"uv":[13.4375,3.78125,13.625,4.625],"tintindex":0,"rotation":0,"texture":"#0"},"south":{"uv":[13.96875,3.78125,14.125,4.625],"tintindex":0,"rotation":0,"texture":"#0"},"north":{"uv":[13.625,3.78125,13.78125,4.625],"tintindex":0,"rotation":0,"texture":"#0"},"west":{"uv":[13.78125,3.78125,13.96875,4.625],"tintindex":0,"rotation":0,"texture":"#0"},"up":{"uv":[13.78125,3.78125,13.625,3.59375],"tintindex":0,"rotation":0,"texture":"#0"},"down":{"uv":[13.9375,3.59375,13.78125,3.78125],"tintindex":0,"rotation":0,"texture":"#0"}}},{"from":[1.375,-5.875,6.375],"to":[3.625,9.375,9.625],"faces":{"east":{"uv":[12.78125,2.0,12.96875,2.9375],"tintindex":0,"rotation":0,"texture":"#0"},"south":{"uv":[13.28125,2.0,13.40625,2.9375],"tintindex":0,"rotation":0,"texture":"#0"},"north":{"uv":[12.96875,2.0,13.09375,2.9375],"tintindex":0,"rotation":0,"texture":"#0"},"west":{"uv":[13.09375,2.0,13.28125,2.9375],"tintindex":0,"rotation":0,"texture":"#0"},"up":{"uv":[13.09375,2.0,12.96875,1.8125],"tintindex":0,"rotation":0,"texture":"#0"},"down":{"uv":[13.21875,1.8125,13.09375,2.0],"tintindex":0,"rotation":0,"texture":"#0"}}},{"from":[0.25,-5.75,5.75],"to":[3.25,9.25,10.25],"faces":{"east":{"uv":[15.1875,4.78125,15.4375,5.6875],"tintindex":0,"rotation":0,"texture":"#0"},"south":{"uv":[15.84375,4.78125,16.0,5.6875],"tintindex":0,"rotation":0,"texture":"#0"},"north":{"uv":[15.4375,4.78125,15.59375,5.6875],"tintindex":0,"rotation":0,"texture":"#0"},"west":{"uv":[15.59375,4.78125,15.84375,5.6875],"tintindex":0,"rotation":0,"texture":"#0"},"up":{"uv":[15.59375,4.78125,15.4375,4.53125],"tintindex":0,"rotation":0,"texture":"#0"},"down":{"uv":[15.75,4.53125,15.59375,4.78125],"tintindex":0,"rotation":0,"texture":"#0"}}},{"from":[-4.0,4.0,6.0],"to":[0.0,4.0,10.0],"faces":{"up":{"uv":[1.3125,8.59375,1.0625,8.34375],"tintindex":0,"rotation":0,"texture":"#0"},"down":{"uv":[1.5625,8.34375,1.3125,8.59375],"tintindex":0,"rotation":0,"texture":"#0"}}},{"from":[-4.0,1.5,6.0],"to":[0.0,1.5,10.0],"faces":{"up":{"uv":[1.3125,8.875,1.0625,8.625],"tintindex":0,"rotation":0,"texture":"#0"},"down":{"uv":[1.5625,8.625,1.3125,8.875],"tintindex":0,"rotation":0,"texture":"#0"}}},{"from":[1.0,4.25,6.0],"to":[4.0,9.75,10.0],"faces":{"east":{"uv":[14.3125,3.4375,14.5625,3.78125],"tintindex":0,"rotation":0,"texture":"#0"},"south":{"uv":[15.0,3.4375,15.1875,3.78125],"tintindex":0,"rotation":0,"texture":"#0"},"north":{"uv":[14.5625,3.4375,14.75,3.78125],"tintindex":0,"rotation":0,"texture":"#0"},"west":{"uv":[14.75,3.4375,15.0,3.78125],"tintindex":0,"rotation":0,"texture":"#0"},"up":{"uv":[14.75,3.4375,14.5625,3.1875],"tintindex":0,"rotation":0,"texture":"#0"},"down":{"uv":[14.9375,3.1875,14.75,3.4375],"tintindex":0,"rotation":0,"texture":"#0"}}}],"display":{"gui":{"rotation":[30,225,0]}}}