{"elements":[{"from":[0.5714283,-7.714287,6.285714],"to":[2.8571424,9.428572,9.714286],"rotation":{"angle":0.0,"axis":"y","origin":[8.0,-9.714287,8.0]},"faces":{"east":{"uv":[15.3125,2.0,15.5,2.9375],"rotation":0,"texture":"#0","tintindex":0},"south":{"uv":[15.8125,2.0,15.9375,2.9375],"rotation":0,"texture":"#0","tintindex":0},"north":{"uv":[15.5,2.0,15.625,2.9375],"rotation":0,"texture":"#0","tintindex":0},"west":{"uv":[15.625,2.0,15.8125,2.9375],"rotation":0,"texture":"#0","tintindex":0},"up":{"uv":[15.625,2.0,15.5,1.8125],"rotation":0,"texture":"#0","tintindex":0},"down":{"uv":[15.75,1.8125,15.625,2.0],"rotation":0,"texture":"#0","tintindex":0}}},{"from":[0.0,-6.5714293,6.285714],"to":[2.8571424,8.857143,9.714286],"rotation":{"angle":0.0,"axis":"y","origin":[8.0,-9.714287,8.0]},"faces":{"east":{"uv":[13.4375,3.78125,13.625,4.625],"rotation":0,"texture":"#0","tintindex":0},"south":{"uv":[13.96875,3.78125,14.125,4.625],"rotation":0,"texture":"#0","tintindex":0},"north":{"uv":[13.625,3.78125,13.78125,4.625],"rotation":0,"texture":"#0","tintindex":0},"west":{"uv":[13.78125,3.78125,13.96875,4.625],"rotation":0,"texture":"#0","tintindex":0},"up":{"uv":[13.78125,3.78125,13.625,3.59375],"rotation":0,"texture":"#0","tintindex":0},"down":{"uv":[13.9375,3.59375,13.78125,3.78125],"rotation":0,"texture":"#0","tintindex":0}}},{"from":[0.0,3.7142854,5.714286],"to":[3.4285712,10.0,10.285714],"rotation":{"angle":0.0,"axis":"y","origin":[8.0,-9.714287,8.0]},"faces":{"east":{"uv":[14.3125,3.4375,14.5625,3.78125],"rotation":0,"texture":"#0","tintindex":0},"south":{"uv":[15.0,3.4375,15.1875,3.78125],"rotation":0,"texture":"#0","tintindex":0},"north":{"uv":[14.5625,3.4375,14.75,3.78125],"rotation":0,"texture":"#0","tintindex":0},"west":{"uv":[14.75,3.4375,15.0,3.78125],"rotation":0,"texture":"#0","tintindex":0},"up":{"uv":[14.75,3.4375,14.5625,3.1875],"rotation":0,"texture":"#0","tintindex":0},"down":{"uv":[14.9375,3.1875,14.75,3.4375],"rotation":0,"texture":"#0","tintindex":0}}},{"from":[0.42857122,-7.8571434,6.142857],"to":[3.0,9.571428,9.857143],"rotation":{"angle":0.0,"axis":"y","origin":[8.0,-9.714287,8.0]},"faces":{"east":{"uv":[12.78125,2.0,12.96875,2.9375],"rotation":0,"texture":"#0","tintindex":0},"south":{"uv":[13.28125,2.0,13.40625,2.9375],"rotation":0,"texture":"#0","tintindex":0},"north":{"uv":[12.96875,2.0,13.09375,2.9375],"rotation":0,"texture":"#0","tintindex":0},"west":{"uv":[13.09375,2.0,13.28125,2.9375],"rotation":0,"texture":"#0","tintindex":0},"up":{"uv":[13.09375,2.0,12.96875,1.8125],"rotation":0,"texture":"#0","tintindex":0},"down":{"uv":[13.21875,1.8125,13.09375,2.0],"rotation":0,"texture":"#0","tintindex":0}}},{"from":[-0.57142925,-7.4285717,5.714286],"to":[2.2857141,9.142858,10.285714],"rotation":{"angle":0.0,"axis":"y","origin":[8.0,-9.714287,8.0]},"faces":{"east":{"uv":[15.1875,7.09375,15.4375,8.0],"rotation":0,"texture":"#0","tintindex":0},"south":{"uv":[15.84375,7.09375,16.0,8.0],"rotation":0,"texture":"#0","tintindex":0},"north":{"uv":[15.4375,7.09375,15.59375,8.0],"rotation":0,"texture":"#0","tintindex":0},"west":{"uv":[15.59375,7.09375,15.84375,8.0],"rotation":0,"texture":"#0","tintindex":0},"up":{"uv":[15.59375,7.09375,15.4375,6.84375],"rotation":0,"texture":"#0","tintindex":0},"down":{"uv":[15.75,6.84375,15.59375,7.09375],"rotation":0,"texture":"#0","tintindex":0}}},{"from":[-0.8571434,-7.714287,5.428571],"to":[2.5714283,9.428572,10.571428],"rotation":{"angle":0.0,"axis":"y","origin":[8.0,-9.714287,8.0]},"faces":{"east":{"uv":[15.1875,4.78125,15.4375,5.6875],"rotation":0,"texture":"#0","tintindex":0},"south":{"uv":[15.84375,4.78125,16.0,5.6875],"rotation":0,"texture":"#0","tintindex":0},"north":{"uv":[15.4375,4.78125,15.59375,5.6875],"rotation":0,"texture":"#0","tintindex":0},"west":{"uv":[15.59375,4.78125,15.84375,5.6875],"rotation":0,"texture":"#0","tintindex":0},"up":{"uv":[15.59375,4.78125,15.4375,4.53125],"rotation":0,"texture":"#0","tintindex":0},"down":{"uv":[15.75,4.53125,15.59375,4.78125],"rotation":0,"texture":"#0","tintindex":0}}},{"from":[-5.714287,-5.714287,5.714286],"to":[-1.1428576,10.857143,10.285714],"rotation":{"angle":0.0,"axis":"y","origin":[8.0,-9.714287,8.0]},"faces":{"east":{"uv":[0.0,9.40625,0.25,10.3125],"rotation":0,"texture":"#0","tintindex":0},"south":{"uv":[0.75,9.40625,1.0,10.3125],"rotation":0,"texture":"#0","tintindex":0},"north":{"uv":[0.25,9.40625,0.5,10.3125],"rotation":0,"texture":"#0","tintindex":0},"west":{"uv":[0.5,9.40625,0.75,10.3125],"rotation":0,"texture":"#0","tintindex":0},"up":{"uv":[0.5,9.40625,0.25,9.15625],"rotation":0,"texture":"#0","tintindex":0},"down":{"uv":[0.75,9.15625,0.5,9.40625],"rotation":0,"texture":"#0","tintindex":0}}},{"from":[-5.714287,-0.57142925,5.714286],"to":[-1.1428576,-0.57142925,10.285714],"rotation":{"angle":0.0,"axis":"y","origin":[8.0,-9.714287,8.0]},"faces":{"east":{"uv":[0.5,9.40625,0.75,9.40625],"rotation":0,"texture":"#0","tintindex":0},"south":{"uv":[1.25,9.40625,1.5,9.40625],"rotation":0,"texture":"#0","tintindex":0},"north":{"uv":[0.75,9.40625,1.0,9.40625],"rotation":0,"texture":"#0","tintindex":0},"west":{"uv":[1.0,9.40625,1.25,9.40625],"rotation":0,"texture":"#0","tintindex":0},"up":{"uv":[1.0,9.40625,0.75,9.15625],"rotation":0,"texture":"#0","tintindex":0},"down":{"uv":[1.25,9.15625,1.0,9.40625],"rotation":0,"texture":"#0","tintindex":0}}},{"from":[-5.714287,0.5714283,5.714286],"to":[-1.1428576,0.5714283,10.285714],"rotation":{"angle":0.0,"axis":"y","origin":[8.0,-9.714287,8.0]},"faces":{"east":{"uv":[0.8125,8.875,1.0625,8.875],"rotation":0,"texture":"#0","tintindex":0},"south":{"uv":[1.5625,8.875,1.8125,8.875],"rotation":0,"texture":"#0","tintindex":0},"north":{"uv":[1.0625,8.875,1.3125,8.875],"rotation":0,"texture":"#0","tintindex":0},"west":{"uv":[1.3125,8.875,1.5625,8.875],"rotation":0,"texture":"#0","tintindex":0},"up":{"uv":[1.3125,8.875,1.0625,8.625],"rotation":0,"texture":"#0","tintindex":0},"down":{"uv":[1.5625,8.625,1.3125,8.875],"rotation":0,"texture":"#0","tintindex":0}}},{"from":[-5.714287,3.4285712,5.714286],"to":[-1.1428576,3.4285712,10.285714],"rotation":{"angle":0.0,"axis":"y","origin":[8.0,-9.714287,8.0]},"faces":{"east":{"uv":[0.8125,8.59375,1.0625,8.59375],"rotation":0,"texture":"#0","tintindex":0},"south":{"uv":[1.5625,8.59375,1.8125,8.59375],"rotation":0,"texture":"#0","tintindex":0},"north":{"uv":[1.0625,8.59375,1.3125,8.59375],"rotation":0,"texture":"#0","tintindex":0},"west":{"uv":[1.3125,8.59375,1.5625,8.59375],"rotation":0,"texture":"#0","tintindex":0},"up":{"uv":[1.3125,8.59375,1.0625,8.34375],"rotation":0,"texture":"#0","tintindex":0},"down":{"uv":[1.5625,8.34375,1.3125,8.59375],"rotation":0,"texture":"#0","tintindex":0}}}],"textures":{"0":"modelengine:entity/iron_golem17"},"display":{"head":{"translation":[0.0,-6.4,0.0],"scale":[4.0,4.0,4.0]}}}