{"elements":[{"from":[5.428571,2.2857141,5.142857],"to":[11.142858,8.571428,10.857143],"rotation":{"angle":0.0,"axis":"y","origin":[13.142858,2.2857141,8.0]},"faces":{"east":{"uv":[0.9375,10.625,0.625,10.96875],"rotation":0,"texture":"#0","tintindex":0},"south":{"uv":[1.25,10.625,0.9375,10.96875],"rotation":0,"texture":"#0","tintindex":0},"north":{"uv":[0.625,10.625,0.3125,10.96875],"rotation":0,"texture":"#0","tintindex":0},"west":{"uv":[0.3125,10.625,0.0,10.96875],"rotation":0,"texture":"#0","tintindex":0},"up":{"uv":[0.3125,10.625,0.625,10.3125],"rotation":0,"texture":"#0","tintindex":0},"down":{"uv":[0.625,10.3125,0.9375,10.625],"rotation":0,"texture":"#0","tintindex":0}}},{"from":[5.285714,2.142857,5.0],"to":[11.285714,8.714286,11.0],"rotation":{"angle":0.0,"axis":"y","origin":[13.142858,2.2857141,8.0]},"faces":{"east":{"uv":[4.1875,9.28125,3.875,9.625],"rotation":0,"texture":"#0","tintindex":0},"south":{"uv":[4.5,9.28125,4.1875,9.625],"rotation":0,"texture":"#0","tintindex":0},"north":{"uv":[3.875,9.28125,3.5625,9.625],"rotation":0,"texture":"#0","tintindex":0},"west":{"uv":[3.5625,9.28125,3.25,9.625],"rotation":0,"texture":"#0","tintindex":0},"up":{"uv":[3.5625,9.28125,3.875,8.96875],"rotation":0,"texture":"#0","tintindex":0},"down":{"uv":[3.875,8.96875,4.1875,9.28125],"rotation":0,"texture":"#0","tintindex":0}}},{"from":[5.428571,2.2857141,5.142857],"to":[11.142858,8.571428,10.857143],"rotation":{"angle":0.0,"axis":"y","origin":[13.142858,2.2857141,8.0]},"faces":{"east":{"uv":[1.9375,10.0625,1.625,10.40625],"rotation":0,"texture":"#0","tintindex":0},"south":{"uv":[2.25,10.0625,1.9375,10.40625],"rotation":0,"texture":"#0","tintindex":0},"north":{"uv":[1.625,10.0625,1.3125,10.40625],"rotation":0,"texture":"#0","tintindex":0},"west":{"uv":[1.3125,10.0625,1.0,10.40625],"rotation":0,"texture":"#0","tintindex":0},"up":{"uv":[1.3125,10.0625,1.625,9.75],"rotation":0,"texture":"#0","tintindex":0},"down":{"uv":[1.625,9.75,1.9375,10.0625],"rotation":0,"texture":"#0","tintindex":0}}}],"textures":{"0":"modelengine:entity/iron_golem17"},"display":{"head":{"translation":[0.0,-6.4,0.0],"scale":[4.0,4.0,4.0]}}}