{"elements":[{"from":[5.142857,-5.1428576,5.714286],"to":[9.714286,8.571428,10.285714],"rotation":{"angle":0.0,"axis":"y","origin":[18.857143,-12.0,8.0]},"faces":{"east":{"uv":[2.25,9.1875,2.5,9.9375],"rotation":0,"texture":"#0","tintindex":0},"south":{"uv":[3.0,9.1875,3.25,9.9375],"rotation":0,"texture":"#0","tintindex":0},"north":{"uv":[2.5,9.1875,2.75,9.9375],"rotation":0,"texture":"#0","tintindex":0},"west":{"uv":[2.75,9.1875,3.0,9.9375],"rotation":0,"texture":"#0","tintindex":0},"up":{"uv":[2.75,9.1875,2.5,8.9375],"rotation":0,"texture":"#0","tintindex":0},"down":{"uv":[3.0,8.9375,2.75,9.1875],"rotation":0,"texture":"#0","tintindex":0}}}],"textures":{"0":"modelengine:entity/iron_golem17"},"display":{"head":{"translation":[0.0,-6.4,0.0],"scale":[4.0,4.0,4.0]}}}