{"elements":[{"from":[6.285714,-8.0,5.714286],"to":[10.857143,8.571428,10.285714],"rotation":{"angle":0.0,"axis":"y","origin":[-2.8571434,-12.0,8.0]},"faces":{"east":{"uv":[0.75,8.25,0.5,9.15625],"rotation":0,"texture":"#0","tintindex":0},"south":{"uv":[1.0,8.25,0.75,9.15625],"rotation":0,"texture":"#0","tintindex":0},"north":{"uv":[0.5,8.25,0.25,9.15625],"rotation":0,"texture":"#0","tintindex":0},"west":{"uv":[0.25,8.25,0.0,9.15625],"rotation":0,"texture":"#0","tintindex":0},"up":{"uv":[0.25,8.25,0.5,8.0],"rotation":0,"texture":"#0","tintindex":0},"down":{"uv":[0.5,8.0,0.75,8.25],"rotation":0,"texture":"#0","tintindex":0}}},{"from":[6.285714,-5.1428576,5.714286],"to":[10.857143,8.571428,10.285714],"rotation":{"angle":0.0,"axis":"y","origin":[-2.8571434,-12.0,8.0]},"faces":{"east":{"uv":[3.0,9.1875,2.75,9.9375],"rotation":0,"texture":"#0","tintindex":0},"south":{"uv":[3.25,9.1875,3.0,9.9375],"rotation":0,"texture":"#0","tintindex":0},"north":{"uv":[2.75,9.1875,2.5,9.9375],"rotation":0,"texture":"#0","tintindex":0},"west":{"uv":[2.5,9.1875,2.25,9.9375],"rotation":0,"texture":"#0","tintindex":0},"up":{"uv":[2.5,9.1875,2.75,8.9375],"rotation":0,"texture":"#0","tintindex":0},"down":{"uv":[2.75,8.9375,3.0,9.1875],"rotation":0,"texture":"#0","tintindex":0}}},{"from":[6.285714,-1.7142859,5.714286],"to":[10.857143,-1.7142859,10.285714],"rotation":{"angle":0.0,"axis":"y","origin":[-2.8571434,-12.0,8.0]},"faces":{"east":{"uv":[1.5625,8.875,1.3125,8.875],"rotation":0,"texture":"#0","tintindex":0},"south":{"uv":[1.8125,8.875,1.5625,8.875],"rotation":0,"texture":"#0","tintindex":0},"north":{"uv":[1.3125,8.875,1.0625,8.875],"rotation":0,"texture":"#0","tintindex":0},"west":{"uv":[1.0625,8.875,0.8125,8.875],"rotation":0,"texture":"#0","tintindex":0},"up":{"uv":[1.0625,8.875,1.3125,8.625],"rotation":0,"texture":"#0","tintindex":0},"down":{"uv":[1.3125,8.625,1.5625,8.875],"rotation":0,"texture":"#0","tintindex":0}}},{"from":[6.285714,1.1428566,5.714286],"to":[10.857143,1.1428566,10.285714],"rotation":{"angle":0.0,"axis":"y","origin":[-2.8571434,-12.0,8.0]},"faces":{"east":{"uv":[1.5625,8.59375,1.3125,8.59375],"rotation":0,"texture":"#0","tintindex":0},"south":{"uv":[1.8125,8.59375,1.5625,8.59375],"rotation":0,"texture":"#0","tintindex":0},"north":{"uv":[1.3125,8.59375,1.0625,8.59375],"rotation":0,"texture":"#0","tintindex":0},"west":{"uv":[1.0625,8.59375,0.8125,8.59375],"rotation":0,"texture":"#0","tintindex":0},"up":{"uv":[1.0625,8.59375,1.3125,8.34375],"rotation":0,"texture":"#0","tintindex":0},"down":{"uv":[1.3125,8.34375,1.5625,8.59375],"rotation":0,"texture":"#0","tintindex":0}}}],"textures":{"0":"modelengine:entity/iron_golem17"},"display":{"head":{"translation":[0.0,-6.4,0.0],"scale":[4.0,4.0,4.0]}}}