{"textures":{"0":"modelengine:entity/iron_golem17"},"elements":[{"from":[12.0,4.25,6.0],"to":[15.0,9.75,10.0],"faces":{"east":{"uv":[14.3125,3.4375,14.5625,3.78125],"tintindex":0,"rotation":0,"texture":"#0"},"south":{"uv":[15.0,3.4375,15.1875,3.78125],"tintindex":0,"rotation":0,"texture":"#0"},"north":{"uv":[14.5625,3.4375,14.75,3.78125],"tintindex":0,"rotation":0,"texture":"#0"},"west":{"uv":[14.75,3.4375,15.0,3.78125],"tintindex":0,"rotation":0,"texture":"#0"},"up":{"uv":[14.75,3.4375,14.5625,3.1875],"tintindex":0,"rotation":0,"texture":"#0"},"down":{"uv":[14.9375,3.1875,14.75,3.4375],"tintindex":0,"rotation":0,"texture":"#0"}}},{"from":[12.5,-4.75,6.5],"to":[15.0,8.75,9.5],"faces":{"east":{"uv":[13.4375,2.75,13.625,3.59375],"tintindex":0,"rotation":0,"texture":"#0"},"south":{"uv":[13.96875,2.75,14.125,3.59375],"tintindex":0,"rotation":0,"texture":"#0"},"north":{"uv":[13.625,2.75,13.78125,3.59375],"tintindex":0,"rotation":0,"texture":"#0"},"west":{"uv":[13.78125,2.75,13.96875,3.59375],"tintindex":0,"rotation":0,"texture":"#0"},"up":{"uv":[13.78125,2.75,13.625,2.5625],"tintindex":0,"rotation":0,"texture":"#0"},"down":{"uv":[13.9375,2.5625,13.78125,2.75],"tintindex":0,"rotation":0,"texture":"#0"}}},{"from":[13.0,-5.5,6.0],"to":[15.5,9.0,10.0],"faces":{"east":{"uv":[15.1875,5.9375,15.4375,6.84375],"tintindex":0,"rotation":0,"texture":"#0"},"south":{"uv":[15.84375,5.9375,16.0,6.84375],"tintindex":0,"rotation":0,"texture":"#0"},"north":{"uv":[15.4375,5.9375,15.59375,6.84375],"tintindex":0,"rotation":0,"texture":"#0"},"west":{"uv":[15.59375,5.9375,15.84375,6.84375],"tintindex":0,"rotation":0,"texture":"#0"},"up":{"uv":[15.59375,5.9375,15.4375,5.6875],"tintindex":0,"rotation":0,"texture":"#0"},"down":{"uv":[15.75,5.6875,15.59375,5.9375],"tintindex":0,"rotation":0,"texture":"#0"}}},{"from":[12.375,-5.875,6.375],"to":[14.625,9.375,9.625],"faces":{"east":{"uv":[12.78125,0.84375,12.96875,1.78125],"tintindex":0,"rotation":0,"texture":"#0"},"south":{"uv":[13.28125,0.84375,13.40625,1.78125],"tintindex":0,"rotation":0,"texture":"#0"},"north":{"uv":[12.96875,0.84375,13.09375,1.78125],"tintindex":0,"rotation":0,"texture":"#0"},"west":{"uv":[13.09375,0.84375,13.28125,1.78125],"tintindex":0,"rotation":0,"texture":"#0"},"up":{"uv":[13.09375,0.84375,12.96875,0.65625],"tintindex":0,"rotation":0,"texture":"#0"},"down":{"uv":[13.21875,0.65625,13.09375,0.84375],"tintindex":0,"rotation":0,"texture":"#0"}}},{"from":[12.5,-5.75,6.5],"to":[14.5,9.25,9.5],"faces":{"east":{"uv":[15.3125,0.84375,15.5,1.78125],"tintindex":0,"rotation":0,"texture":"#0"},"south":{"uv":[15.8125,0.84375,15.9375,1.78125],"tintindex":0,"rotation":0,"texture":"#0"},"north":{"uv":[15.5,0.84375,15.625,1.78125],"tintindex":0,"rotation":0,"texture":"#0"},"west":{"uv":[15.625,0.84375,15.8125,1.78125],"tintindex":0,"rotation":0,"texture":"#0"},"up":{"uv":[15.625,0.84375,15.5,0.65625],"tintindex":0,"rotation":0,"texture":"#0"},"down":{"uv":[15.75,0.65625,15.625,0.84375],"tintindex":0,"rotation":0,"texture":"#0"}}},{"from":[12.75,-5.75,5.75],"to":[15.75,9.25,10.25],"faces":{"east":{"uv":[15.1875,3.625,15.4375,4.53125],"tintindex":0,"rotation":0,"texture":"#0"},"south":{"uv":[15.84375,3.625,16.0,4.53125],"tintindex":0,"rotation":0,"texture":"#0"},"north":{"uv":[15.4375,3.625,15.59375,4.53125],"tintindex":0,"rotation":0,"texture":"#0"},"west":{"uv":[15.59375,3.625,15.84375,4.53125],"tintindex":0,"rotation":0,"texture":"#0"},"up":{"uv":[15.59375,3.625,15.4375,3.375],"tintindex":0,"rotation":0,"texture":"#0"},"down":{"uv":[15.75,3.375,15.59375,3.625],"tintindex":0,"rotation":0,"texture":"#0"}}}],"display":{"gui":{"rotation":[30,225,0]}}}