{"elements":[{"from":[5.428571,2.2857141,5.142857],"to":[11.142858,8.571428,10.857143],"rotation":{"angle":0.0,"axis":"y","origin":[3.4285712,2.2857141,8.0]},"faces":{"east":{"uv":[0.0,10.625,0.3125,10.96875],"rotation":0,"texture":"#0","tintindex":0},"south":{"uv":[0.9375,10.625,1.25,10.96875],"rotation":0,"texture":"#0","tintindex":0},"north":{"uv":[0.3125,10.625,0.625,10.96875],"rotation":0,"texture":"#0","tintindex":0},"west":{"uv":[0.625,10.625,0.9375,10.96875],"rotation":0,"texture":"#0","tintindex":0},"up":{"uv":[0.625,10.625,0.3125,10.3125],"rotation":0,"texture":"#0","tintindex":0},"down":{"uv":[0.9375,10.3125,0.625,10.625],"rotation":0,"texture":"#0","tintindex":0}}}],"textures":{"0":"modelengine:entity/iron_golem17"},"display":{"head":{"translation":[0.0,-6.4,0.0],"scale":[4.0,4.0,4.0]}}}