{"textures":{"0":"modelengine:entity/iron_golem17"},"elements":[{"from":[6.5,-6.0,6.0],"to":[10.5,8.5,10.0],"faces":{"east":{"uv":[0.75,8.25,0.5,9.15625],"tintindex":0,"rotation":0,"texture":"#0"},"south":{"uv":[1.0,8.25,0.75,9.15625],"tintindex":0,"rotation":0,"texture":"#0"},"north":{"uv":[0.5,8.25,0.25,9.15625],"tintindex":0,"rotation":0,"texture":"#0"},"west":{"uv":[0.25,8.25,0.0,9.15625],"tintindex":0,"rotation":0,"texture":"#0"},"up":{"uv":[0.25,8.25,0.5,8.0],"tintindex":0,"rotation":0,"texture":"#0"},"down":{"uv":[0.5,8.0,0.75,8.25],"tintindex":0,"rotation":0,"texture":"#0"}}},{"from":[6.5,-0.5,6.0],"to":[10.5,-0.5,10.0],"faces":{"up":{"uv":[1.0625,8.875,1.3125,8.625],"tintindex":0,"rotation":0,"texture":"#0"},"down":{"uv":[1.3125,8.625,1.5625,8.875],"tintindex":0,"rotation":0,"texture":"#0"}}},{"from":[6.5,2.0,6.0],"to":[10.5,2.0,10.0],"faces":{"up":{"uv":[1.0625,8.59375,1.3125,8.34375],"tintindex":0,"rotation":0,"texture":"#0"},"down":{"uv":[1.3125,8.34375,1.5625,8.59375],"tintindex":0,"rotation":0,"texture":"#0"}}},{"from":[6.5,-3.5,6.0],"to":[10.5,8.5,10.0],"faces":{"east":{"uv":[3.0,9.1875,2.75,9.9375],"tintindex":0,"rotation":0,"texture":"#0"},"south":{"uv":[3.25,9.1875,3.0,9.9375],"tintindex":0,"rotation":0,"texture":"#0"},"north":{"uv":[2.75,9.1875,2.5,9.9375],"tintindex":0,"rotation":0,"texture":"#0"},"west":{"uv":[2.5,9.1875,2.25,9.9375],"tintindex":0,"rotation":0,"texture":"#0"},"up":{"uv":[2.5,9.1875,2.75,8.9375],"tintindex":0,"rotation":0,"texture":"#0"},"down":{"uv":[2.75,8.9375,3.0,9.1875],"tintindex":0,"rotation":0,"texture":"#0"}}}],"display":{"gui":{"rotation":[30,225,0]}}}