{"elements":[{"from":[6.5714283,0.5714283,6.285714],"to":[10.0,9.714286,9.142858],"rotation":{"angle":0.0,"axis":"y","origin":[5.714286,0.5714283,8.0]},"faces":{"east":{"uv":[14.59375,0.15625,14.75,0.65625],"rotation":0,"texture":"#0","tintindex":0},"south":{"uv":[15.09375,0.15625,15.28125,0.65625],"rotation":0,"texture":"#0","tintindex":0},"north":{"uv":[14.75,0.15625,14.9375,0.65625],"rotation":0,"texture":"#0","tintindex":0},"west":{"uv":[14.9375,0.15625,15.09375,0.65625],"rotation":0,"texture":"#0","tintindex":0},"up":{"uv":[14.9375,0.15625,14.75,0.0],"rotation":0,"texture":"#0","tintindex":0},"down":{"uv":[15.125,0.0,14.9375,0.15625],"rotation":0,"texture":"#0","tintindex":0}}},{"from":[6.428571,0.42857122,6.142857],"to":[10.142858,9.857143,9.285714],"rotation":{"angle":0.0,"axis":"y","origin":[5.714286,0.5714283,8.0]},"faces":{"east":{"uv":[12.0625,0.15625,12.21875,0.65625],"rotation":0,"texture":"#0","tintindex":0},"south":{"uv":[12.5625,0.15625,12.75,0.65625],"rotation":0,"texture":"#0","tintindex":0},"north":{"uv":[12.21875,0.15625,12.40625,0.65625],"rotation":0,"texture":"#0","tintindex":0},"west":{"uv":[12.40625,0.15625,12.5625,0.65625],"rotation":0,"texture":"#0","tintindex":0},"up":{"uv":[12.40625,0.15625,12.21875,0.0],"rotation":0,"texture":"#0","tintindex":0},"down":{"uv":[12.59375,0.0,12.40625,0.15625],"rotation":0,"texture":"#0","tintindex":0}}},{"from":[6.857143,0.5714283,6.285714],"to":[10.285714,5.142857,9.714286],"rotation":{"angle":0.0,"axis":"y","origin":[5.714286,0.5714283,8.0]},"faces":{"east":{"uv":[14.4375,7.3125,14.625,7.5625],"rotation":0,"texture":"#0","tintindex":0},"south":{"uv":[15.0,7.3125,15.1875,7.5625],"rotation":0,"texture":"#0","tintindex":0},"north":{"uv":[14.625,7.3125,14.8125,7.5625],"rotation":0,"texture":"#0","tintindex":0},"west":{"uv":[14.8125,7.3125,15.0,7.5625],"rotation":0,"texture":"#0","tintindex":0},"up":{"uv":[14.8125,7.3125,14.625,7.125],"rotation":0,"texture":"#0","tintindex":0},"down":{"uv":[15.0,7.125,14.8125,7.3125],"rotation":0,"texture":"#0","tintindex":0}}},{"from":[7.714286,0.5714283,5.142857],"to":[13.428572,6.857143,10.857143],"rotation":{"angle":0.0,"axis":"y","origin":[5.714286,0.5714283,8.0]},"faces":{"east":{"uv":[1.0,9.40625,1.3125,9.75],"rotation":0,"texture":"#0","tintindex":0},"south":{"uv":[1.9375,9.40625,2.25,9.75],"rotation":0,"texture":"#0","tintindex":0},"north":{"uv":[1.3125,9.40625,1.625,9.75],"rotation":0,"texture":"#0","tintindex":0},"west":{"uv":[1.625,9.40625,1.9375,9.75],"rotation":0,"texture":"#0","tintindex":0},"up":{"uv":[1.625,9.40625,1.3125,9.09375],"rotation":0,"texture":"#0","tintindex":0},"down":{"uv":[1.9375,9.09375,1.625,9.40625],"rotation":0,"texture":"#0","tintindex":0}}}],"textures":{"0":"modelengine:entity/iron_golem17"},"display":{"head":{"translation":[0.0,-6.4,0.0],"scale":[4.0,4.0,4.0]}}}