{"elements":[{"from":[13.142858,-7.714287,6.285714],"to":[15.428572,9.428572,9.714286],"rotation":{"angle":0.0,"axis":"y","origin":[8.0,-9.714287,8.0]},"faces":{"east":{"uv":[15.3125,0.84375,15.5,1.78125],"rotation":0,"texture":"#0","tintindex":0},"south":{"uv":[15.8125,0.84375,15.9375,1.78125],"rotation":0,"texture":"#0","tintindex":0},"north":{"uv":[15.5,0.84375,15.625,1.78125],"rotation":0,"texture":"#0","tintindex":0},"west":{"uv":[15.625,0.84375,15.8125,1.78125],"rotation":0,"texture":"#0","tintindex":0},"up":{"uv":[15.625,0.84375,15.5,0.65625],"rotation":0,"texture":"#0","tintindex":0},"down":{"uv":[15.75,0.65625,15.625,0.84375],"rotation":0,"texture":"#0","tintindex":0}}},{"from":[13.142858,-6.5714293,6.285714],"to":[16.0,8.857143,9.714286],"rotation":{"angle":0.0,"axis":"y","origin":[8.0,-9.714287,8.0]},"faces":{"east":{"uv":[13.4375,2.75,13.625,3.59375],"rotation":0,"texture":"#0","tintindex":0},"south":{"uv":[13.96875,2.75,14.125,3.59375],"rotation":0,"texture":"#0","tintindex":0},"north":{"uv":[13.625,2.75,13.78125,3.59375],"rotation":0,"texture":"#0","tintindex":0},"west":{"uv":[13.78125,2.75,13.96875,3.59375],"rotation":0,"texture":"#0","tintindex":0},"up":{"uv":[13.78125,2.75,13.625,2.5625],"rotation":0,"texture":"#0","tintindex":0},"down":{"uv":[13.9375,2.5625,13.78125,2.75],"rotation":0,"texture":"#0","tintindex":0}}},{"from":[12.571428,3.7142854,5.714286],"to":[16.0,10.0,10.285714],"rotation":{"angle":0.0,"axis":"y","origin":[8.0,-9.714287,8.0]},"faces":{"east":{"uv":[14.3125,3.4375,14.5625,3.78125],"rotation":0,"texture":"#0","tintindex":0},"south":{"uv":[15.0,3.4375,15.1875,3.78125],"rotation":0,"texture":"#0","tintindex":0},"north":{"uv":[14.5625,3.4375,14.75,3.78125],"rotation":0,"texture":"#0","tintindex":0},"west":{"uv":[14.75,3.4375,15.0,3.78125],"rotation":0,"texture":"#0","tintindex":0},"up":{"uv":[14.75,3.4375,14.5625,3.1875],"rotation":0,"texture":"#0","tintindex":0},"down":{"uv":[14.9375,3.1875,14.75,3.4375],"rotation":0,"texture":"#0","tintindex":0}}},{"from":[13.0,-7.8571434,6.142857],"to":[15.571428,9.571428,9.857143],"rotation":{"angle":0.0,"axis":"y","origin":[8.0,-9.714287,8.0]},"faces":{"east":{"uv":[12.78125,0.84375,12.96875,1.78125],"rotation":0,"texture":"#0","tintindex":0},"south":{"uv":[13.28125,0.84375,13.40625,1.78125],"rotation":0,"texture":"#0","tintindex":0},"north":{"uv":[12.96875,0.84375,13.09375,1.78125],"rotation":0,"texture":"#0","tintindex":0},"west":{"uv":[13.09375,0.84375,13.28125,1.78125],"rotation":0,"texture":"#0","tintindex":0},"up":{"uv":[13.09375,0.84375,12.96875,0.65625],"rotation":0,"texture":"#0","tintindex":0},"down":{"uv":[13.21875,0.65625,13.09375,0.84375],"rotation":0,"texture":"#0","tintindex":0}}},{"from":[13.714286,-7.4285717,5.714286],"to":[16.57143,9.142858,10.285714],"rotation":{"angle":0.0,"axis":"y","origin":[8.0,-9.714287,8.0]},"faces":{"east":{"uv":[15.1875,5.9375,15.4375,6.84375],"rotation":0,"texture":"#0","tintindex":0},"south":{"uv":[15.84375,5.9375,16.0,6.84375],"rotation":0,"texture":"#0","tintindex":0},"north":{"uv":[15.4375,5.9375,15.59375,6.84375],"rotation":0,"texture":"#0","tintindex":0},"west":{"uv":[15.59375,5.9375,15.84375,6.84375],"rotation":0,"texture":"#0","tintindex":0},"up":{"uv":[15.59375,5.9375,15.4375,5.6875],"rotation":0,"texture":"#0","tintindex":0},"down":{"uv":[15.75,5.6875,15.59375,5.9375],"rotation":0,"texture":"#0","tintindex":0}}},{"from":[13.428572,-7.714287,5.428571],"to":[16.857143,9.428572,10.571428],"rotation":{"angle":0.0,"axis":"y","origin":[8.0,-9.714287,8.0]},"faces":{"east":{"uv":[15.1875,3.625,15.4375,4.53125],"rotation":0,"texture":"#0","tintindex":0},"south":{"uv":[15.84375,3.625,16.0,4.53125],"rotation":0,"texture":"#0","tintindex":0},"north":{"uv":[15.4375,3.625,15.59375,4.53125],"rotation":0,"texture":"#0","tintindex":0},"west":{"uv":[15.59375,3.625,15.84375,4.53125],"rotation":0,"texture":"#0","tintindex":0},"up":{"uv":[15.59375,3.625,15.4375,3.375],"rotation":0,"texture":"#0","tintindex":0},"down":{"uv":[15.75,3.375,15.59375,3.625],"rotation":0,"texture":"#0","tintindex":0}}}],"textures":{"0":"modelengine:entity/iron_golem17"},"display":{"head":{"translation":[0.0,-6.4,0.0],"scale":[4.0,4.0,4.0]}}}