[
    {
      "function": "minecraft:set_nbt",
      "tag": "{display:{Name:'{\"text\":\"Cursed Cutlass\",\"color\":\"gold\",\"italic\":false}',Lore:['[{\"text\":\"Curiously, this curved blade glows with power\",\"italic\":false,\"color\":\"white\"}]','[{\"text\":\"when wielded from horseback. Perhaps it was\",\"italic\":false,\"color\":\"white\"}]','[{\"text\":\"meant to be a sabre?\",\"italic\":false,\"color\":\"white\"},{\"text\":\"\",\"italic\":false,\"color\":\"dark_purple\"}]','[{\"text\":\"\",\"italic\":false,\"color\":\"dark_purple\"}]','[{\"text\":\"When in Main Hand:\",\"italic\":false,\"color\":\"gray\"},{\"text\":\"\",\"italic\":false,\"color\":\"dark_purple\"}]','[{\"text\":\" 10 Attack Damage\",\"italic\":false,\"color\":\"dark_green\"}]','[{\"text\":\" 2 Attack Speed\",\"italic\":false,\"color\":\"dark_green\"}]']},HideFlags:2,CustomModelData:5552,eth:{item:13b,cursed_cutlass:1b},AttributeModifiers:[{AttributeName:\"generic.attack_speed\",Name:\"generic.attack_speed\",Amount:-2,Operation:0,UUID:[I;167705940,1006259184,-1641821168,1963084330],Slot:\"mainhand\"},{AttributeName:\"generic.attack_damage\",Name:\"generic.attack_damage\",Amount:9,Operation:0,UUID:[I;1810519139,-1240055483,-1096619333,-125769755],Slot:\"mainhand\"}]}"
    }
  ]
  