{
  "display": {
    "icon": {
      "item": "minecraft:nether_star"
    },
    "title": {
      "translate":"incendium.advancement.infernal_dunes.inferno.summon.title","fallback":"Risen from Fire"
    },
    "description": {
      "translate":"incendium.advancement.infernal_dunes.inferno.summon.desc","fallback":"Sacrifice a nether star at an altar to summon the Hovering Inferno"
    },
    "frame": "goal",
    "show_toast": true,
    "announce_to_chat": true,
    "hidden": false
  },
  "parent": "incendium:infernal_dunes/inferno/root",
  "criteria": {
    "requirement": {
      "trigger": "minecraft:impossible",
      "conditions": {}
    }
  }
}
