{
  "format_version": "1.12.0",
  "minecraft:geometry": [
    {
      "description": {
        "identifier": "geometry.meg_brute_512_512",
        "texture_width": 512,
        "texture_height": 512,
        "visible_bounds_width": 5,
        "visible_bounds_height": 4,
        "visible_bounds_offset": [
          0,
          2,
          0
        ]
      },
      "bones": [
        {
          "pivot": [
            0,
            0,
            0
          ],
          "name": "boarbarianbrute"
        },
        {
          "parent": "BoarbarianBrute",
          "pivot": [
            0,
            31,
            0
          ],
          "name": "body2"
        },
        {
          "parent": "body2",
          "pivot": [
            0,
            35,
            0
          ],
          "rotation": [
            2,
            0,
            0
          ],
          "cubes": [
            {
              "origin": [
                -16.5,
                10,
                -6
              ],
              "size": [
                33,
                26,
                12
              ],
              "uv": [
                92,
                68
              ]
            },
            {
              "origin": [
                0.5,
                10,
                -6
              ],
              "size": [
                0,
                26,
                12
              ],
              "uv": [
                126,
                170
              ]
            },
            {
              "origin": [
                -17.5,
                27,
                -7
              ],
              "size": [
                9,
                10,
                14
              ],
              "uv": [
                140,
                106
              ]
            },
            {
              "origin": [
                -17.5,
                28,
                4
              ],
              "size": [
                2,
                0,
                3
              ],
              "uv": [
                199,
                116
              ]
            },
            {
              "origin": [
                -17.5,
                28,
                -7
              ],
              "size": [
                2,
                0,
                3
              ],
              "uv": [
                199,
                116
              ]
            },
            {
              "origin": [
                -17.5,
                27,
                -4
              ],
              "size": [
                2,
                0,
                8
              ],
              "uv": [
                199,
                116
              ]
            },
            {
              "origin": [
                -17.5,
                27,
                4
              ],
              "size": [
                2,
                1,
                0
              ],
              "uv": [
                199,
                116
              ]
            },
            {
              "origin": [
                -17.5,
                27,
                -4
              ],
              "size": [
                2,
                1,
                0
              ],
              "uv": [
                199,
                116
              ]
            },
            {
              "origin": [
                -15.5,
                27,
                -7
              ],
              "size": [
                0,
                1,
                14
              ],
              "uv": [
                177,
                113
              ]
            },
            {
              "origin": [
                -15.5,
                27,
                -7
              ],
              "size": [
                4,
                0,
                14
              ],
              "uv": [
                177,
                113
              ]
            },
            {
              "origin": [
                -11.5,
                27,
                -7
              ],
              "size": [
                0,
                3,
                14
              ],
              "uv": [
                177,
                113
              ]
            },
            {
              "origin": [
                -11.5,
                30,
                -7
              ],
              "size": [
                3,
                0,
                14
              ],
              "uv": [
                177,
                113
              ]
            }
          ],
          "name": "boarbarian_brute"
        },
        {
          "parent": "boarbarian_brute",
          "pivot": [
            -10.34615,
            27.84615,
            0
          ],
          "mirror": true,
          "cubes": [
            {
              "origin": [
                -16.5,
                10,
                -6
              ],
              "size": [
                33,
                26,
                12
              ],
              "inflate": 0.3,
              "uv": [
                42,
                117
              ]
            },
            {
              "origin": [
                5.5,
                29,
                -7
              ],
              "size": [
                12,
                8,
                14
              ],
              "uv": [
                139,
                136
              ]
            }
          ],
          "name": "body_sub_11"
        },
        {
          "parent": "BoarbarianBrute",
          "pivot": [
            0,
            31,
            0
          ],
          "name": "body"
        },
        {
          "parent": "body",
          "pivot": [
            -3.5,
            25.75,
            -4.5
          ],
          "cubes": [
            {
              "origin": [
                -7.5,
                25,
                -15
              ],
              "size": [
                15,
                12,
                10
              ],
              "uv": [
                10,
                68
              ]
            },
            {
              "origin": [
                0.5,
                25,
                -15
              ],
              "size": [
                0,
                12,
                10
              ],
              "uv": [
                151,
                186
              ]
            },
            {
              "origin": [
                -3,
                27,
                -18
              ],
              "size": [
                6,
                4,
                3
              ],
              "uv": [
                10,
                90
              ]
            },
            {
              "origin": [
                1,
                27,
                -18
              ],
              "size": [
                0,
                4,
                3
              ],
              "uv": [
                151,
                188
              ]
            },
            {
              "origin": [
                2.5,
                27.5,
                -18.5
              ],
              "size": [
                2,
                2,
                4
              ],
              "uv": [
                40,
                94
              ]
            },
            {
              "origin": [
                2.5,
                29.5,
                -18.5
              ],
              "size": [
                2,
                1,
                2
              ],
              "uv": [
                44,
                91
              ]
            },
            {
              "origin": [
                -4.5,
                27.5,
                -18.5
              ],
              "size": [
                2,
                2,
                4
              ],
              "uv": [
                28,
                90
              ]
            },
            {
              "origin": [
                -4.5,
                29.5,
                -18.5
              ],
              "size": [
                2,
                1,
                2
              ],
              "uv": [
                36,
                90
              ]
            },
            {
              "origin": [
                -2,
                30,
                -16
              ],
              "size": [
                4,
                8,
                12
              ],
              "uv": [
                60,
                68
              ]
            },
            {
              "origin": [
                1.5,
                26,
                -19
              ],
              "size": [
                2,
                4,
                2
              ],
              "uv": [
                50,
                62
              ]
            },
            {
              "origin": [
                -1,
                25.5,
                -19
              ],
              "size": [
                2,
                4,
                2
              ],
              "inflate": -0.05,
              "uv": [
                50,
                68
              ]
            },
            {
              "origin": [
                -3.5,
                26,
                -19
              ],
              "size": [
                2,
                4,
                2
              ],
              "uv": [
                50,
                68
              ]
            }
          ],
          "name": "h_boarbarian_brute_head"
        },
        {
          "parent": "h_boarbarian_brute_head",
          "pivot": [
            -6.5,
            33,
            -9.5
          ],
          "rotation": [
            0,
            0,
            25
          ],
          "cubes": [
            {
              "origin": [
                -7.5,
                27,
                -12
              ],
              "size": [
                1,
                6,
                5
              ],
              "uv": [
                60,
                68
              ]
            }
          ],
          "name": "boarbarian_brute_right_ear"
        },
        {
          "parent": "h_boarbarian_brute_head",
          "pivot": [
            6.5,
            33,
            -9.5
          ],
          "rotation": [
            0,
            0,
            -25
          ],
          "cubes": [
            {
              "origin": [
                6.5,
                27,
                -12
              ],
              "size": [
                1,
                6,
                5
              ],
              "uv": [
                60,
                68
              ]
            }
          ],
          "name": "boarbarian_brute_left_ear"
        },
        {
          "parent": "body",
          "pivot": [
            0,
            31,
            0
          ],
          "name": "arm0"
        },
        {
          "parent": "arm0",
          "pivot": [
            0,
            31,
            0
          ],
          "name": "right_arm"
        },
        {
          "parent": "right_arm",
          "pivot": [
            -16,
            29,
            -1
          ],
          "mirror": true,
          "cubes": [
            {
              "origin": [
                -24.5,
                5,
                -4
              ],
              "size": [
                8,
                29,
                8
              ],
              "inflate": 0.3,
              "uv": [
                87,
                162
              ]
            },
            {
              "origin": [
                -24.5,
                5,
                -4
              ],
              "size": [
                8,
                29,
                8
              ],
              "inflate": 0.01,
              "uv": [
                10,
                97
              ]
            }
          ],
          "name": "boarbarian_brute_right_arm"
        },
        {
          "parent": "arm0",
          "pivot": [
            -19,
            35,
            0
          ],
          "mirror": true,
          "cubes": [
            {
              "origin": [
                -24,
                7,
                -4
              ],
              "size": [
                8,
                29,
                8
              ],
              "uv": [
                0,
                256
              ]
            },
            {
              "origin": [
                -24,
                12,
                -4
              ],
              "size": [
                8,
                24,
                8
              ],
              "uv": [
                72,
                286
              ]
            },
            {
              "origin": [
                -24,
                18,
                -4
              ],
              "size": [
                8,
                0,
                8
              ],
              "uv": [
                26,
                276
              ]
            },
            {
              "origin": [
                -24,
                23,
                -4
              ],
              "size": [
                8,
                0,
                8
              ],
              "uv": [
                26,
                267
              ]
            }
          ],
          "name": "right_arm_sub_0"
        },
        {
          "parent": "body",
          "pivot": [
            0,
            31,
            0
          ],
          "name": "arm1"
        },
        {
          "parent": "arm1",
          "pivot": [
            0,
            31,
            0
          ],
          "name": "left_arm"
        },
        {
          "parent": "left_arm",
          "pivot": [
            16,
            31,
            0
          ],
          "cubes": [
            {
              "origin": [
                16.5,
                5,
                -4
              ],
              "size": [
                8,
                29,
                8
              ],
              "inflate": 0.01,
              "uv": [
                222,
                105
              ]
            }
          ],
          "name": "boarbarian_brute_left_arm"
        },
        {
          "parent": "arm1",
          "pivot": [
            19,
            35,
            0
          ],
          "cubes": [
            {
              "origin": [
                16,
                12,
                -4
              ],
              "size": [
                8,
                24,
                8
              ],
              "uv": [
                72,
                286
              ]
            }
          ],
          "name": "left_arm2"
        },
        {
          "parent": "body",
          "pivot": [
            -4,
            13,
            0
          ],
          "name": "leg0"
        },
        {
          "parent": "leg0",
          "pivot": [
            -4,
            13,
            0
          ],
          "cubes": [
            {
              "origin": [
                -7.5,
                0,
                -3
              ],
              "size": [
                6,
                16,
                5
              ],
              "uv": [
                467,
                0
              ]
            },
            {
              "origin": [
                -7.5,
                0,
                -3
              ],
              "size": [
                6,
                16,
                5
              ],
              "inflate": 0.25,
              "uv": [
                386,
                0
              ]
            },
            {
              "origin": [
                -8,
                0,
                -3
              ],
              "size": [
                6,
                8,
                6
              ],
              "uv": [
                462,
                228
              ]
            },
            {
              "origin": [
                -13.5,
                0,
                -5
              ],
              "size": [
                10,
                11,
                10
              ],
              "uv": [
                32,
                291
              ]
            }
          ],
          "name": "right_leg"
        },
        {
          "parent": "right_leg",
          "pivot": [
            0,
            -18,
            -13
          ],
          "cubes": [
            {
              "origin": [
                -13.5,
                0,
                -5
              ],
              "size": [
                10,
                11,
                10
              ],
              "uv": [
                0,
                351
              ]
            }
          ],
          "name": "boarbarian_crimson_right_leg"
        },
        {
          "parent": "right_leg",
          "pivot": [
            0,
            -6,
            -11
          ],
          "cubes": [
            {
              "origin": [
                -10,
                0,
                -4
              ],
              "size": [
                8,
                10,
                8
              ],
              "uv": [
                8,
                43
              ]
            }
          ],
          "name": "boarbarian_warped_right_leg"
        },
        {
          "parent": "right_leg",
          "pivot": [
            0,
            -18,
            -13
          ],
          "cubes": [
            {
              "origin": [
                -13.5,
                0,
                -5
              ],
              "size": [
                10,
                11,
                10
              ],
              "uv": [
                42,
                90
              ]
            }
          ],
          "name": "boarbarian_brute_right_leg"
        },
        {
          "parent": "right_leg",
          "pivot": [
            0,
            0,
            0
          ],
          "cubes": [
            {
              "origin": [
                -10.5,
                0,
                -4
              ],
              "size": [
                8,
                15,
                8
              ],
              "uv": [
                115,
                393
              ]
            },
            {
              "origin": [
                -10.5,
                0,
                2
              ],
              "size": [
                8,
                15,
                0
              ],
              "uv": [
                156,
                497
              ]
            }
          ],
          "name": "boarbarian_chieftain_right_leg"
        },
        {
          "parent": "leg0",
          "pivot": [
            -8,
            10,
            0
          ],
          "cubes": [
            {
              "origin": [
                -13.5,
                0,
                -5
              ],
              "size": [
                10,
                11,
                10
              ],
              "uv": [
                0,
                330
              ]
            }
          ],
          "name": "right_leg2"
        },
        {
          "parent": "body",
          "pivot": [
            5,
            13,
            0
          ],
          "mirror": true,
          "name": "leg1"
        },
        {
          "parent": "leg1",
          "pivot": [
            5,
            13,
            0
          ],
          "cubes": [
            {
              "origin": [
                1.5,
                0,
                -3
              ],
              "size": [
                6,
                16,
                5
              ],
              "uv": [
                490,
                0
              ]
            },
            {
              "origin": [
                1.5,
                0,
                -3
              ],
              "size": [
                6,
                16,
                5
              ],
              "inflate": 0.25,
              "uv": [
                408,
                0
              ]
            },
            {
              "origin": [
                2,
                0,
                -3
              ],
              "size": [
                6,
                8,
                6
              ],
              "uv": [
                462,
                242
              ]
            }
          ],
          "name": "left_leg"
        },
        {
          "parent": "left_leg",
          "pivot": [
            -1,
            -18,
            -13
          ],
          "mirror": true,
          "cubes": [
            {
              "origin": [
                3.5,
                0,
                -5
              ],
              "size": [
                10,
                11,
                10
              ],
              "uv": [
                0,
                351
              ]
            }
          ],
          "name": "boarbarian_crimson_left_leg"
        },
        {
          "parent": "left_leg",
          "pivot": [
            0,
            -6,
            -11
          ],
          "cubes": [
            {
              "origin": [
                2,
                0,
                -4
              ],
              "size": [
                8,
                10,
                8
              ],
              "uv": [
                8,
                43
              ]
            }
          ],
          "name": "boarbarian_warped_left_leg"
        },
        {
          "parent": "left_leg",
          "pivot": [
            -1,
            -18,
            -13
          ],
          "mirror": true,
          "cubes": [
            {
              "origin": [
                3.5,
                0,
                -5
              ],
              "size": [
                10,
                11,
                10
              ],
              "uv": [
                254,
                121
              ]
            }
          ],
          "name": "boarbarian_brute_left_leg"
        },
        {
          "parent": "left_leg",
          "pivot": [
            0,
            0,
            0
          ],
          "cubes": [
            {
              "origin": [
                2.5,
                0,
                -4
              ],
              "size": [
                8,
                15,
                8
              ],
              "uv": [
                115,
                393
              ]
            },
            {
              "origin": [
                2.5,
                0,
                2
              ],
              "size": [
                8,
                15,
                0
              ],
              "uv": [
                156,
                497
              ]
            }
          ],
          "name": "boarbarian_chieftain_left_leg"
        },
        {
          "parent": "leg1",
          "pivot": [
            9,
            10,
            0
          ],
          "mirror": true,
          "cubes": [
            {
              "origin": [
                3.5,
                0,
                -5
              ],
              "size": [
                10,
                11,
                10
              ],
              "uv": [
                0,
                330
              ]
            },
            {
              "origin": [
                3.5,
                0,
                -5
              ],
              "size": [
                10,
                11,
                10
              ],
              "inflate": 0.25,
              "uv": [
                104,
                287
              ]
            },
            {
              "origin": [
                3.5,
                0,
                -5
              ],
              "size": [
                10,
                11,
                10
              ],
              "uv": [
                32,
                312
              ]
            }
          ],
          "name": "left_leg_sub_0"
        }
      ]
    }
  ]
}