{
  "format_version": "1.12.0",
  "minecraft:geometry": [
    {
      "description": {
        "identifier": "geometry.meg_nwolf_128_128",
        "texture_width": 128,
        "texture_height": 128,
        "visible_bounds_width": 4,
        "visible_bounds_height": 3.5,
        "visible_bounds_offset": [
          0,
          1.25,
          0
        ]
      },
      "bones": [
        {
          "pivot": [
            0,
            0,
            0
          ],
          "name": "root"
        },
        {
          "parent": "root",
          "pivot": [
            0,
            11,
            6
          ],
          "cubes": [
            {
              "origin": [
                -4,
                9,
                -1
              ],
              "size": [
                8,
                9,
                9
              ],
              "uv": [
                0,
                20
              ]
            },
            {
              "origin": [
                -5,
                8,
                -10
              ],
              "size": [
                10,
                11,
                9
              ],
              "inflate": -0.02,
              "uv": [
                0,
                0
              ]
            }
          ],
          "name": "body"
        },
        {
          "parent": "body",
          "pivot": [
            0,
            13,
            -10
          ],
          "cubes": [
            {
              "origin": [
                -4,
                13,
                -15
              ],
              "size": [
                8,
                6,
                5
              ],
              "uv": [
                0,
                38
              ]
            },
            {
              "origin": [
                -3,
                13,
                -19
              ],
              "size": [
                6,
                3,
                4
              ],
              "uv": [
                45,
                25
              ]
            }
          ],
          "name": "h_head"
        },
        {
          "parent": "h_head",
          "pivot": [
            0,
            18.65642,
            -10.77269
          ],
          "cubes": [
            {
              "origin": [
                -4,
                19,
                -12
              ],
              "size": [
                8,
                4,
                1
              ],
              "pivot": [
                0,
                19,
                -12
              ],
              "rotation": [
                -22.5,
                0,
                0
              ],
              "uv": [
                53,
                0
              ]
            }
          ],
          "name": "ears"
        },
        {
          "parent": "h_head",
          "pivot": [
            0,
            13,
            -11
          ],
          "cubes": [
            {
              "origin": [
                -5,
                10,
                -16
              ],
              "size": [
                10,
                4,
                6
              ],
              "uv": [
                28,
                32
              ]
            },
            {
              "origin": [
                -4,
                10,
                -20
              ],
              "size": [
                8,
                4,
                4
              ],
              "uv": [
                49,
                17
              ]
            },
            {
              "origin": [
                -4,
                14,
                -20
              ],
              "size": [
                8,
                1,
                2
              ],
              "uv": [
                54,
                32
              ]
            }
          ],
          "name": "jaw"
        },
        {
          "parent": "body",
          "pivot": [
            0,
            17,
            8
          ],
          "cubes": [
            {
              "origin": [
                -1,
                16,
                8
              ],
              "size": [
                2,
                2,
                4
              ],
              "uv": [
                13,
                49
              ]
            },
            {
              "origin": [
                0,
                12,
                8
              ],
              "size": [
                0,
                9,
                12
              ],
              "uv": [
                25,
                8
              ]
            }
          ],
          "name": "tail"
        },
        {
          "parent": "root",
          "pivot": [
            4,
            10,
            5
          ],
          "rotation": [
            0,
            -5,
            0
          ],
          "cubes": [
            {
              "origin": [
                2,
                6,
                2
              ],
              "size": [
                3,
                7,
                7
              ],
              "uv": [
                0,
                49
              ]
            },
            {
              "origin": [
                2,
                0,
                5
              ],
              "size": [
                3,
                6,
                4
              ],
              "uv": [
                56,
                56
              ]
            }
          ],
          "name": "left_back_leg"
        },
        {
          "parent": "root",
          "pivot": [
            -4,
            10,
            5
          ],
          "rotation": [
            0,
            5,
            0
          ],
          "cubes": [
            {
              "origin": [
                -5,
                6,
                2
              ],
              "size": [
                3,
                7,
                7
              ],
              "uv": [
                46,
                42
              ]
            },
            {
              "origin": [
                -5,
                0,
                5
              ],
              "size": [
                3,
                6,
                4
              ],
              "uv": [
                42,
                56
              ]
            }
          ],
          "name": "right_back_leg"
        },
        {
          "parent": "root",
          "pivot": [
            3,
            9,
            -5.5
          ],
          "rotation": [
            0,
            -10,
            0
          ],
          "cubes": [
            {
              "origin": [
                1,
                0,
                -8
              ],
              "size": [
                5,
                12,
                5
              ],
              "uv": [
                26,
                42
              ]
            }
          ],
          "name": "left_leg"
        },
        {
          "parent": "root",
          "pivot": [
            -3,
            9,
            -5.5
          ],
          "rotation": [
            0,
            10,
            0
          ],
          "cubes": [
            {
              "origin": [
                -6,
                0,
                -8
              ],
              "size": [
                5,
                12,
                5
              ],
              "uv": [
                38,
                0
              ]
            }
          ],
          "name": "right_leg"
        },
        {
          "parent": "root",
          "pivot": [
            0,
            6,
            -16
          ],
          "locators": {
            "locator": [
              0,
              6,
              -16
            ]
          },
          "name": "particle"
        }
      ]
    }
  ]
}