{
  "format_version": "1.12.0",
  "minecraft:geometry": [
    {
      "description": {
        "identifier": "geometry.meg_pinguino_64_64",
        "texture_width": 64,
        "texture_height": 64,
        "visible_bounds_width": 4,
        "visible_bounds_height": 2.5,
        "visible_bounds_offset": [
          0,
          0.75,
          0
        ]
      },
      "bones": [
        {
          "pivot": [
            0,
            -4,
            0
          ],
          "name": "root"
        },
        {
          "parent": "root",
          "pivot": [
            1.08779,
            4.49223,
            -3
          ],
          "cubes": [
            {
              "origin": [
                -4.72109,
                -0.16781,
                -5
              ],
              "size": [
                10,
                14,
                8
              ],
              "uv": [
                28,
                17
              ]
            }
          ],
          "locators": {
            "lead": [
              0.27891,
              -0.16781,
              -5
            ]
          },
          "name": "body"
        },
        {
          "parent": "body",
          "pivot": [
            -3.72109,
            0.83219,
            -4
          ],
          "rotation": [
            0,
            -90,
            0
          ],
          "cubes": [
            {
              "origin": [
                -4.8263,
                -6.93163,
                -4
              ],
              "size": [
                3,
                5,
                1
              ],
              "pivot": [
                -2.72109,
                -1.16781,
                -5
              ],
              "rotation": [
                90,
                -70,
                0
              ],
              "uv": [
                55,
                56
              ]
            }
          ],
          "name": "right_arm"
        },
        {
          "parent": "body",
          "pivot": [
            -5.22109,
            11.33219,
            -1.5
          ],
          "rotation": [
            0,
            90,
            0
          ],
          "cubes": [
            {
              "origin": [
                -7.72109,
                2.83219,
                -2
              ],
              "size": [
                5,
                9,
                1
              ],
              "uv": [
                1,
                12
              ]
            }
          ],
          "name": "right_leg"
        },
        {
          "parent": "body",
          "pivot": [
            3.27891,
            0.83219,
            -4
          ],
          "rotation": [
            0,
            90,
            0
          ],
          "cubes": [
            {
              "origin": [
                2.48412,
                -6.13163,
                -2.3
              ],
              "size": [
                3,
                5,
                1
              ],
              "pivot": [
                3.77891,
                -1.66781,
                -4
              ],
              "rotation": [
                90,
                70,
                0
              ],
              "uv": [
                55,
                56
              ]
            }
          ],
          "name": "left_arm"
        },
        {
          "parent": "body",
          "pivot": [
            5.77891,
            11.33219,
            -1.5
          ],
          "rotation": [
            0,
            -90,
            0
          ],
          "cubes": [
            {
              "origin": [
                3.2789099999999998,
                2.83219,
                -2
              ],
              "size": [
                5,
                9,
                1
              ],
              "uv": [
                1,
                22
              ]
            }
          ],
          "name": "left_leg"
        },
        {
          "parent": "body",
          "pivot": [
            0.27891,
            1.83219,
            4
          ],
          "name": "tail"
        },
        {
          "parent": "body",
          "pivot": [
            0.20127,
            16.33219,
            -1.50086
          ],
          "reset": true,
          "cubes": [
            {
              "origin": [
                -3.6987299999999994,
                13.83219,
                -4.00086
              ],
              "size": [
                8,
                5,
                5
              ],
              "uv": [
                0,
                1
              ]
            },
            {
              "origin": [
                -0.7987299999999999,
                15.23219,
                -7.00086
              ],
              "size": [
                2,
                1,
                7
              ],
              "uv": [
                13,
                47
              ]
            },
            {
              "origin": [
                -0.7987299999999999,
                14.23219,
                -7.00086
              ],
              "size": [
                2,
                1,
                1
              ],
              "uv": [
                19,
                55
              ]
            }
          ],
          "name": "h_head"
        },
        {
          "parent": "h_head",
          "pivot": [
            4.20127,
            17.83219,
            -3.00086
          ],
          "cubes": [
            {
              "origin": [
                4.70127,
                18.13219,
                -4.40086
              ],
              "size": [
                0,
                1,
                4
              ],
              "uv": [
                9,
                42
              ]
            },
            {
              "origin": [
                4.70127,
                17.13219,
                -1.40086
              ],
              "size": [
                0,
                1,
                1
              ],
              "uv": [
                12,
                44
              ]
            },
            {
              "origin": [
                4.70127,
                17.13219,
                -3.40086
              ],
              "size": [
                0,
                1,
                1
              ],
              "uv": [
                13,
                43
              ]
            },
            {
              "origin": [
                3.70127,
                18.13219,
                -4.40086
              ],
              "size": [
                1,
                1,
                0
              ],
              "uv": [
                13,
                45
              ]
            },
            {
              "origin": [
                1.70127,
                17.13219,
                -4.40086
              ],
              "size": [
                3,
                1,
                0
              ],
              "uv": [
                11,
                40
              ]
            }
          ],
          "name": "left_gills"
        },
        {
          "parent": "h_head",
          "pivot": [
            -4.19873,
            17.78114,
            -2.06753
          ],
          "cubes": [
            {
              "origin": [
                -4.09873,
                18.13219,
                -4.40086
              ],
              "size": [
                0,
                1,
                4
              ],
              "uv": [
                0,
                41
              ]
            },
            {
              "origin": [
                -4.09873,
                17.13219,
                -1.40086
              ],
              "size": [
                0,
                1,
                1
              ],
              "uv": [
                3,
                42
              ]
            },
            {
              "origin": [
                -4.09873,
                17.13219,
                -3.40086
              ],
              "size": [
                0,
                1,
                1
              ],
              "uv": [
                -1,
                39
              ]
            }
          ],
          "name": "right_gills"
        },
        {
          "parent": "right_gills",
          "pivot": [
            -3.79873,
            1.83219,
            -6.00086
          ],
          "cubes": [
            {
              "origin": [
                -4.09873,
                17.13219,
                -4.40086
              ],
              "size": [
                3,
                1,
                0
              ],
              "uv": [
                0,
                40
              ]
            }
          ],
          "name": "right_gills2"
        },
        {
          "parent": "right_gills",
          "pivot": [
            -3.69873,
            18.63219,
            -4.40086
          ],
          "cubes": [
            {
              "origin": [
                -4.09873,
                18.13219,
                -4.40086
              ],
              "size": [
                1,
                1,
                0
              ],
              "uv": [
                0,
                40
              ]
            }
          ],
          "name": "right_gills3"
        },
        {
          "parent": "right_gills3",
          "pivot": [
            -3.79873,
            1.83219,
            -6.00086
          ],
          "name": "right_gills4"
        },
        {
          "parent": "h_head",
          "pivot": [
            0.20127,
            4.83219,
            -6.00086
          ],
          "name": "top_gills"
        }
      ]
    }
  ]
}