{
  "format_version": "1.12.0",
  "minecraft:geometry": [
    {
      "description": {
        "identifier": "geometry.meg_rinoceronte_128_128",
        "texture_width": 128,
        "texture_height": 128,
        "visible_bounds_width": 5,
        "visible_bounds_height": 4,
        "visible_bounds_offset": [
          0,
          1,
          0
        ]
      },
      "bones": [
        {
          "pivot": [
            0,
            24,
            -16
          ],
          "rotation": [
            25,
            0,
            0
          ],
          "cubes": [
            {
              "origin": [
                -5,
                11,
                -21
              ],
              "size": [
                12,
                14,
                9
              ],
              "uv": [
                76,
                35
              ]
            },
            {
              "origin": [
                -3,
                11,
                -31
              ],
              "size": [
                8,
                8,
                10
              ],
              "uv": [
                65,
                0
              ]
            },
            {
              "origin": [
                -8,
                22,
                -16
              ],
              "size": [
                3,
                6,
                1
              ],
              "pivot": [
                -6,
                25,
                0
              ],
              "rotation": [
                0,
                0,
                -22.5
              ],
              "uv": [
                0,
                53
              ]
            },
            {
              "origin": [
                7,
                22,
                -16
              ],
              "size": [
                3,
                6,
                1
              ],
              "pivot": [
                8,
                25,
                0
              ],
              "rotation": [
                0,
                0,
                22.5
              ],
              "uv": [
                0,
                53
              ]
            }
          ],
          "name": "head"
        },
        {
          "parent": "head",
          "pivot": [
            0,
            0,
            0
          ],
          "cubes": [
            {
              "origin": [
                -1,
                19,
                -31
              ],
              "size": [
                4,
                12,
                5
              ],
              "uv": [
                0,
                0
              ]
            }
          ],
          "name": "bone"
        },
        {
          "parent": "head",
          "pivot": [
            0,
            0,
            0
          ],
          "cubes": [
            {
              "origin": [
                -1,
                19,
                -26
              ],
              "size": [
                4,
                4,
                4
              ],
              "uv": [
                0,
                44
              ]
            }
          ],
          "name": "bone2"
        },
        {
          "pivot": [
            -4,
            8,
            23
          ],
          "cubes": [
            {
              "origin": [
                -8,
                0,
                20
              ],
              "size": [
                8,
                11,
                9
              ],
              "uv": [
                70,
                77
              ]
            }
          ],
          "name": "leg1"
        },
        {
          "pivot": [
            -4,
            9,
            25
          ],
          "cubes": [
            {
              "origin": [
                2,
                0,
                20
              ],
              "size": [
                8,
                11,
                9
              ],
              "uv": [
                70,
                77
              ]
            }
          ],
          "name": "leg2"
        },
        {
          "pivot": [
            -7,
            9,
            -8
          ],
          "cubes": [
            {
              "origin": [
                -10,
                0,
                -12
              ],
              "size": [
                7,
                10,
                7
              ],
              "uv": [
                79,
                59
              ]
            }
          ],
          "name": "arm1"
        },
        {
          "pivot": [
            9,
            9,
            -11
          ],
          "cubes": [
            {
              "origin": [
                5,
                0,
                -12
              ],
              "size": [
                7,
                10,
                7
              ],
              "uv": [
                79,
                59
              ]
            }
          ],
          "name": "arm2"
        },
        {
          "pivot": [
            0,
            0,
            0
          ],
          "cubes": [
            {
              "origin": [
                -10,
                10,
                -12
              ],
              "size": [
                22,
                23,
                20
              ],
              "uv": [
                0,
                0
              ]
            },
            {
              "origin": [
                -8,
                10,
                8
              ],
              "size": [
                18,
                20,
                21
              ],
              "uv": [
                0,
                44
              ]
            }
          ],
          "name": "body"
        }
      ]
    }
  ]
}