{
  "type": "minecraft:add",
  "argument1": -0.07999999821186066,
  "argument2": {
     "type": "minecraft:max",
     "argument1": {
        "type": "minecraft:abs",
        "argument": {
           "type": "minecraft:interpolated",
           "argument": {
              "type": "minecraft:range_choice",
              "input": "minecraft:y",
              "min_inclusive": -60,
              "max_exclusive": 51,
              "when_in_range": {
                 "type": "minecraft:noise",
                 "noise": "minecraft:ore_vein_a",
                 "xz_scale": 4,
                 "y_scale": 4
              },
              "when_out_of_range": 0
           }
        }
     },
     "argument2": {
        "type": "minecraft:abs",
        "argument": {
           "type": "minecraft:interpolated",
           "argument": {
              "type": "minecraft:range_choice",
              "input": "minecraft:y",
              "min_inclusive": -60,
              "max_exclusive": 51,
              "when_in_range": {
                 "type": "minecraft:noise",
                 "noise": "minecraft:ore_vein_b",
                 "xz_scale": 4,
                 "y_scale": 4
              },
              "when_out_of_range": 0
           }
        }
     }
  }
}